gsr_mean,gsr_std,gsr_max,gsr_min,gsr_range,gsr_slope,gsr_n_peaks,hr_mean,hr_std,hr_max,hr_min,hr_range,hr_rmssd,gsr_hr_ratio,label
14.378025730317793,0.6215121560866745,16.302939470222068,12.915307119600083,3.3876323506219848,-0.0014244976275371952,29,79.89001701189659,2.7672863675553807,88.91015885724119,73.20536289481261,15.704795962428577,3.7245106330021467,0.17997274363083424,1
8.598431077764621,0.9445909244208056,12.070419912652786,6.788054922553575,5.282364990099212,0.007052449731880453,30,79.95905206302454,2.9088574663737954,88.55158371640654,72.70022234467586,15.851361371730675,4.1809935418934385,0.10753542905250829,1
14.222829579813808,0.7205568546581962,16.796253277154953,12.985518853606932,3.8107344235480216,0.01681192783883937,32,79.95759799917315,3.07748839285677,87.1641194149779,69.21159336032375,17.952526054654157,4.203656903680115,0.17787964818654559,1
3.840586044995307,0.35643125033174233,5.201490864321807,3.150617508642622,2.050873355679185,-0.006226597703777766,36,61.79888076839792,2.3524429741082904,67.87537458810658,56.16775465079267,11.707619937313908,2.5795498453667998,0.06214652976066092,0
25.449886061918995,1.3461633804207207,30.0,22.822120853110487,7.177879146889513,0.017720215944857468,36,104.11493717258698,3.9136116597115547,112.51166032432558,95.95662115851063,16.555039165814947,5.564632368673721,0.24444029366594625,2
7.4281046552114365,0.59338485957677,9.086061261169805,6.244587751232823,2.841473509936982,0.006324895651006631,30,79.7448533712873,2.740719734687387,88.75389050727655,73.77012638470143,14.983764122575124,3.6425138747996595,0.09314838824116002,1
10.493194638385857,0.5503269258701087,12.575658189042686,9.50843762302786,3.067220566014827,-0.0038801768827125462,33,79.80197381116648,2.5600184094123835,85.2710994274834,73.1826644844817,12.088434943001701,3.7088100277439224,0.13149041315350474,1
16.37024346770112,1.4907437004408013,20.760730096685595,13.382201846498127,7.378528250187468,-0.020452908111685392,34,105.38156104933749,4.925952993401537,120.77055838562204,95.66702873398778,25.10352965163426,6.718610197274507,0.15534257748083963,2
4.305398033868532,0.41428263182781727,5.765409912006979,3.4389830318949675,2.326426880112012,0.010425498646171366,28,62.178176230382036,2.6427193433368372,67.91341980912837,55.618021126369136,12.295398682759235,2.554706744710692,0.06924291167166592,0
27.36975260040318,1.1344566376642438,30.0,23.89199897468101,6.108001025318991,0.0067446440173287575,32,104.84939151431782,4.854306636102299,118.35501296465341,89.87132871002086,28.48368425463255,6.947742829318578,0.26103873321598575,2
20.50941564916838,2.2565904268199444,27.79250389069639,17.01365256680137,10.778851323895022,0.028481414141320438,26,104.95306869389229,4.4410528967646785,116.26738645703269,93.8363155722581,22.431070884774584,5.9103444311086255,0.19541510990566022,2
2.930560201710867,0.4369959133362936,4.460976547058739,2.2579374769592486,2.2030390700994906,-0.008643567157315839,31,61.85834378932084,2.741380737642921,67.55256048840876,54.90271244651387,12.649848041894892,2.3463255689496276,0.047375341381859865,0
5.00901472795649,0.3025877957847011,6.07379755053603,4.467665425651243,1.6061321248847866,-0.006837295872199858,32,62.31150250532433,2.2186987845178234,68.13565730189072,57.598974975502706,10.53668232638801,2.616476398146349,0.0803866773577127,0
13.701441121367093,0.4950773827881129,14.882769785584536,12.616464968170215,2.266304817414321,-0.005270746842108507,33,80.49793533975968,2.643347173148523,87.96048103965495,73.87878078750369,14.081700252151265,3.5192928981537546,0.17020860092036488,1
29.96519145466037,0.19088554155304666,30.0,28.27571298262212,1.724287017377879,0.00047057141263003006,1,104.8418559247812,4.318481941891,117.72556153463466,94.00536243407329,23.720199100561373,6.341438815170803,0.2858132460984443,2
6.281454313869008,0.19205905590333683,6.72410978918448,5.735695684696186,0.9884141044882941,0.0010946320679905573,29,62.270390983130994,2.37582517659454,67.8206447665718,56.819928294698755,11.000716471873048,2.696014267146142,0.10087385214422048,0
6.692818565153471,0.4586060027109897,7.620756804067543,5.673323823756088,1.9474329803114552,-0.0036183575431858192,31,79.92645972670476,2.946214197789607,85.95041223439341,70.63075812290556,15.31965411148785,4.1619203418736985,0.08373720673105307,1
4.697868187496641,0.3503266952522915,5.781959887425276,3.958138178560947,1.8238217088643291,-0.004559020274846392,36,62.14426587993774,2.577263221290294,66.95098471552836,56.37309488181075,10.577889833717613,2.2205838677185854,0.07559616394820277,0
29.95000865393635,0.21133144088571235,30.0,28.535369600634983,1.4646303993650172,-0.0011438099111336722,0,104.16738734136845,4.63126236024766,116.05775331281724,92.95262991830505,23.10512339451219,6.36864715842967,0.2875180911302753,2
26.60256366334055,1.2939696722541691,30.0,23.2329191122315,6.7670808877685005,0.0003251376757914524,34,105.48625042933601,4.205230880835269,115.29206427652801,95.24279386482937,20.049270411698643,5.61880752662382,0.2521898664790576,2
2.6611225426040805,0.2856773783383281,3.464447186428981,2.006833791466122,1.4576133949628591,-0.0034134552052883667,33,62.13412536353906,2.5016754487384096,67.73700934683009,57.08195928664118,10.655050060188913,2.703762031993962,0.04282867883317749,0
3.9904235369005208,0.482160986683808,5.589670676536595,3.200521725638254,2.3891489508983406,0.0064061939654372225,33,61.44526335692942,2.6409493106868855,67.99564317570146,56.14037692495396,11.855266250747498,1.9700443006282702,0.06494273527282018,0
6.235939969483179,0.2434131466058191,6.95049426862394,5.51166142542631,1.4388328431976296,-0.006011602409049688,31,62.224822998896045,2.7378610954492846,67.88047376689185,55.17128419478825,12.709189572103604,2.3916388507909807,0.1002162733251574,0
15.294577567826707,1.4871503360150986,20.97296470910496,12.582941909785157,8.390022799319803,-0.01819050697154559,32,104.79160134959695,4.045053526960822,117.4893187215627,92.31182352385215,25.17749519771054,5.612647671291933,0.14595232084344145,2
10.02683126742366,0.59236255805761,11.767784278875531,8.770681225173082,2.9971030537024497,0.002093458956351196,30,80.30525922043286,2.698212937621363,86.84097448240036,73.09810185491558,13.742872627484772,3.5578144495430646,0.12485895992243401,1
30.0,0.0,30.0,30.0,0.0,1.3526773354174875e-16,0,104.46034168954189,4.156659065222064,117.14137266129002,95.95178358572483,21.189589075565195,6.213274824530599,0.28719032723414056,2
28.272355920031643,1.4279401248344503,30.0,24.678488135390722,5.321511864609278,-0.005852895742582598,23,105.20975631047739,4.469271069101919,115.91259154766885,93.03792198868162,22.874669558987236,5.874182527949689,0.2687237062680319,2
8.360196559648319,0.8313887189895055,11.030844494227901,6.689925417415771,4.34091907681213,0.01013799952703128,34,80.10558522339002,2.8005366960534417,88.1545642478124,73.02651043190721,15.12805381590519,3.5392941245426246,0.10436471354612253,1
3.6278679989349887,0.24226647736078394,4.528660831890863,2.9239509036054505,1.6047099282854127,0.0015200017856516926,31,62.41288627016894,2.8549164036724903,69.04155843661694,56.49528455423376,12.546273882383176,2.68856997788892,0.05812690547756434,0
8.754939215793488,0.5258155699985049,9.905697824999919,7.707022849486346,2.1986749755135726,-0.006189811252023144,35,80.07976542703597,3.1208308039503208,88.63024380292526,73.76338602023837,14.866857782686893,3.9991247956745863,0.10932773166578202,1
6.229937930801803,0.7848066432400175,8.738978032762077,4.592812322457788,4.146165710304289,-0.01350386490647561,33,79.93789578627546,3.2327171686738865,88.03121947781801,73.78692431973309,14.244295158084924,4.207343034596832,0.07793472409536076,1
12.695332364317633,0.5409330629251909,13.76734246553109,11.346891529312044,2.420450936219046,-0.0015900650121722225,33,79.68948840374787,2.8276724491006275,86.02258352697092,72.98095430477277,13.041629222198154,3.8006227646912807,0.15930999758320147,1
5.653536040541789,0.6159030819685226,7.651430934381399,4.874409191717876,2.777021742663523,0.015426726102031366,28,62.06350157823076,2.964743011852645,67.98967182812427,55.985884697583195,12.003787130541077,2.088568116131796,0.09109276476002193,0
30.0,0.0,30.0,30.0,0.0,1.3526773354174875e-16,0,105.43007434277422,4.546198692346693,115.92747142321106,93.46036738509949,22.46710403811157,6.596070160669767,0.2845487865057861,2
4.053900939251749,0.4894226270010759,5.589670676536595,3.302418778754015,2.2872518977825798,-0.005752107314615945,31,61.651428096448896,2.3782766118999064,67.99564317570146,56.14037692495396,11.855266250747498,2.1696259907123423,0.06575518197493418,0
5.802320366243091,0.20710562748773037,6.211284166611045,5.189854770258167,1.021429396352878,-0.003311902683961135,32,61.48355247915076,2.517112474920081,66.95402695620047,56.03439688641032,10.919630069790145,2.590766536664505,0.09437190985082984,0
17.07225752720816,1.667614936419866,21.03184206595679,13.701178477257706,7.330663588699085,-0.010350924433141522,29,105.9801720331044,4.0474370753966875,115.48309138902069,93.14147291690263,22.341618472118057,5.836892825312591,0.16108916449754615,2
3.9001119480607884,0.22220936684290812,4.379721885017798,3.227241071378991,1.1524808136388067,-0.0034865453938855012,32,62.287888780404835,2.5487148123286456,67.59371253987472,56.63265719351533,10.961055346359387,2.255523882448731,0.06261428925928593,0
3.7899438107315353,0.26963025784035266,4.352742643414172,2.9790317519573417,1.3737108914568301,0.00739823674196772,35,62.2486093471849,2.453324194276044,68.45402937641782,56.6072849703731,11.84674440604472,2.5044421442603535,0.060883990656073014,0
9.240963392569997,0.5491444324137805,10.693746933880691,8.00981896303131,2.68392797084938,0.006690240431191709,33,80.11342651046256,2.606028395880487,85.99124259908638,73.9953667036469,11.995875895439482,3.789893722613802,0.11534849624756295,1
3.3188991325308446,0.3040160494220431,4.064525665127424,2.595343654941014,1.46918201018641,-0.003984040806314302,32,62.478542844488246,2.4182653366893185,68.0737925693877,56.337744253634426,11.73604831575328,2.320302744255072,0.053120622349837825,0
2.7647253419548217,0.3407151187717491,3.700170400278092,2.0686196540370725,1.6315507462410195,-0.008949443429678844,28,61.58362952210675,2.426038617486105,67.76972029912585,56.60005466503337,11.169665634092482,2.563220288628134,0.04489383491222339,0
4.0975653840227855,0.38952104570600754,5.848684467115945,3.2486081930703135,2.600076274045631,-0.009811309802840182,31,61.71769650530634,2.504707745831816,69.12390171511232,56.74524916389363,12.378652551218693,2.2070469238002812,0.0663920649935213,0
5.485730891195304,0.35277880422976815,6.53458697890985,4.76026505464279,1.7743219242670598,0.007632823895710995,33,61.53584711776577,2.4769596108866274,68.31290166849762,55.531592989244075,12.781308679253542,2.54669642815665,0.08914691288071386,0
12.457952222411517,1.3648815067330038,18.175306151717688,10.906500534294644,7.268805617423045,0.016091164835134276,31,80.02089405628472,3.0855038048817236,88.81917387410978,71.31458629122523,17.504587582884554,4.018532075480779,0.1556837400237638,1
11.457791475131422,0.5493966967468519,13.026825518114336,10.359932753357262,2.6668927647570744,0.01234683781108481,34,79.61890609496831,2.6605250807376297,86.09796514459592,73.21011486696361,12.88785027763231,3.9819683544282696,0.14390792203998393,1
23.859021340302505,2.1262639506344265,30.0,20.22345638956458,9.776543610435422,0.028826525008690564,28,104.90250861013345,4.610117879517705,115.14622904063782,95.00458619852883,20.141642842108993,5.872725055990732,0.2274399480906008,2
2.4457328986225786,0.21442322572942846,3.091559134116405,2.0115015272763266,1.0800576068400782,-0.003996678857177892,34,62.32801934184142,2.4909504554797395,68.97490596108076,56.45808220749597,12.516823753584795,2.2687859569020987,0.03923970126451672,0
27.498444311819966,1.5381020515383879,30.0,24.391841442913314,5.608158557086686,0.004806577052351667,26,105.48376849215805,4.040515757409757,117.44079178814451,96.9209049142341,20.51988687391041,5.427178930583757,0.26068886658306495,2
12.383907325131359,0.6493769173873543,14.402224873604125,11.168458677156814,3.233766196447311,0.008662559612909754,30,80.08023700031144,3.343370511275946,87.27240031143526,69.90151029385129,17.370890017583974,4.654580884590132,0.15464373776065946,1
7.371417840928626,0.6459164117142866,9.492309541617503,6.093464162988615,3.398845378628889,0.0006411674955501137,32,79.75031035840944,3.272735408756693,88.53038905064365,70.95104525120053,17.579343799443123,4.168547058721825,0.09243121080493853,1
16.972676495394335,1.8752156281499617,23.014180083922458,13.97366926835265,9.040510815569808,-0.027165118164636726,34,104.5199829029262,4.3974131754813826,116.08335839370302,95.66702873398778,20.416329659715245,6.199864862124667,0.16238690307451492,2
3.28296352312355,0.256750910918365,3.8123227033800444,2.6740083898860756,1.1383143134939688,-0.006467364023937731,33,61.36783215938246,2.457855546434268,66.9457117019908,55.93473930612177,11.010972395869032,1.965745707380771,0.053496487558834745,0
24.073702217260855,1.735289739090944,29.22363920447511,20.545742688797866,8.677896515677244,0.011302198413797407,33,104.85531667461963,4.236141671206907,115.33996387082226,93.78527996014998,21.55468391067228,6.4425340592125115,0.22958971229255956,2
3.196922380348559,0.27355107794605055,3.736282099271809,2.627578872355453,1.1087032269163561,-0.006927374395702839,35,62.245401615635046,2.6742031105446054,68.00937790998546,56.23803212413157,11.771345785853889,2.6942619626172815,0.05135997593411892,0
30.0,0.0,30.0,30.0,0.0,1.3526773354174875e-16,0,104.81102121261107,4.928213360136196,116.56200515788939,90.37500392715337,26.187001230736016,7.084152042364706,0.28622943815149954,2
9.969636917253235,0.6495200322547235,11.767784278875531,8.56056640994716,3.207217868928371,0.013433109383523283,32,79.91389510258817,2.7869968975119273,86.84097448240036,73.09810185491558,13.742872627484772,3.8973985511047684,0.12475473482678,1
5.698036084445765,0.2758957890981464,6.158343081180811,4.834253686789835,1.3240893943909757,-0.006725879536666854,33,62.473935673380694,2.703808587300427,67.98291726071653,56.87991907254477,11.10299818817176,2.2497218011503857,0.09120661171450753,0
29.426769145522904,0.7458992829265932,30.0,27.059175974763274,2.9408240252367257,0.007865918728236691,19,105.26128698160294,4.609291307372176,116.4456949174629,94.59588549073736,21.849809426725542,6.2573277138581895,0.27955927302225275,2
6.639802401848884,0.6763497739264317,8.738978032762077,5.3458395754112376,3.3931384573508394,0.01150087373115768,34,79.65653813845715,2.8236847959915554,85.76718766186292,70.94534309236113,14.821844569501792,4.254143684136099,0.08335539647671278,1
5.558568698093283,0.34758252882075297,6.704962319819745,4.8716088194589275,1.8333535003608175,0.004091180923947446,30,62.34978278279192,2.282508635652135,66.93371705142027,55.471542687970526,11.462174363449748,2.173310640877856,0.0891513708765644,0
5.072655453291021,0.31516243149145884,5.835371563374973,4.2846992135823205,1.5506723497926522,-0.008314108979801376,32,62.17215560482476,2.786615297180437,68.40539789816054,55.69416234235328,12.711235555807264,2.201228253603832,0.0815904695977261,0
6.0221169408805535,0.2601300288011594,6.622611369735015,5.4288404104466315,1.1937709592883836,-0.0043714084714597985,34,62.22524379414556,2.6321772623577004,67.36650029785598,56.582820987559856,10.783679310296122,2.225781742654848,0.0967793210103553,0
3.3839861868074133,0.22582445686311253,3.9219745617073603,2.932225483133756,0.9897490785736043,0.0039977995480952495,34,62.44450921884251,2.471765928330192,68.3294159818816,57.233963501421385,11.09545248046021,2.758012289099675,0.05419189252902975,0
3.032419812150039,0.3919324889501662,4.460976547058739,2.2579374769592486,2.2030390700994906,-0.003999030346267893,30,61.30492284156553,2.4250950514114256,67.55256048840876,54.90271244651387,12.649848041894892,2.598533181918149,0.049464539259308556,0
7.940202585775918,0.3800984413914031,8.768473545569494,6.835605258721618,1.9328682868478761,0.0009129111506576444,36,79.84218258377311,2.7227417074961457,86.87488826334163,72.41903331234298,14.455854950998656,3.7606518067850336,0.09944871532032676,1
9.348936913865277,0.7112102708562693,11.754401018474672,7.829314937479317,3.9250860809953547,-0.0012866653607907146,30,80.41525110630012,2.9270728916755524,88.08183781904414,72.03843467602351,16.043403143020626,3.790938754710933,0.1162582553556757,1
11.098556346346054,0.5210334812773126,12.197697812698205,9.75437798203458,2.4433198306636257,-0.006995829353901823,33,79.83389760018,2.598036666356355,87.09095621512489,72.16630182522762,14.92465438989727,3.454511931992558,0.13902059827905025,1
12.153171356960028,0.7217740989756651,14.628461165838303,10.906500534294644,3.7219606315436593,-0.0167498750966338,33,80.06445194983617,3.201306921917927,88.81917387410978,71.31458629122523,17.504587582884554,4.434105100052651,0.15179234865408392,1
4.735460004464149,0.20400979680396406,5.304291473955178,4.104206359716991,1.2000851142381874,-0.003922652612015256,30,61.80856452494103,2.2214683342751815,67.2886287536804,56.1579525571743,11.130676196506101,2.298209883627323,0.07661494752783565,0
13.129195209089584,0.7552542363747317,16.97082684309976,11.903594299478156,5.067232543621605,0.002379567375998946,30,80.34772457831706,2.987996716704867,87.33817716799939,70.78086174093785,16.55731542706154,4.224880171679584,0.16340469023348037,1
29.135329143803425,0.9846089931509128,30.0,25.59720819776842,4.4027918022315795,0.010967784975026044,20,105.45215736824213,4.239702828698288,114.30376621796532,95.49922702998705,18.804539187978264,5.972797960764739,0.27628954774033143,2
29.927030014229146,0.2235177897303754,30.0,28.696802709741785,1.3031972902582147,0.000290494858980973,1,105.52913813304987,4.550307360694993,116.98868304518305,93.82290915983238,23.165773885350674,6.706159858298528,0.28359020323758644,2
15.798207711201101,0.8597347058338564,18.702105716741144,14.200918802504422,4.5011869142367225,0.003082099533082802,32,79.7391229721062,2.6355503603595714,85.25953243313784,71.85786900813363,13.401663425004202,3.803674261931272,0.1981236678337164,1
2.9977758361671545,0.23681397332564857,3.4854052192556915,2.4162562932063736,1.0691489260493179,-0.005494493918133724,30,62.110230505187545,2.7483717455610766,67.64412090196055,54.719447585869304,12.924673316091244,2.358851546317569,0.048265410762746486,0
5.146945069643945,0.18525436680595414,5.591408457492916,4.683462166938533,0.9079462905543831,0.0008514360477960259,29,61.78510612479141,2.5110820882834277,67.69119796721644,56.4056421307308,11.285555836485642,2.4050489256873298,0.08330397581488894,0
21.040961657272593,1.3780566484434875,25.272170833712217,18.503035652044765,6.769135181667451,-0.0013299997028098662,33,105.0508975651163,4.3684993181664264,115.5450618040573,94.89606649399943,20.64899531005787,5.696691956662926,0.20029301933319735,2
29.81150688449035,0.46252249904191906,30.0,27.395574162934185,2.604425837065815,-0.001544277071858882,9,105.04023059963629,4.279077051589266,117.47479210750103,94.70354354187447,22.771248565626564,5.936408667479268,0.28381036894623124,2
21.00265997713093,2.0192349643129677,27.26843556305815,16.684337801611935,10.584097761446216,-0.0252158026080708,33,104.8562483201029,4.581829457604038,118.97439041756454,93.14407851914211,25.830311898422423,6.3878817586849115,0.20029955404006927,2
25.82824885311519,1.4426884447002362,29.518668761458795,22.75565490615897,6.763013855299825,-0.010104006290575672,30,105.0380607231462,3.8497436724252374,113.62336671672712,94.70403732604643,18.919329390680687,5.185773945671141,0.24589418758689524,2
14.431226670911045,0.47844896213325055,15.465522022836739,13.378332258872422,2.087189763964316,-0.004790586593379791,32,79.86691621667798,2.4984258832570574,86.47998098190244,73.60002197556317,12.879959006339277,3.3046196890248907,0.180690919016685,1
14.898360277097861,0.7902852424672981,17.794451243950206,13.348765751097073,4.4456854928531335,0.008467926954820272,30,80.93473355238919,2.788110905231022,87.64018402659559,72.79800667178728,14.842177354808314,4.113299510190284,0.1840786945122323,1
5.605823383100764,0.23582785686407556,6.136677507077649,5.126894442231431,1.0097830648462178,-0.004172334645103906,32,62.75241286763939,2.435435165174923,68.62343006235812,57.535653140379,11.087776921979128,2.3822343818069407,0.08933239436692991,0
14.671712937190316,0.6829484121792735,16.796253277154953,13.032687495499214,3.763565781655739,-0.003207735378844922,28,80.38363722655933,2.405553209715558,88.02667723931316,73.06750496061028,14.95917227870288,3.380960103285582,0.18252113565497557,1
13.835231975261825,1.5903632389659341,19.103917565133376,10.91611190537177,8.187805659761606,0.008011182178242624,34,104.88624045712024,4.191786995295779,115.2945582637912,92.95474034150075,22.33981792229045,5.589490743087871,0.13190702405823138,2
2.998110770552051,0.22479772963306965,3.729375242266683,2.551591787774564,1.1777834544921189,-0.0016415450723854372,38,62.09077138061093,2.3259495612399754,67.51074245233393,56.78883941084008,10.721903041493846,2.2368086793805415,0.0482859313163943,0
25.991018321279615,1.5142445933837274,29.648005673947026,22.70862499634073,6.9393806776062945,0.01261652880498737,34,105.26688745082737,4.317320163410026,117.01698719066363,93.90476301589152,23.11222417477211,5.381068516630286,0.24690592363638286,2
9.550863251004396,0.44643162000625786,10.994904943448187,8.594056552772477,2.4008483906757103,-0.0008739715998823136,32,80.19343408305045,2.795398385466293,86.03080768306165,71.69438732425992,14.336420358801732,4.008276333348979,0.11909781943014748,1
24.43015623820752,1.2186160642791053,27.140705662390783,21.62572813079449,5.514977531596294,0.009272497418363546,29,105.28286271732505,4.347740876909476,116.07377354334592,93.54586191122044,22.52791163212548,6.204885573322096,0.23204304457181443,2
30.0,0.0,30.0,30.0,0.0,1.3526773354174875e-16,0,104.77742064786592,4.1765995871604416,115.13988516004513,94.49941900167605,20.64046615836908,5.9590656037695675,0.2863212276860893,2
3.956431238238522,0.19916049708092956,4.468806903544629,3.227241071378991,1.2415658321656382,-0.0029857605790231125,32,61.669514129513594,2.2136341465947997,67.59371253987472,56.63265719351533,10.961055346359387,2.469202301992386,0.0641553809840977,0
9.340974891922963,1.040434582754956,12.864711538766201,7.775127567585075,5.089583971181126,-0.006311798539123512,31,79.908788827331,2.9053829783974057,86.6882422301079,73.59883397767652,13.089408252431383,4.029767034041861,0.1168954618397699,1
23.263820415618014,1.3740925229489211,26.93586017794259,19.468200344784993,7.467659833157597,0.00522137646004583,32,104.79731327640157,4.204143335922863,115.33996387082226,96.36574804709761,18.97421582372465,6.030141545085672,0.22198870816727218,2
9.26131931239879,0.768564264975442,11.754401018474672,7.614375920798378,4.140025097676294,0.004606159597929354,29,80.06945488196459,3.075037650728523,88.08183781904414,72.03843467602351,16.043403143020626,3.9602505664454717,0.11566607029341479,1
14.138050190544364,0.7386559091963817,16.5125035796061,12.845467753695688,3.6670358259104123,-0.006148583597292136,35,80.56715987893377,2.5733546849948916,87.96048103965495,73.87878078750369,14.081700252151265,3.9237159908688777,0.17548154901212487,1
4.033953953893213,0.2247528742864951,4.705031674749422,3.5143220227851737,1.190709651964248,0.004131927885390463,31,62.31855127388616,2.451156991004795,67.9551666042115,56.723250869485916,11.231915734725582,2.0650552981294648,0.06473118849366456,0
28.79613478964039,1.1636021023512821,30.0,25.44133961896639,4.5586603810336115,-0.005354519772129038,23,104.88427766968627,4.168212256742717,113.75296383034573,95.63854067199506,18.114423158350675,6.018022124767287,0.27455148812462654,2
20.52719833194148,1.3929905014045136,23.4866240665941,17.53496209582443,5.9516619707696705,-0.010172081898961299,35,104.85200379718879,3.8814692451471706,117.31811598163361,95.72563149099697,21.592484490636636,5.387288705722067,0.1957730648226179,2
3.191867772057251,0.3332145228497066,4.028090904916306,2.640154801959794,1.387936102956512,-0.006315781254675454,30,62.337085431423645,2.1264320748758423,66.90248346816153,57.988495274810916,8.913988193350619,2.0345792742630797,0.05120335188537549,0
14.045183842082103,1.2879485586892438,18.461105315196075,12.194866352408544,6.266238962787531,0.0008356878477350412,26,79.75523732427371,2.9324819640751407,88.42024256132314,73.31678331638248,15.103459244940652,4.138123585382025,0.17610359065038889,1
17.25574525505085,1.4375419152345024,21.827353379218568,13.684145758998277,8.143207620220291,0.0022321065291949003,31,104.55683958963242,4.7441048871160545,115.40367412819718,88.14735164135658,27.256322486840602,6.545510590962133,0.16503698043800574,2
2.5955702915066454,0.2560390754705303,3.4047836434528658,2.006833791466122,1.397949851986744,0.00012604770282558,32,61.630078779413786,2.5902879221008823,67.73700934683009,55.7500449673066,11.986964379523492,2.6841593934201176,0.04211531610532882,0
5.046638949154821,0.19080609689439595,5.448339293547659,4.483998900954557,0.964340392593102,0.0001631627817222159,35,61.74524424788936,2.5492422580069705,67.67315589277781,56.07015205767655,11.603003835101262,2.1245441242647014,0.08173324000729158,0
12.157383410121431,0.7312504849979905,14.26978404542576,10.848602555015756,3.421181490410005,0.013599289452848183,29,79.69030940802553,2.9804398473831437,86.49722474956869,73.55561526443708,12.941609485131607,4.4317566288526065,0.15255786240352096,1
9.567650775542523,1.223780560055879,12.502774646790908,7.612828138449935,4.889946508340973,-0.007207812461955427,31,79.47595768418707,2.988569899000778,87.87013203051453,72.42213460567424,15.447997424840281,4.176277425804908,0.12038421346462035,1
6.120987550993813,0.23298801121670273,6.660170937361548,5.475026313563174,1.185144623798374,-0.0027257935287421423,34,62.41965006418721,2.7368812033700087,67.887885042871,55.96965212096848,11.918232921902522,2.618348685904145,0.09806186748303825,0
15.400073582764897,0.4278631098252097,16.357218248338235,14.310179506250515,2.04703874208772,0.0010180450041481232,31,79.64594032654007,3.2626926058075303,87.38784201654977,72.14254975949423,15.245292257055539,3.7253555463792334,0.19335666483777494,1
4.041442242647346,0.2750539465830108,4.944374258618398,3.3842997160934143,1.5600745425249833,-0.0026432108515810223,33,61.59580670714854,2.694282658059502,69.06525280911521,54.260226816507746,14.805025992607462,2.664895928243971,0.06561229397075206,0
2.8813652771191793,0.2995722285985415,3.5895514703183524,2.050362051247297,1.5391894190710556,-0.0061775268349502956,33,61.7325440293656,2.7513757814624027,70.35897654071653,54.76340193862997,15.595574602086558,2.3351456033281326,0.04667497955492586,0
12.690087684599169,0.5851810749901011,14.238733168262721,11.153985882015565,3.084747286247156,-0.001355756606202835,30,79.87823965666081,2.980874633724361,88.04190983032578,72.18831171990252,15.853598110423263,4.060138318471085,0.1588678916846046,1
30.0,0.0,30.0,30.0,0.0,1.3526773354174875e-16,0,105.31593720088937,4.322854308610146,118.21753331005354,94.31496003767691,23.902573272376628,6.136407817178477,0.28485716893843005,2
4.36569904781718,0.25239510316645836,4.953911735244346,3.817367813596108,1.1365439216482378,0.005295212359659619,33,62.402901158737244,2.5365409657701368,68.66418906026298,55.74904784931355,12.915141210949436,2.4348840504011378,0.06995987200582343,0
30.0,0.0,30.0,30.0,0.0,1.3526773354174875e-16,0,105.63713144545605,4.469756138419231,115.09147018033434,92.92702376131895,22.16444641901539,6.259033107813446,0.28399104846479994,2
14.339498113529977,1.3343054821257851,18.364922835081906,11.600574043491992,6.764348791589914,-0.013717192244107501,32,105.07290141743282,4.229551190853757,115.689970845724,94.96420764690063,20.725763198823373,6.30000768860878,0.13647189507112054,2
4.375714701004578,0.3526995155211572,5.688319284188428,3.746525413483581,1.9417938707048474,0.002271560879263021,30,61.920921036287574,2.345981840659035,67.8209606136103,56.54604562572035,11.274914987889943,2.293672219024242,0.07066617480986918,0
16.458600917612195,1.1053908886427917,19.652202408454514,14.021154450132409,5.631047958322105,-0.0003912059621448845,34,104.86234131335563,4.490718044726595,116.86788004426187,94.66388579250233,22.20399425175954,6.006886314163516,0.15695435133834476,2
2.6769786307458685,0.18635102137816573,3.05770896537439,2.237831124472669,0.8198778409017211,0.0003891621042451725,32,62.405425293394636,2.4317606815557418,67.46501561961728,56.978515582911655,10.486500036705621,2.0251399297639483,0.042896568291357316,0
3.6553758622054486,0.22165009204297823,4.11532978577798,3.0869657177325753,1.0283640680454043,-0.004030993312121292,32,62.399941395163715,2.4964601877536783,68.32977527792664,56.729571752586054,11.60020352534059,2.240206000154195,0.058579795459695126,0
9.164630694473992,0.8341190967604291,12.994352472320903,7.408538186896983,5.58581428542392,0.0017475871708124804,31,80.37674143596861,2.912879248260253,87.58514384308846,72.03843467602351,15.546709167064947,3.625458840648297,0.11402092715781446,1
15.829172354300873,0.6232628057565431,17.865719790002238,14.5407089259487,3.3250108640535387,-0.00866283761315978,34,79.66789573918655,3.0344216893387057,88.84288975005452,71.31409884514538,17.528790904909144,4.47234514088299,0.19868947219884267,1
30.0,0.0,30.0,30.0,0.0,1.3526773354174875e-16,0,104.41958961878915,3.842434726940953,112.98801722676262,94.59418037249246,18.393836854270162,5.680197487404059,0.2873024096553184,2
9.302374287633096,0.5486835532342856,10.956667830479141,7.980477489356111,2.97619034112303,0.007311150500172653,32,80.5119342444311,3.0614927956701274,91.22462745755405,74.14193136986442,17.082696087689627,4.297741960507049,0.11554031410860328,1
5.456776047026749,0.25948705842248493,6.048970820934983,4.644583615028318,1.4043872059066649,-0.0014040058459160699,32,61.684259929998795,2.658176207317661,68.7234888359096,55.92900618608405,12.794482649825554,2.2591852030231503,0.08846302062724343,0
14.463982662570645,1.3507858123828458,20.189282177392446,12.80581265599308,7.383469521399366,0.008612028953172004,33,80.49225445366586,2.826536995804636,86.11546853316649,71.98246700210679,14.133001531059705,4.03157257231776,0.17969409082960305,1
8.597649359699234,1.0454262878536875,12.991310678290978,6.972243612919868,6.019067065371109,0.017575620063232798,28,79.91114958810886,2.6421093359932986,87.7820512849518,72.70236809753291,15.079683187418894,3.5677069374550334,0.1075901084695257,1
17.34387264375226,1.4219635449140107,21.827353379218568,13.684145758998277,8.143207620220291,0.0026260203400618716,33,104.68544909395274,4.673603075812389,115.40367412819718,88.14735164135658,27.256322486840602,6.335025269832117,0.16567605744816055,2
16.126280420086047,0.484403107649987,17.206085618998245,14.90441298728043,2.301672631717814,-0.003233890966983222,32,80.24149691483639,2.983011965607875,87.44170249332208,73.23909229558654,14.202610197735538,4.133580612589247,0.200971826787201,1
6.3091300964025185,0.2930630169018369,7.148415758805472,5.598314225775494,1.550101533029978,0.003725438499394516,31,61.60756402390527,2.6848342995037315,66.3411490439507,55.47674005704748,10.864408986903214,2.3807054071343936,0.1024083664717867,0
5.417644716755805,0.22347700623309838,6.149348429981464,4.814378204044749,1.3349702259367149,-0.00019364801732165107,30,61.524119472891336,2.3915918858799867,69.20919542033468,57.05995964655236,12.149235773782323,2.3866928273492376,0.08805724771218663,0
6.153369450192713,0.25943717534512334,6.955336482501331,5.624984773414814,1.330351709086517,0.006203959978165954,30,61.7551636436895,2.4842390987483167,67.83974867774579,55.65405741559301,12.18569126215278,2.4349734188057988,0.09964137389473385,0
22.447650673633966,1.4788688925571836,26.197734516237563,19.498987974031543,6.69874654220602,0.01787439898919638,31,104.46506276914046,4.247919912524847,113.20383420963387,94.06364019051114,19.14019401912273,6.200133478013026,0.21488189317762255,2
9.73178468442628,0.5319676155416563,10.9458735470037,8.664995648569105,2.2808778984345945,-0.005277066226756521,33,80.36901275072165,2.7213750519757616,86.41779193543562,71.64921944226823,14.768572493167383,3.4478685852270106,0.12108876580980685,1
14.17192615815005,0.7411020897763021,16.918918171038936,12.985518853606932,3.933399317432004,-0.008210678671192273,33,80.57396096160362,3.1723515074005686,88.26707663176249,69.21159336032375,19.055483271438746,4.491342616582456,0.1758871701617885,1
14.484856233031058,1.0182417581675303,19.480117047996135,12.935190635906526,6.544926412089609,-0.01282965091385111,32,79.54553148304025,2.830275553138214,85.07114841750158,72.7292970111407,12.341851406360874,3.9928004748355788,0.18209515708653212,1
6.363030892774302,0.22889596094728987,6.955336482501331,5.913618833969879,1.0417176485314519,0.0039536815194544835,31,61.71793626644635,2.780832678741661,67.83974867774579,55.59445923872831,12.245289439017476,2.5401643198637625,0.10309856703901274,0
4.240399118133688,0.4640086406963848,6.2135080676329855,3.5478051955113292,2.6657028721216562,0.00853638994924573,27,62.18240165361407,2.6770489775280435,67.19088874850081,56.573924997419624,10.616963751081187,2.341670380143449,0.06819291209692802,0
3.275534480017241,0.27711149710201516,4.064525665127424,2.595343654941014,1.46918201018641,-0.0010933740583652805,33,62.27307868342425,2.6462831472026975,68.85458908763519,56.337744253634426,12.516844834000764,2.2814957937529017,0.052599526098098495,0
13.802488154831693,0.5815778209366497,15.149315027890518,12.616464968170215,2.532850059720303,-0.00934193536535299,33,80.59762382477976,2.664751281644155,87.96048103965495,73.87878078750369,14.081700252151265,3.7752544425678685,0.17125179786424816,1
7.051068485305049,0.8712144886909371,9.42095369584156,4.916818785639139,4.504134910202421,-0.0002546769904815002,31,80.30764271744417,3.2192549257678986,90.56438219042626,72.46247683218037,18.101905358245887,4.132816750582951,0.08780071433939282,1
21.59727159365028,1.340424090154696,25.765353788800486,18.64247596433847,7.122877824462016,-0.014180977339942441,31,105.34581817672863,4.601717554756438,115.12650475501738,94.59097036460238,20.535534390414995,6.61909078453005,0.2050130870159982,2
26.111970605588635,1.3752777430743737,30.0,22.70862499634073,7.291375003659269,-0.0027849168930346685,32,105.37954831086334,4.463786747030287,117.64515871426671,96.23244904592697,21.412709668339744,6.155075530210609,0.2477897350705106,2
9.128704148205266,0.8597944019550445,11.754401018474672,7.5188481230837905,4.235552895390882,0.013271836917623896,27,80.5390929214755,3.1741871687720513,88.08183781904414,72.03843467602351,16.043403143020626,4.299297986533112,0.11334500680012152,1
20.721277452726813,1.0206283365878392,23.578604010403506,17.231546693069227,6.347057317334279,-0.010392245168716919,30,104.87393098692507,4.170767344439606,117.22863951536175,96.03662710378467,21.192012411577082,6.268257623494809,0.197582726804886,2
29.983632440281315,0.08668760205177109,30.0,29.41374123362534,0.5862587663746588,0.0006829474001562416,1,105.26673460379762,4.378435483465358,116.32577317477994,94.79500822561226,21.530764949167676,5.538467269669293,0.2848348271493243,2
18.88682755689098,1.5309572218135241,24.688331627802768,15.957457919055628,8.73087370874714,0.02160658091402161,33,105.61785152815314,3.9180527962509695,116.48507830286417,96.46321140708585,20.021866895778317,6.1048169612826655,0.1788223023362132,2
4.556316567266108,0.22822322958442046,5.08430369917589,3.940739844908445,1.1435638542674447,-0.0005159009868671139,30,62.61857997584898,2.410013229754442,67.37151236135709,55.04282575297653,12.328686608380558,2.5823111419753846,0.07276301213250758,0
16.682388908658755,1.104390554093398,19.17871127371202,13.361076172522235,5.817635101189783,-0.00791727770306009,35,105.06970345212174,4.505196461251156,119.31405140097876,93.09212572414768,26.221925676831077,6.081528823176491,0.15877449161628318,2
22.73156374584104,1.2315409608246772,25.1693130123681,18.892414634054226,6.276898378313874,0.0021184231218730667,31,105.17916119816047,4.354089461868039,115.08411313557761,95.46516029865802,19.61895283691959,5.8579450554777255,0.21612231235512355,2
13.601119057820071,1.307774441553405,17.548837198005945,11.18296005730983,6.365877140696115,-0.003266971516734811,33,104.98649802149055,3.9362849189963605,114.81099745811635,96.7941373408632,18.016860117253145,5.649800718882953,0.1295511249978528,2
3.8135031662955483,0.22154818090046952,4.37569028234992,3.3162478529169874,1.0594424294329325,0.0008088072642716349,31,62.458656447268574,2.443705974650321,67.30391488656267,56.690468985129826,10.61344590143284,2.4041529509060453,0.06105643832506553,0
14.780588369891229,0.6958625467284978,17.28975423726482,13.46455400727188,3.825200229992939,-0.010431518443925182,31,79.94341168409903,2.602838527798513,86.47998098190244,73.60002197556317,12.879959006339277,3.4767759213163103,0.18488813366396514,1
30.0,0.0,30.0,30.0,0.0,1.3526773354174875e-16,0,105.36878350631416,4.423809527890573,116.21884359525961,94.23423410209472,21.984609493164896,5.461832921608056,0.28471430263298014,2
6.667154958672834,0.43159897569922945,8.001257320200008,5.824986877446528,2.17627044275348,0.010276232858117983,28,62.23427823890233,2.452281634454042,67.09149994369258,53.871355799136076,13.220144144556507,2.38089440363964,0.10712994575030331,0
16.757564999264865,1.2223586343611617,19.187320285918865,13.361076172522235,5.82624411339663,0.008038442081555323,37,105.23918406812138,4.173858886326064,119.31405140097876,95.47098308936388,23.84306831161487,6.089313012665587,0.1592331315414281,2
4.049315938191085,0.5811207657117559,6.391691745245265,3.304668445094825,3.0870233001504404,-0.0020944503837657595,32,62.22546823734648,2.3353164966643707,67.24261603791733,56.79746323437627,10.445152803541056,2.460416827892248,0.0650748959842438,0
14.945249529393495,0.9198412124475498,18.88268130187318,13.36575808757095,5.516923214302231,-0.008391773550809476,31,79.81460852068855,3.067370300229626,86.8107865301843,65.414834001949,21.3959525282353,4.08216847633115,0.1872495476598125,1
3.114382039643311,0.26009224936952036,3.7516146585390002,2.5745548248215324,1.1770598337174678,-0.004198457862173285,30,62.03748895691313,2.331537622866145,68.20704596411151,56.49564089704971,11.711405067061804,2.5314035346486103,0.05020161263465594,0
29.852813010874698,0.35266748768160733,30.0,28.536330496345926,1.4636695036540743,0.0005862840586658033,7,105.36318661914751,4.415169584625583,116.98868304518305,94.36972106756342,22.618961977619634,6.432977780360682,0.28333247774149145,2
12.292101415749837,0.6344975560351983,14.250442798934328,10.691226418966352,3.5592163799679764,-0.004449206341073814,33,79.61660003813233,3.078841689140779,89.3163210688702,69.40708537188505,19.90923569698515,4.173424616293221,0.15439118544965943,1
29.991344813602094,0.04472410300611758,30.0,29.65246465643185,0.3475353435681505,-0.00012152783680934545,0,104.77449670938081,3.4496644733887645,112.02790252316098,96.35557535928226,15.67232716387872,4.389084365529179,0.28624661028479326,2
13.185605544053383,0.738703892459237,15.97181899250535,11.690688859113191,4.281130133392159,-0.0003893934324739393,30,79.73134382332081,3.0990567663656976,87.94800254233127,73.19165238297862,14.75635015935265,4.1914261029632405,0.16537543137233895,1
15.170053479186823,0.8393987654334913,18.25185644524706,13.613550350647,4.638306094600061,0.00036497340604460516,31,79.70602138310794,2.8275796278802154,85.42400406068988,71.96794124668682,13.456062814003062,3.8630459656673555,0.1903250598338954,1
3.407425753290068,0.2624627988016654,3.9937383438964393,2.6856340138495662,1.308104330046873,0.004155118272124197,33,62.326863367251725,2.767150701779347,68.13525102377503,55.104119114925936,13.03113190884909,2.6490013854922916,0.054670257967933726,0
4.560975348264355,0.20634922328222147,5.0409379716268665,4.041553285156,0.9993846864708669,-0.00010297778923232586,30,61.34633021910343,2.6968233290561616,70.02476028681973,55.58759970034527,14.437160586474455,2.6253935603013496,0.07434797252951378,0
13.65265171139965,0.4945824045749363,14.953705372375413,12.609359366523854,2.344346005851559,-0.008221667193120409,35,80.20875213746973,3.2301785066226616,87.09903357308791,71.80045136096035,15.298582212127556,4.110182806276833,0.17021398759310447,1
9.622582966920017,0.5454408208139621,11.603252414805173,8.359040381789661,3.2442120330155113,-0.0009339824531150354,33,80.25642158841771,2.8202854640509436,88.88929740660012,72.9807488199163,15.908548586683821,3.664345128937259,0.11989798020611887,1
2.717659668663502,0.3052627446750531,3.4162300625279873,2.0686196540370725,1.3476104084909148,0.00837896541902039,32,61.833645234383646,2.5089849374958284,66.96045142990823,56.057121780548115,10.903329649360117,2.285342142424867,0.043951146894395846,0
28.363789433879415,1.1897140136607776,30.0,24.85065878549314,5.149341214506862,0.0065261556176835905,29,105.3960797279511,4.581678116367285,115.29790503503429,93.24806780238599,22.0498372326483,6.143094906918983,0.26911616862767573,2
20.084134739366256,1.1275605714239179,22.771710760760623,16.7599860757141,6.011724685046524,-0.005952434503628364,35,105.5171469151501,4.3627637742858125,115.77719684801457,94.60945658997707,21.167740258037497,6.317315862752056,0.19034000763095482,2
4.718565635781091,0.331908121906611,5.402895469019888,3.760347909445373,1.6425475595745147,-0.008853000187894105,32,62.4186261663385,2.6864093564979283,68.12762222980395,55.01492062428102,13.112701605522929,2.37351006420374,0.07559547285791232,0
30.0,0.0,30.0,30.0,0.0,1.3526773354174875e-16,0,104.57596367619198,4.392528238371768,113.36226866596877,93.02196199022573,20.340306675743037,6.012788841087998,0.2868728019186026,2
29.744662852354594,0.5764517624425111,30.0,27.435178075298722,2.5648219247012776,-0.0023555908705177567,12,104.4172940356369,4.396155585430832,115.23678258480497,94.24294231663713,20.993840268167844,6.187900084739118,0.2848633728943366,2
11.36685317192348,0.8080691413999636,14.377466161273476,9.676864102084833,4.700602059188643,-0.01151378259918301,24,79.99182026262758,3.2640334373339823,87.514260865057,72.85006734331904,14.664193521737957,4.548299591171768,0.14210019215094566,1
5.880888938556728,0.561435389352127,7.892523278217396,4.909396008774116,2.9831272694432807,-0.006920942986269767,28,61.44203592931168,2.237425929541533,66.87880139045635,55.73845191042866,11.140349480027687,2.439318124118115,0.09571442016680892,0
29.942085850042414,0.21260601339424123,30.0,28.823197021970483,1.1768029780295173,-0.0006616914426938425,1,105.45871052466455,4.504954188264831,115.53404204622805,93.12895293763722,22.40508910859083,5.930392694802556,0.2839223561255022,2
8.389983522884622,0.482645355736055,10.04999248134011,7.318463171855212,2.7315293094848982,0.0015042186498006277,32,80.11071035911155,2.796741763984715,90.92596192506218,74.75168283002083,16.174279095041356,3.7648391909205583,0.1047298592228812,1
20.46469513039332,2.2069236983283216,27.43662593858947,16.182700178924907,11.253925759664561,-0.018345471887251347,28,103.97119214777751,4.4010752906906845,116.18752793253492,89.6249516092967,26.56257632323822,5.982442075251047,0.19683043457341312,2
14.38389680884946,0.8983686361388042,17.540736053644125,12.551078924356078,4.989657129288046,-0.0011245496215594756,30,80.38480952880977,2.9899421867933325,87.25550644797221,73.26671128710679,13.988795160865422,4.26945463211556,0.1789379948055522,1
4.565140017802152,0.3494382926344829,5.752576659097807,3.760347909445373,1.9922287496524338,0.004533440129685677,33,61.706956521332465,2.6875843771004377,68.12762222980395,56.04287815803356,12.084744071770388,2.5313338447621847,0.07398096099980227,0
13.700569994866482,0.6982088323639714,16.186128557505516,11.955089836278466,4.2310387212270495,0.004761274422334063,32,80.08195933792658,2.8076604563932626,85.82723803487048,73.8551656379509,11.972072396919572,3.832088716250169,0.17108185085696428,1
4.329473408555829,0.2844245676617536,4.996007179557861,3.72773229205814,1.2682748874997207,-0.007351541186535913,31,61.835499374895214,2.658294283563774,68.59671155815398,55.903945398553304,12.69276615960068,2.3271612136483406,0.07001598405943467,0
29.265673768892526,0.8605300116128282,30.0,26.99736498846965,3.0026350115303515,0.01051188830637206,23,104.93206105351223,4.325161527246998,116.00109990409703,94.59588549073736,21.405214413359673,5.925406910413387,0.27890115943750254,2
15.000062213409164,0.7561887332255978,17.28975423726482,13.46455400727188,3.825200229992939,-0.012683729850867497,31,79.50281096283409,2.8433527492719906,86.47998098190244,71.71554341919204,14.764437562710398,3.5982493632694714,0.18867335435155905,1
30.0,0.0,30.0,30.0,0.0,1.3526773354174875e-16,0,105.12948262366794,4.449487116159774,116.4838153344993,93.88628289577704,22.597532438722254,6.355954361586846,0.2853623832814685,2
3.0298200249814227,0.3344793511589955,4.184508886910517,2.363560332056759,1.8209485548537576,0.0013452558295802797,32,62.46154658295878,2.215453144545172,67.55044382525885,56.6760992854328,10.874344539826055,2.324430416328058,0.048506963759701024,0
3.442007006091331,0.656740163163796,6.483753780540865,2.6740074371456934,3.8097463433951715,0.0157003518829776,32,62.00348316695398,2.2925981101229294,66.73182241720379,55.29066917393423,11.441153243269554,2.126887516481209,0.05551312240491509,0
3.4674106013203287,0.26027840504363187,4.064525665127424,2.9227383996215086,1.1417872655059154,-0.002971697013177646,32,62.350290584393754,2.7856537494309044,68.0737925693877,56.17147812275066,11.902314446637043,2.438393956693626,0.05561177844095632,0
21.00929131829571,1.7590262747328733,29.456435960073318,18.21887552289587,11.237560437177446,-0.009776675666810428,29,105.88050739741816,4.491462689607842,115.15591315057443,93.01285974314565,22.14305340742878,6.295255282714406,0.1984245413654248,2
10.606199778106738,0.6110305247018434,12.040987331541396,8.823048148268615,3.2179391832727813,-0.0014355823823361995,33,80.11174254412246,2.88745197431598,87.1761804671759,70.13497173634575,17.04120873083015,3.632380545430243,0.13239257203614913,1
13.24724433781165,0.4864889509661312,14.226469935740694,11.77058076229161,2.4558891734490835,-3.069228154551248e-05,31,80.41081028914662,2.7127204952771424,86.22939590466544,71.14576688875164,15.0836290159138,4.065964950463452,0.16474456762009668,1
5.673564202469624,0.2266874159536659,6.16228589062105,5.133386523330825,1.028899367290225,-0.004207162441710208,33,61.70895345048981,2.594658461009955,67.15249622561774,56.135393876132966,11.017102349484773,2.6220540097519627,0.09194069568982287,0
6.58217342487226,0.650920453412645,8.76155942993471,5.312774661971609,3.448784767963101,0.004142467811905765,31,80.40557731369948,2.966575520885386,89.48957553614584,73.98820122919186,15.501374306953977,4.133706444652084,0.08186214890703412,1
15.424921216884389,0.4551478570676606,16.3916055101801,14.310179506250515,2.081426003929584,0.003591837323968324,31,79.9842584768513,3.1672913788778487,87.11873520869015,73.60660513933266,13.512130069357497,3.7712299902451503,0.19284945960334363,1
4.625225728986553,0.397503639974917,6.169971952397169,3.994709781720332,2.1752621706768367,0.009647539768401776,29,62.564603301536344,2.5476896085344785,69.58174523454927,56.89106266886888,12.690682565680397,2.570399039495074,0.07392719542658364,0
6.456945971918604,0.6100779756689333,7.886990325262543,4.986863374282621,2.9001269509799217,0.005437761940238097,33,79.45945169452808,2.6162420220522318,87.26762669297564,74.80252603215942,12.46510066081622,3.5006476169289256,0.081260891598908,1
28.32926454504899,1.2925807105468656,30.0,24.744637865071137,5.255362134928863,-0.004772866016899816,26,104.96242344730535,4.803897874216463,121.77931911271858,90.95670454634933,30.822614566369253,6.518860814933505,0.26989910622035246,2
4.117170780260369,0.2942661851824778,4.793946806467893,3.3811400348597074,1.412806771608186,0.007217946342007391,34,62.3908596831901,2.1440933462414606,66.209798212837,56.448669576588564,9.761128636248436,1.9295386170792042,0.06598996608119646,0
25.902981278339986,1.4124553540621507,29.648005673947026,22.718248491209106,6.929757182737919,-0.0012818011529376204,34,104.87781702419456,4.2405729710338775,117.01698719066363,93.90476301589152,23.11222417477211,5.181869399165423,0.2469824579337106,2
5.880037898185499,0.2526859253199248,6.421923924638594,5.219833950375566,1.2020899742630275,-0.0011823289283297855,33,61.614531216667835,2.643603107992392,67.36650029785598,54.87101958445504,12.495480713400937,2.2016784722536276,0.09543264692018295,0
3.378159727116329,0.21727708882799268,4.041215087718704,2.954329429437056,1.0868856582816475,0.0045227100887082865,31,61.93069178689211,2.80016561528796,67.4987369957342,56.26873557460887,11.230001421125337,2.1375651625238845,0.054547423500344416,0
8.715328889532946,1.1356341827041,14.063280412031194,6.998508794386887,7.064771617644307,-0.010009960455719719,31,80.3962384970242,2.8684569890096028,88.1545642478124,73.45252128277295,14.702042965039453,3.740292491585542,0.10840468340382435,1
16.00108625110938,0.5219915783972319,17.194705999711005,14.615267314090227,2.5794386856207776,-0.006581317423682567,33,80.36903322799431,2.902526695119735,87.44170249332208,73.23909229558654,14.202610197735538,3.9717334459813562,0.19909516650053075,1
3.49866504051051,0.243307837277246,4.094108373732324,2.9221986794176793,1.1719096943146443,-0.0045720313603223334,36,61.69813733176247,2.4420692361171312,67.61028241509587,54.48018214740317,13.130100267692697,2.69490426520965,0.056706168696655505,0
29.624163783235748,0.6101969437809582,30.0,27.085839883500363,2.9141601164996374,-0.0003939418508778361,13,104.65787987596985,3.5318797682428786,114.80518811158838,96.27749219315666,18.527695918431718,4.878478819632414,0.28305717195194663,2
15.819224945710426,0.8321990384846173,19.31867004799888,14.265198856544671,5.053471191454207,0.005171671295905678,33,79.86326976416686,3.083607879775658,87.47324848785692,71.22686599010649,16.24638249775043,4.531275685342542,0.1980788514462923,1
9.918056130704706,0.6408398883491601,11.767784278875531,8.359040381789661,3.40874389708587,-0.009587567925366369,32,80.42407488216868,2.783974532271697,88.88929740660012,74.15492453940388,14.734372867196242,3.5094262604982434,0.12332197817524067,1
17.75283349913248,1.5789758430477203,24.254841773841626,15.185401829328557,9.06943994451307,-0.003536721151602047,30,104.45406755385517,4.581169863648691,114.47998181768293,90.91870338383079,23.561278433852138,6.133205440083638,0.16995827682843534,2
17.712730515309786,1.4953832372187683,24.254841773841626,14.903495496754362,9.351346277087265,-0.013164893933919836,29,105.0623706795381,4.3174679479982325,116.55192891465538,92.39118766858863,24.16074124606675,5.872556468111004,0.16859252491783897,2
4.723953066617359,0.24676014405460348,5.404453810328673,4.217353882744281,1.1870999275843914,0.00615817343755779,31,61.800606221913256,2.2746091116792595,66.6589405097979,56.14987427381256,10.509066235985344,2.597944250444325,0.07643861895490146,0
18.7571869892357,1.9307351197196927,26.89561367120878,15.491715910807729,11.40389776040105,0.00796552718585951,27,104.51200176686761,4.24027115318298,114.14194540471823,92.13598111719942,22.005964287518808,6.214290247127209,0.1794739981308836,2
15.840386380924233,1.387454620007618,21.35468840205485,13.007891289435824,8.346797112619027,-0.012185291915418502,30,104.29959408642193,4.316821262532538,116.08923128404477,93.57743712794377,22.511794156101004,6.064671719628642,0.15187390102328774,2
13.965554332084876,1.4439860394366184,20.035076110669344,12.187002504032836,7.8480736066365075,-0.006925414984213319,30,79.89343957613647,3.077662061062691,87.34187631200034,72.13575814435372,15.206118167646622,4.3365512340881045,0.1748022645085118,1
9.074669910533059,1.0193245076912034,12.864711538766201,7.262103440098227,5.602608098667974,-0.016528820791854772,32,80.07856587905123,3.13215506978097,89.24261459462342,73.49897905600592,15.743635538617497,4.28835528681182,0.1133220818529286,1
16.879882535845685,1.976972946918512,22.488421848937016,12.362148221939814,10.126273626997202,6.30648875929948e-05,34,105.00868179658438,4.0095433037586306,114.48267832907347,95.83215713568077,18.65052119339269,6.028877026668789,0.16074749331485508,2
5.823476573683937,0.3085243054426779,6.498956669583154,5.126894442231431,1.372062227351723,0.007719952981391135,34,62.306467897196065,2.3032200732557366,66.33154703069843,56.84680690475572,9.484740125942714,2.3087964367230818,0.09346503945348775,0
3.117563109118114,0.23594596993622127,3.706618193840835,2.5295689034811355,1.1770492903596996,-0.0007088223316523308,35,62.23964415883239,2.536253366646092,67.11465540954036,55.21534375850551,11.89931165103485,2.3487222379205255,0.05008966714322122,0
2.7917513587276463,0.25466415760390354,3.573225762582868,2.225094308284595,1.3481314542982727,-0.005238352839239686,32,62.43425052898011,2.7613243787840513,67.84098178719918,54.86259452621534,12.978387260983844,2.6267283275427316,0.0447150608898034,0
4.0632925972599265,0.25885086094698445,4.6907429859055645,3.5143220227851737,1.1764209631203908,-0.004978301629515017,30,62.30621523506025,2.046857432058113,67.1980174221007,57.696074315645184,9.50194310645552,1.8923220224294253,0.06521488292485135,0
14.042822019166042,0.6344638395632533,16.302939470222068,12.814433433159094,3.488506037062974,-0.00975416718655293,32,80.62389070174237,3.241544163693811,91.51514132222468,71.72754694846577,19.787594373758907,4.596944458531422,0.17417693096626546,1
18.60902493620167,1.4554487961770732,24.058907703666943,14.971604264293976,9.087303439372967,0.007740518942941939,34,104.68677414416676,4.725494862450832,116.52373401053205,93.88625877391189,22.637475236620162,6.440666111786253,0.17775908094002055,2
9.724383852452382,0.8289679989506209,12.327334598750626,8.273297187003584,4.054037411747043,-0.007141119160693201,31,80.32443450996735,2.530837597704078,86.89563362230069,72.5214107483423,14.374222873958388,3.736041268209256,0.1210638305854723,1
11.664331424755085,0.6124411054205866,13.260096367154533,9.792402565092596,3.4676938020619374,0.01125931599386322,35,79.45854671855378,2.808256586716858,87.18000021391674,70.91944922698303,16.26055098693371,4.289009345876779,0.1467976921258458,1
5.6110812345866625,0.27261635290647035,6.1796236097962405,4.93869815802841,1.24092545176783,-0.006781724228726848,32,61.52840850431503,2.6729276568104363,69.10148686275909,56.03439688641032,13.067089976348768,2.6907609023249277,0.09119496635441476,0
30.0,0.0,30.0,30.0,0.0,1.3526773354174875e-16,0,104.9304501510309,4.300290232195864,116.42412566351726,93.77322806550677,22.650897598010488,5.806429992164393,0.28590365971856646,2
10.39032894280227,0.5761743445294437,12.575658189042686,8.961973427531248,3.613684761511438,-0.008444634831536593,32,79.88019848388508,2.680535328429672,85.2710994274834,73.1826644844817,12.088434943001701,3.9094318822747884,0.13007389828687646,1
4.335253141486617,0.24490527414372595,4.842031777810278,3.8298652480940576,1.0121665297162203,0.003659956458111713,33,61.66079421764087,2.433098833370864,67.6842991653491,55.81121287859274,11.873086286756362,2.6763832837622608,0.07030809651715814,0
3.3719489985671522,0.37981809295982927,4.921909668615403,2.8515310396843754,2.070378628931028,-0.003619354756823517,33,61.77021865079224,2.743455303637289,68.33144220319842,55.67507392051718,12.656368282681242,2.5898485028762095,0.05458858682436149,0
19.69758781402465,1.7942170376092363,25.440244526210808,15.80742648295892,9.632818043251888,0.016483892847827492,30,104.99113175196364,4.128743607409025,117.36163545744284,92.56313074440361,24.798504713039236,5.749882817439929,0.18761191824226936,2
6.513099215036777,0.8337891465499521,9.240533849752651,4.986863374282621,4.25367047547003,-0.007199875997292931,33,79.22952608142296,2.5129923836412846,87.26762669297564,74.6651899823841,12.602436710591533,3.0536090652081813,0.08220545363527623,1
3.073478680089882,0.3180663787774884,4.131619013635593,2.4293292923227994,1.7022897213127934,0.0015450356155621888,34,62.43339737282982,2.464221505950494,69.57752144283668,56.900774051142506,12.676747391694178,2.3600351536284605,0.04922811764524128,0
10.808942667148088,0.7555425232782227,12.988222064875169,9.090550525757122,3.897671539118047,-0.016488633301742592,32,80.21540190538167,2.9817282722492573,86.51050497196123,73.5948887450315,12.915616226929728,3.914917743706761,0.13474896685238633,1
14.870632879676275,0.8625330601850003,17.794451243950206,13.348765751097073,4.4456854928531335,0.0011265438195357236,29,80.30841462662698,2.952594281514022,87.0926366711521,72.79800667178728,14.29462999936483,4.103300009096571,0.185169048145756,1
27.572607388433493,1.5998232956366882,30.0,23.873141662367864,6.126858337632136,-0.0009301013240031595,25,104.59061200833224,4.317884298870395,119.16178392548623,93.16449119400507,25.997292731481167,6.407541685015444,0.2636241111450118,2
3.4156789288824165,0.2680171920677793,4.277022642514593,2.954329429437056,1.322693213077537,-0.005773234575576548,33,61.971727890945296,2.4181256937868127,66.71879186195822,56.71632921793195,10.002462644026274,2.1074457537780567,0.05511672806310044,0
4.7361402023745285,0.1914578505991711,5.101178676838889,4.150827383639752,0.9503512931991374,-0.00038528893995618793,29,61.91764567506181,2.4821198257115995,68.6799911170698,57.52544495476653,11.154546162303276,2.2303119614658153,0.07649095947120475,0
6.517080332994208,0.5665545229857373,8.3221906201368,5.117309556639197,3.204881063497603,-0.005278520028910001,33,79.98690226036065,3.0644089711697675,88.90356085816225,72.80204236308859,16.101518495073663,3.810872983663457,0.08147684267486696,1
4.82078558638556,0.26840101701696245,5.404453810328673,4.217353882744281,1.1870999275843914,0.007256303788345426,33,62.45615673345688,2.153596746796784,66.6589405097979,56.14987427381256,10.509066235985344,2.464999021111936,0.07718671403001043,0
13.443422684657246,0.5100466427390447,14.483780970026608,12.000006628043709,2.4837743419828993,-0.003063796022081737,29,80.24843080038862,3.196738668989159,88.74376385818691,72.76557055674753,15.978193301439376,3.757058518884412,0.16752255942018476,1
27.023956128536366,1.3604823276044153,30.0,23.2329191122315,6.7670808877685005,-0.009948859192829323,32,104.90346792848597,4.49132583278682,116.7264502188275,95.8655046594913,20.8609455593362,6.299616888173261,0.2576078408518496,2
5.9568583810866835,0.30860082945648576,6.5470723473869645,5.264464732244828,1.2826076151421368,0.0063604392086443005,30,61.65652265598051,2.244203531513402,67.77059375476131,57.03716708855328,10.733426666208025,2.1546874092790453,0.09661359460231075,0
25.397591624408552,1.1996095555924737,28.37148281839266,22.53512014501335,5.836362673379309,0.004146508138299153,35,105.71314459076162,4.517328329443067,117.09558709777565,91.83930047913154,25.25628661864411,6.760727054211339,0.24025007942463567,2
5.922584567992127,0.5840629493223223,7.912423046346491,5.10982218481923,2.802600861527261,0.015110778573897747,31,61.76711310357673,2.479156178134815,67.74395621145324,56.036261868436306,11.707694343016932,2.355745749937715,0.0958857258258917,0
14.689218650710952,1.3006643621214182,18.320111318236762,11.534130851565264,6.785980466671498,-0.0017727279400171238,27,104.44417261046847,4.526804890196719,113.36046112928092,93.67627283464148,19.68418829463944,6.205005338823823,0.14064181986345525,2
14.810350578411601,0.563422355735724,16.052064559679884,13.36575808757095,2.686306472108935,0.0073351537691781704,32,79.69967000065297,3.0439317710597753,86.8107865301843,65.414834001949,21.3959525282353,4.110734531598851,0.18582699768346925,1
3.229468455233911,0.23663041137696073,3.7830140319325176,2.6400804423733195,1.142933589559198,-0.004173127216745902,36,61.64889516051036,2.3987715682411572,67.12330192910308,55.67507392051718,11.4482280085859,2.5789257728269406,0.05238485449643087,0
4.3521151121100345,0.34668207189396427,5.916569510655702,3.7171879904920906,2.199381520163611,-0.0014696944386627046,33,61.6608612125482,2.9775836411138084,68.51393853521309,55.89828237725487,12.615656157958213,2.591422221356814,0.07058148322850348,0
8.159518151904386,0.8917973700977181,11.573157826924366,6.795703045949058,4.777454780975307,-0.013807839983768519,34,80.20775040188774,2.5336586482505603,86.57341021114148,70.67690508914913,15.896505121992348,3.3890453582051343,0.10172979555330543,1
4.333332019112314,0.23996496550315283,4.935713448444388,3.6515155956040237,1.2841978528403644,0.004708963874915421,32,62.46604205082213,2.773908577257538,69.21922839394304,56.82598837840614,12.393240015536904,2.068879669174252,0.06937100234741508,0
6.283348702700035,0.271187135231647,6.961680405033742,5.6270164115221535,1.3346639935115885,-0.00497113415591539,33,61.638582178172335,2.569585876362688,68.48309224877816,55.47674005704748,13.006352191730684,2.7680353602924868,0.10193856475476412,0
27.54144235958157,1.5384629816367617,30.0,24.391841442913314,5.608158557086686,0.005657106539843636,26,105.34076382317822,4.059487201703583,113.95618518670413,96.58294502802815,17.373240158675983,5.750748178822132,0.2614509435716723,2
6.812235270258927,0.4821070698253305,8.041550042107554,5.592733481439751,2.4488165606678027,-0.0025530645915067974,35,80.26466847205407,2.90396833871252,91.82352874254846,72.6271786354769,19.196350107071567,4.124613009272214,0.08487215253070665,1
9.36352785883568,0.5217313914059453,10.693746933880691,8.00981896303131,2.68392797084938,-0.000992590503325604,36,79.78444108407271,2.94744499433519,85.99124259908638,71.56464000882663,14.426602590259748,4.359507804995597,0.11736032256726041,1
3.113244303445188,0.26509766770842214,4.028090904916306,2.640154801959794,1.387936102956512,-0.0007036430849455487,30,61.54399858673507,2.4098622034987742,66.90248346816153,55.29066917393423,11.611814294227301,2.198285376651952,0.05058566756061469,0
7.068252691933115,0.6207676096681185,9.499467663351307,6.016614573095444,3.4828530902558636,0.004766472020521453,31,79.85575858854568,2.9498314092084352,86.74585070565917,72.060338628459,14.685512077200173,3.9969448559775143,0.08851274758830255,1
29.782685182973875,0.4315281184204844,30.0,28.322621106137305,1.677378893862695,-0.0016876068586258164,12,104.95063207929711,4.432034613210965,116.8328174768428,96.63168152417896,20.201135952663847,6.393359136019313,0.2837780422007659,2
30.0,0.0,30.0,30.0,0.0,1.3526773354174875e-16,0,105.01784266365559,4.429529162128454,116.3699315214522,93.27722371601601,23.09270780543619,6.368343245823251,0.2856657397773475,2
15.64481738101065,0.612892963650302,17.70609741754404,14.624287550038016,3.081809867506024,-0.009362769356975904,33,80.05458460221062,3.147859657514749,87.38784201654977,72.14254975949423,15.245292257055539,3.466054352498872,0.19542687359284308,1
29.44297896259679,0.7831213932867864,30.0,26.66270860610972,3.337291393890279,-0.003841386147839485,17,105.13245434375344,4.333929134855295,116.4456949174629,95.82229472103985,20.62340019642305,6.108079127006578,0.28005603851186167,2
16.75839252249207,2.118320636409219,25.20848676272525,12.57318330416338,12.635303458561872,0.009490755100154076,27,104.85808724326554,4.265275617451927,118.1316196101966,92.95717101220265,25.174448597993944,6.046058997453111,0.15981974116878264,2
17.463043999505906,1.2471158780948552,20.806303272346625,14.889650938410833,5.916652333935792,0.003439109143834146,31,105.4392947290308,4.31731256862726,116.55192891465538,95.35977994750428,21.1921489671511,5.863836871160413,0.16562178150719356,2
11.886549883199745,0.9225190378386635,16.049907487070016,10.326839211267322,5.723068275802694,-0.0010099907634201547,29,80.3558240908478,2.9681649757906707,86.58167978546886,73.79354679061431,12.78813299485455,4.450908126907204,0.1479239354429026,1
12.949176337640985,0.5448202401498214,14.152041925907572,11.833011778985718,2.319030146921854,0.0037468894056680202,32,80.00929536416572,3.214186486892296,89.36543915808689,70.75988446168299,18.6055546964039,4.077072857976292,0.1618458969905479,1
3.214639463473487,0.2908447950714204,4.028090904916306,2.6740074371456934,1.3540834677706126,0.004234059679309876,31,61.46018086158757,2.245686648987496,66.3421918215781,55.29066917393423,11.051522647643864,2.0476884547611016,0.0523044248504352,0
6.949616972236084,0.4968918099357419,8.16529638003477,5.813877408631155,2.351418971403614,0.006926054519163921,33,80.41787024042249,3.05126049305361,86.12424423006276,71.4245013638492,14.699742866213555,3.598988575482545,0.08641881294593161,1
5.009958640559458,0.35454593113540445,5.870295822133859,4.209684837784697,1.6606109843491623,0.009414732977306736,33,62.1405827107883,2.7024259071414027,68.94806828061932,56.002695493852364,12.94537278676696,2.507779004649695,0.08062297360894718,0
19.64961728020709,2.9270503505349694,30.0,15.210035608648756,14.789964391351244,-0.04730784899771227,28,105.22386128745914,4.015899314442489,113.69205904587665,93.98267566969058,19.709383376186068,5.577897856862192,0.18674107614988186,2
26.466695211653892,1.5248521017493233,30.0,23.01867540347246,6.981324596527539,0.0013882996478698346,28,105.20110760784998,4.136930374115588,114.3174938301665,96.23244904592697,18.08504478423953,5.913888854246326,0.25158190404924097,2
29.18630650768846,0.9172141838815522,30.0,26.487695559663347,3.512304440336653,-0.0013019717248086522,23,105.087226570371,4.328157976474964,114.30376621796532,94.75142141194652,19.552344806018795,6.15556404905304,0.27773409939989174,2
29.998058341074717,0.019319262378041883,30.0,29.805834107471533,0.19416589252846705,-5.825559331805705e-06,0,105.2619140601989,4.506453123477016,116.51533246452206,93.4783942058747,23.036938258647368,6.138144350966129,0.28498491903666145,2
4.704015564967263,0.3527207762169225,6.169971952397169,4.038685590031651,2.1312863623655174,0.004968531562602947,28,62.04974853682801,2.772882774476402,69.58174523454927,55.43522176052849,14.146523474020782,2.2424089489684023,0.07581038763380209,0
15.555509731493927,0.4991084989731743,16.747318400975878,14.310179506250515,2.437138894725363,0.006811515286885956,33,79.57562504055814,2.994711456661208,86.26054526911916,72.49592072749431,13.764624541624855,3.6842625933890267,0.19548083383680312,1
6.899788558528116,1.1281547419497193,11.827013050548404,4.824094656536705,7.002918394011699,0.00452014603959098,31,79.56356391852744,3.268723336869195,87.77111044705684,71.96648532358195,15.804625123474892,4.662362835668479,0.08672045509264767,1
21.049159086217674,2.015068284133608,26.88787569891792,16.567618808031334,10.320256890886586,0.027209697364393073,29,104.61496961754152,4.714845156293283,114.3857618963411,94.2051292112445,20.180632685096597,6.782974714323863,0.2012059933866503,2
4.605764869999234,0.31419646981376187,5.374122540391155,3.760347909445373,1.6137746309457817,-0.008083237925527863,35,61.87472125589781,2.699632325186618,68.12762222980395,55.01492062428102,13.112701605522929,2.500251564573774,0.07443693809163272,0
7.224021263610289,0.7460801112853559,9.685715964170623,5.6787869148068175,4.006929049363805,-0.009226208697088616,31,80.22188623131008,3.0528463268849424,86.66329217547583,72.33325745332637,14.330034722149463,4.1218837630196585,0.09005050258641635,1
7.045237298656284,0.5126928944791991,8.320728262666037,5.6787869148068175,2.6419413478592197,0.004553622979770733,30,79.86676444057721,3.091690210543086,86.77096512652645,72.39090634164931,14.380058784877136,4.157509863699089,0.08821237794960045,1
30.0,0.0,30.0,30.0,0.0,1.3526773354174875e-16,0,104.70973172920678,4.491306678898366,115.65850162715518,91.17827988562078,24.480221741534393,6.389950163285994,0.28650631816226646,2
7.4334057212853715,0.6898188832863658,9.709239148827665,6.089277304563369,3.619961844264296,-0.011584079429574299,28,79.90272506694797,2.8622360969272203,85.86106719576416,73.07759068234445,12.783476513419714,3.6018443752740246,0.09303068977968482,1
6.48273765270654,0.32451886421456,7.6565016300274005,5.923907596747768,1.7325940332796321,-0.0026526923853312494,32,62.30902756448196,2.845039781770993,70.24032895365812,54.291765753341764,15.948563200316357,2.7405611516136177,0.10404170634754363,0
3.4249432410993785,0.4475050300273009,4.714721362096565,2.5866301032619594,2.1280912588346057,-0.011170949442283296,33,62.39993028473966,2.5957903458094025,67.33876330912592,56.20311706085301,11.135646248272913,2.7101971951083073,0.05488697135692155,0
12.130262545690943,0.7591973489704262,14.663159457305802,10.801505488082114,3.8616539692236884,-0.009865701566746541,32,79.4412502912506,3.090670381692035,87.33218610538516,72.48159600398498,14.850590101400186,4.264005365190436,0.15269475679856181,1
6.22388237752744,0.2186859294073678,6.713208900283816,5.6269570447840795,1.0862518554997367,0.0006735253421971959,38,61.76944271413219,2.7685507875159114,70.66317165212145,55.67607112043749,14.987100531683957,2.7446362989923303,0.10075989038093737,0
4.764283172857219,0.361266592564627,5.8910520115726115,4.100332753453617,1.7907192581189948,-0.0018952715728008556,37,61.56921849159654,2.4274109514491635,66.83899017856604,56.308614893032065,10.530375285533971,2.414882792948149,0.07738092527723998,0
5.920269670967221,0.265043143090932,6.59970468220999,5.219833950375566,1.3798707318344237,-0.0024251507485622036,32,62.29980124728208,2.4630466151493597,67.36650029785598,57.048941119685225,10.317559178170754,2.1089353445395522,0.09502870727371371,0
6.684139051180093,0.4523734456883884,8.218072496720403,5.797603992566667,2.420468504153736,0.008143653005079557,34,62.37929314658065,2.23998445591515,68.33586502166322,56.71207182434862,11.623793197314605,1.8869770123596867,0.1071531690543582,0
15.050260896957479,0.6791075573095728,17.81371305633457,13.996508401216735,3.817204655117836,-0.004461273177432587,33,80.2102388529835,2.3761308288131984,85.3357249332836,74.36350114126664,10.972223792016962,3.047718945313749,0.18763515636585734,1
2.859106746890123,0.19915709783714136,3.573225762582868,2.449018168675377,1.124207593907491,0.00020803108660904905,30,62.361945905711245,2.5303188085000325,67.81783172024566,54.86259452621534,12.955237194030325,2.583392808995905,0.04584697702291074,0
30.0,0.0,30.0,30.0,0.0,1.3526773354174875e-16,0,105.11631249296016,4.633134326988698,115.3194410344569,91.8657417792253,23.453699255231598,6.826117104983248,0.28539813662709124,2
4.376752778582358,0.41588196285834617,5.7053472636998706,3.688348705230578,2.0169985584692927,-0.007724779586323047,32,61.54246106795411,2.622351427256563,69.71192968680019,56.20781751800741,13.50411216879278,2.3037616446500997,0.07111760939543862,0
4.711776323802509,0.21196399721639017,5.094086938922764,4.130167819740672,0.9639191191820924,-0.003341875199503983,34,61.91248894258684,2.6051176901304323,70.06963671117656,55.76227399570192,14.307362715474639,2.5665827895099373,0.07610380923416049,0
29.98543785934927,0.09921048745813232,30.0,29.075367369261738,0.9246326307382624,0.00043052085618969384,0,104.95073306069894,3.5042343789455455,114.25699952323538,97.26573819784987,16.99126132538551,4.8058559206062545,0.2857096534647104,2
29.933412289032525,0.24794942572222178,30.0,28.535369600634983,1.4646303993650172,-5.5291862502892617e-05,3,104.24443192284615,4.316699832034574,116.05775331281724,92.95262991830505,23.10512339451219,5.942394725292762,0.2871463870995104,2
9.915430922299052,0.6016258028857411,11.281496624081306,8.550494728465205,2.7310018956161013,-0.005208942524417031,33,79.68965290242741,2.79501257111714,88.99975524507933,71.49094011026963,17.508815134809694,3.9310433867939056,0.12442557392004208,1
12.475224168107394,1.3456002201056207,18.175306151717688,10.906500534294644,7.268805617423045,-0.006711912705310188,25,80.80081159511101,2.841568427126818,89.24151917899319,74.99353073160007,14.247988447393112,3.58782114549872,0.15439478598588038,1
15.814671639355076,1.0924547545214012,20.256724996201687,14.231727989656141,6.024997006545545,0.010461059135067799,28,80.03367897817817,2.894586039447558,87.42437221275289,72.2780461134351,15.14632609931779,3.940304505477942,0.1976002058591717,1
25.73290590466511,1.656754549884944,30.0,22.63200131401932,7.36799868598068,-0.01133286502620887,32,105.17746844603705,4.326727336791893,115.78594038658214,92.7736910803048,23.01224930627734,6.243016432453319,0.24466177062633915,2
5.643781378505633,0.27408829193992057,6.340003521167619,5.090259922016563,1.2497435991510555,0.0059386087220002935,33,61.50862294100465,2.310934820236256,67.48356842862624,56.565917977722854,10.917650450903388,2.303687052582406,0.09175593627194141,0
28.36078563084278,1.316016798052408,30.0,25.215657472100023,4.784342527899977,0.02008478944468169,31,104.62871372916689,4.871042020440687,118.64977657031723,91.62244347507607,27.02733309524116,6.870871208997126,0.27106120632615177,2
26.715715326943215,1.4990184894052128,30.0,23.264777989248582,6.735222010751418,0.019838047099581018,34,104.78851846893296,4.5107706218022825,116.74972851253665,90.56465591322336,26.185072599313287,5.879680796656601,0.2549488766740685,2
4.342349757296074,0.268885113445596,5.031645416350342,3.658427668968423,1.373217747381919,-0.0027173405076716707,29,62.480791561892566,2.408747298703241,67.48639304956431,56.36251689491358,11.12387615465073,2.213352069686435,0.06949895446660037,0
4.27814087548387,0.28689284605862986,5.020925068868006,3.5478051955113292,1.4731198733566764,-0.006895815954605858,29,61.84944177378882,2.2782955555578126,66.75583642375045,56.98442090243746,9.771415521312989,2.1541442608359325,0.06917024121188856,0
7.904522946269674,0.6856402530741073,10.698532613945515,6.7852715400958505,3.9132610738496645,-0.004540014752084997,33,79.86807992523836,3.210189348403466,87.93766128641272,71.06747186761038,16.87018941880234,4.240064673725923,0.09896973677968818,1
2.8342732061054936,0.36730900670535765,3.9944348168108257,2.117503610009984,1.8769312068008417,-0.009248605668968709,30,61.42072007667558,2.7817595086878817,68.49696053008375,56.59850838068807,11.898452149395688,2.422758234456488,0.046145228457466034,0
11.73891328519739,0.8106976486859954,14.352871280374295,9.888405803459712,4.464465476914583,0.003824109069279142,33,80.66512657311569,3.34980797431265,89.91909535069796,72.21373067770821,17.705364672989745,4.1677345397847985,0.1455264950093474,1
29.75069405420511,0.5005433563920478,30.0,27.492372590245786,2.507627409754214,0.0022382701965923636,15,104.64899931964531,3.9465716247386333,114.23550294424702,95.42566146335054,18.80984148089648,5.704197146877966,0.2842902843155028,2
5.165523615788178,0.21678825681952585,5.644974678366252,4.626883545729465,1.0180911326367879,-0.004305196475366808,34,61.899795800094815,2.3731632069266992,67.87395731870208,56.20427789579892,11.669679422903165,2.4149954608420447,0.08344976692686439,0
10.738644550172362,0.9689008804341304,14.515302514643162,9.303448250883076,5.211854263760086,0.0077634497313649,31,79.2939045977637,2.7320574509892634,85.55320887512137,73.76777061976732,11.785438255354052,3.692019668373351,0.1354283720699365,1
11.907096173580946,0.48749109626365017,13.057061127227218,10.896784825653477,2.1602763015737416,-0.0008289858956069986,31,80.10826043778845,3.069167424047431,88.29202366660202,73.13577539936925,15.156248267232769,4.36951584883029,0.14863755572610848,1
11.549247486734624,0.5743438191389091,12.996078074127437,9.792402565092596,3.2036755090348414,0.006135008740886033,34,79.9452452934627,3.1202762068865955,87.18000021391674,70.91944922698303,16.26055098693371,4.508056912339754,0.14446446814785824,1
3.7895778085273077,0.23128447990578183,4.379721885017798,3.227241071378991,1.1524808136388067,-0.0020099291187201836,29,62.539017176605036,2.170405762827267,67.26217278360932,56.74238413192954,10.519788651679775,2.3462628946815878,0.060595415774290735,0
4.003591452623522,0.3163083934883231,4.944374258618398,3.1728933714495655,1.7714808871688321,-0.00519570429188354,33,62.270726820707104,2.929993683769108,69.06525280911521,54.260226816507746,14.805025992607462,2.697510402866837,0.06429331393316706,0
10.036495067393705,0.5806559036079423,11.362065540583302,8.550494728465205,2.811570812118097,-0.008746256571454187,32,79.99995210857564,2.6439185479000455,88.99975524507933,71.49094011026963,17.508815134809694,3.6576140902751013,0.1254562618777065,1
5.350686757256437,0.20983022168109644,5.856071041486731,4.846316001585497,1.0097550399012345,0.00021451555036317295,32,62.12569527260391,2.347666411681463,66.86863645727274,53.84962864160266,13.01900781567008,2.388273975767983,0.08612678936873298,0
20.448902548482,2.166930003778458,26.9958858287805,16.265484472637855,10.730401356142647,-0.018731081377260084,35,104.10267209205442,4.510831551623965,119.73292467561832,93.86270813065289,25.87021654496543,6.143117482916856,0.1964301390263028,2
11.577674902602416,0.7097367859127619,13.949008625913073,9.888405803459712,4.060602822453362,-0.005683922386470574,31,79.71619793406423,3.0830753598391514,88.04566807771585,72.21373067770821,15.831937400007632,4.294221359254202,0.14523616350772917,1
16.845143266409185,1.1192542716735874,19.693721029731535,13.361076172522235,6.332644857209299,-0.013582977978057008,34,104.75115015036056,4.559380556157915,119.31405140097876,93.09212572414768,26.221925676831077,6.110903714935937,0.16081105631220743,2
4.7743306181049014,0.3629762794400347,5.708901104087575,4.106952489137666,1.601948614949909,-0.004769933235801123,33,61.79795565236489,2.5437753107397785,67.78645927884882,56.361977848125704,11.42448143072312,2.6087818171529817,0.07725709516517157,0
30.0,0.0,30.0,30.0,0.0,1.3526773354174875e-16,0,105.47665889225783,4.406564964574436,119.40628666491352,96.11041879283887,23.295867872074652,6.434054007170005,0.28442311342285925,2
14.366016556928813,0.6973637902153902,16.796253277154953,13.014364459103748,3.781888818051206,0.014421233362992397,31,80.21149196759583,2.8780647223597535,88.02667723931316,73.06750496061028,14.95917227870288,3.9813647262740224,0.17910172252662665,1
12.443043435812351,0.9090682034505017,16.503820426537505,11.063771815126287,5.440048611411218,-0.0037413731860890943,32,80.03809451533776,2.7451485409289638,86.37517391795862,73.836335094905,12.538838823053624,3.535277922906187,0.15546401192701895,1
7.950630055760815,0.5478919919896988,9.620316147015503,6.763625968843943,2.8566901781715597,-0.0021884446851994817,31,79.52708126736002,2.9264869784247614,85.46011703929982,71.06429071526976,14.395826324030054,3.9200845892066494,0.09997386838651769,1
5.668847130613731,0.5853563096725705,7.878837475379706,4.556362138369495,3.3224753370102107,0.001524720363075795,29,61.79082316436023,2.251809874873295,66.93143930610857,56.73199807785731,10.19944122825126,2.2976964610218107,0.0917425395643681,0
16.526601063428185,2.1681217536983395,25.20848676272525,12.57318330416338,12.635303458561872,0.0363632697457427,28,104.6437448289079,4.3640007616492325,118.1316196101966,92.95717101220265,25.174448597993944,5.989440946548717,0.15793204775418793,2
14.744031023316959,1.301108379524365,18.320111318236762,11.698257059030333,6.62185425920643,-0.005410122143638185,29,104.31708883618332,4.490212488642055,113.36046112928092,93.67627283464148,19.68418829463944,5.8946189693677695,0.1413385960677256,2
12.78165426819637,0.5533706120019514,13.875304581820355,11.30170897605775,2.5735956057626055,0.006905562689693873,36,80.36933247660504,2.6460161292577866,85.68449526806526,74.2406039429904,11.443891325074858,3.1792502916392404,0.1590364597451467,1
12.580794720363256,0.6497539162790783,14.536428551240647,11.02072708554966,3.515701465690986,-0.0006232744668542599,32,79.92054041240877,2.6678272020391893,86.96372259960359,72.7265508220229,14.237171777580684,3.7254131651495,0.1574162849503659,1
3.7052528609696322,0.31064205312920223,4.555687624504472,3.0328396200340126,1.5228480044704593,0.005551984209228724,31,61.79839132451336,2.7916051022779333,67.40310584254766,55.24706960212456,12.156036240423099,2.7129080912498367,0.059957107646308176,0
16.423178798245953,1.8222378030167856,22.488421848937016,12.362148221939814,10.126273626997202,0.00031527552496245725,33,105.2210095104073,4.210250425687696,114.48267832907347,95.83215713568077,18.65052119339269,6.409288302886282,0.15608269411765013,2
28.543742222916887,1.0961394238098257,30.0,25.352670664575164,4.6473293354248355,-0.0011782645030597489,26,104.99884904527264,4.8925494409542285,118.55909495798056,93.24806780238599,25.311027155594573,6.452340181305321,0.2718481412949723,2
20.75046979867047,1.5368033121367322,25.987311256917057,17.53496209582443,8.452349161092627,-0.019921786310395817,33,105.26092070343934,3.977441244124577,117.31811598163361,95.72563149099697,21.592484490636636,5.219912927095982,0.1971336509586393,2
5.438875963761936,0.23863618385384228,6.149348429981464,4.814378204044749,1.3349702259367149,-0.0028191096527948453,30,62.076037193414166,2.39136656920383,69.20919542033468,57.05995964655236,12.149235773782323,2.4283466877396287,0.08761635120488348,0
8.176213560824205,1.3513898066349186,14.275791742396928,5.822305519566808,8.453486222830119,0.012936442464158975,26,80.51891003608166,2.816296653799094,87.74535596303528,70.97924122707066,16.76611473596462,3.579451840929026,0.10154401563081658,1
14.789135246946039,0.48927297604089093,15.861174620122766,13.636578762712478,2.2245958574102875,0.0014382352329554364,36,79.72119181263048,3.111624522128197,86.7701723330964,72.10700775999241,14.663164573103984,4.087398660623592,0.1855107120851176,1
7.331374385832292,0.5692588352838659,8.75960303927127,5.912539341142732,2.8470636981285375,0.0024333057188576077,27,80.53542017918068,3.1557651044289785,89.78609054990176,73.86207892651818,15.924011623383578,4.0002710211608346,0.0910329179196934,1
7.473583917705405,0.9344588393156688,10.791916521323602,5.6787869148068175,5.113129606516784,-0.016143835788475246,30,80.56244320834814,3.1196171634655845,86.66329217547583,72.33325745332637,14.330034722149463,4.23170297236066,0.09276759153902343,1
30.0,0.0,30.0,30.0,0.0,1.3526773354174875e-16,0,104.8424802863668,4.587730194004758,116.3699315214522,93.27722371601601,23.09270780543619,6.755909365915274,0.2861435520403031,2
21.29488275785337,1.4033323022636959,25.272170833712217,18.072062953093766,7.20010788061845,-0.0031805122531863355,33,104.98312012012872,4.405519139831625,114.57239782174153,95.05153562114245,19.520862200599083,5.517772287811864,0.20284101416156544,2
10.02614794351415,0.6257409688235357,11.767784278875531,8.359040381789661,3.40874389708587,-0.006241958981133327,31,80.14858180765,2.6513734116596828,86.84097448240036,74.15492453940388,12.686049942996476,3.5641241586709853,0.1250945131191662,1
21.97313633209342,2.0791579115501437,27.27734530142452,18.163447950321213,9.113897351103308,-0.019467430179166814,29,105.62476249108533,4.348069320411506,115.76234080940358,95.68453163061591,20.077809178787675,6.2988644801009075,0.20803015889307,2
10.355214915423145,0.9985073727280274,13.956423055929749,8.688746341655348,5.267676714274401,0.01429438975607967,32,79.81073317045245,2.860033950152308,85.76315289513411,71.61128613758511,14.151866757549001,3.6701432811699823,0.1297471452061502,1
26.559914763649314,1.5543742711681972,30.0,22.817157344082677,7.182842655917323,0.016651710150316728,28,105.01164021463492,4.389974708676566,117.64515871426671,96.23244904592697,21.412709668339744,6.194200868260491,0.2529235278721441,2
3.866693508308342,0.2667590607844929,4.616448572527456,3.153500659055304,1.462947913472152,-0.005662718342745966,37,61.746527365852316,2.3314830727440508,66.62477795745099,56.44601781686299,10.178760140587997,2.0652797518457406,0.06262203901404666,0
6.9452747284992515,0.54992950124824,8.503585289681508,5.6787869148068175,2.8247983748746908,0.0017091233969118605,32,79.86810995317164,3.0963780627343516,86.77096512652645,72.39090634164931,14.380058784877136,4.090701706145377,0.08695929634008012,1
27.950737624098714,1.262760895121468,30.0,24.627505415505887,5.372494584494113,0.006172719256133592,27,104.96077722794824,4.109571609702591,113.89482117346734,93.78829634609141,20.10652482737592,5.983840306114007,0.2662969739362716,2
4.703277360206772,0.28044931384956107,5.341094843626375,4.041553285156,1.2995415584703753,0.006813884152448123,32,61.50433739253809,2.6826300142196953,67.71291348879741,55.58759970034527,12.12531378845214,2.5815215278648997,0.0764706601701676,0
11.19684464564158,1.2962953858617194,16.545800836410766,9.722055012406248,6.823745824004519,0.004872562624242754,28,80.09796434059176,2.9468163406529393,88.74480953636126,74.19584024009443,14.548969296266833,4.061545856235894,0.1397893766468408,1
29.747214662846687,0.5179355941598599,30.0,27.435178075298722,2.5648219247012776,0.0018949083436415536,10,104.79940419657827,4.77052120055311,115.23678258480497,94.24294231663713,20.993840268167844,6.867283896499136,0.28384907917223506,2
4.766506414540327,0.28348447047686554,5.581896799284486,4.165478162458538,1.4164186368259477,-0.005714118541538695,31,62.229889853258655,2.174604494137305,68.74121158329793,58.084947148687974,10.656264434609952,2.375572480338662,0.07659512734451036,0
11.810510671553722,0.6493213519316373,14.430035789551068,10.326839211267322,4.103196578283747,0.003044506006872493,29,80.19040230514389,2.78328079246217,86.58167978546886,74.54443887426483,12.037240911204037,4.135936442608552,0.1472808488892601,1
4.442614938693555,0.34171797317029884,5.765409912006979,3.790574789041051,1.9748351229659282,-0.005402038204691443,32,61.65621918856794,2.3527178230586845,67.33804481175135,55.618021126369136,11.720023685382209,2.32432097471783,0.07205461063143938,0
6.8541571336212135,1.1636438184113032,11.827013050548404,4.824094656536705,7.002918394011699,0.011136638115921324,31,79.35414295386043,2.985914389106958,87.32409557875476,71.96648532358195,15.357610255172816,4.097339968957104,0.08637428106598297,1
25.153873411426353,1.280439434861718,28.37148281839266,21.822323708487332,6.549159109905329,-0.009861896549598053,35,105.37678182302943,4.7335221863063435,117.09558709777565,91.83930047913154,25.25628661864411,6.967458394062623,0.2387041313803436,2
3.0940058844518687,0.43470184311260285,4.570314702240407,2.405224021156587,2.1650906810838197,0.010646181006839157,32,62.08284142797042,2.521694910435464,67.86534162454511,55.17175088152479,12.693590743020323,2.4780239098777614,0.049836730462874464,0
15.184508934947958,2.576380293181417,22.214164655134077,11.743951888586308,10.47021276654777,0.03251627607647872,30,104.73371702338154,4.356623173296102,114.8977254075561,93.36454771431447,21.533177693241626,6.47586803815798,0.1449820480120648,2
29.740676284387487,0.5592306541346892,30.0,27.435178075298722,2.5648219247012776,-0.001843500706668355,13,104.93634275092228,4.481051132342382,115.23678258480497,94.24294231663713,20.993840268167844,6.249098048685431,0.28341635720585223,2
3.8261553353579085,0.25358477982026034,4.468806903544629,3.0869657177325753,1.3818411858120538,0.006577653917390003,32,62.34322582611463,2.6039972217346787,67.70731347712587,55.95664075354515,11.750672723580713,2.7901065094109665,0.061372430176411565,0
29.768642961717465,0.5152209274837685,30.0,27.546181875044493,2.4538181249555073,0.0024212614139413175,10,104.89998422847371,4.417798075078392,115.83951508279338,95.1182951581963,20.72121992459708,6.360360209063609,0.28378119307529853,2
6.236758165539041,0.45759801104230324,8.225575675169845,5.680961185571285,2.544614489598559,-0.006318963234209273,31,62.20489506286595,2.391797827620124,67.36157045112263,56.582820987559856,10.778749463562775,2.120611435709154,0.10026153181312296,0
30.0,0.0,30.0,30.0,0.0,1.3526773354174875e-16,0,105.03369203150733,4.451555032211013,119.40628666491352,95.18992407877121,24.21636258614231,6.472829303674339,0.2856226334058424,2
9.878257131042636,0.4910415410397219,11.09066148616006,8.703888107595786,2.386773378564275,-0.0032325390790582326,33,80.28009866530402,2.8285920903074184,85.63307284835703,73.82171271816513,11.8113601301919,3.561679320593456,0.12304739496121833,1
30.0,0.0,30.0,30.0,0.0,1.3526773354174875e-16,0,104.91509519977652,4.158568910735933,113.38101507369326,90.0933796093859,23.287635464307357,5.770923934130568,0.2859455034275983,2
22.98461273794238,2.1005997340663907,30.0,19.35322181131301,10.64677818868699,0.0007930245361667682,32,104.68978822560862,4.485989597006601,113.80307026760184,94.7695327375701,19.033537530031737,6.038185337654561,0.21954970879165756,2
15.509028977656731,1.502375251158154,21.20625303408021,13.75885694698685,7.4473960870933595,-0.028688230443000437,30,80.19948960853552,3.188624318257331,87.71025113891918,72.10700775999241,15.603243378926763,4.5388005338816075,0.19338064194644808,1
5.795533772272255,0.5442869975036815,7.878837475379706,5.071203597897109,2.807633877482597,-0.005891500568278441,29,62.4050511871117,2.173286257492379,66.93143930610857,56.73199807785731,10.19944122825126,2.2463184546860266,0.09286962464024966,0
5.706563825514265,0.29525009189155327,6.53458697890985,4.76026505464279,1.7743219242670598,0.004824895689488855,33,61.57231020501464,2.653606847716496,68.31290166849762,54.32669029668068,13.986211371816935,2.262708176184562,0.09268068249888117,0
5.910881968202797,0.3887290271366936,7.339109692526439,5.202956384802485,2.136153307723954,0.007924028507652432,31,61.577220705527814,2.613380572808386,67.48356842862624,56.565917977722854,10.917650450903388,2.2199255100711346,0.09599137155732011,0
14.28618563005277,0.7060701289803684,16.918918171038936,12.985518853606932,3.933399317432004,-0.0018448621736975195,33,80.33869960284565,3.1011476332213936,88.26707663176249,69.21159336032375,19.055483271438746,4.3100536547837365,0.1778244547503516,1
9.459964445450296,0.6103418518316862,11.35282482716576,8.222582428472638,3.130242398693122,0.006939058578789864,32,79.6771235411356,2.850512761412774,86.83171154048735,72.4184227864831,14.413288754004242,3.7556046492609045,0.11872873801521688,1
14.994168613748727,0.743568848841076,17.662326835097765,13.562342583195734,4.099984251902031,-0.006723064148685729,33,80.18970086108929,2.7162692541550015,85.56957505053424,74.72146787715646,10.848107173377784,3.969314094475604,0.18698371818020681,1
15.719046916159533,1.6435030643992765,21.487916505755305,12.893216499141626,8.594700006613678,0.004407973019096107,32,104.77101073868866,4.519777342538466,116.66777513490538,94.537407465346,22.130367669559377,6.552977780079173,0.1500324054841114,2
4.372357246475684,0.2991188922128301,5.036232898557002,3.5478051955113292,1.488427703045673,-0.007781314700774828,31,62.46751476031038,2.305284485825281,66.75583642375045,57.03788724492697,9.717949178823481,2.1385187139070316,0.0699940952230683,0
4.640859379406131,0.21261022678971028,5.290043559158337,4.217353882744281,1.0726896764140559,-0.004179286405007572,32,62.23372153483183,2.461942995935097,67.6611401537701,56.161245761491436,11.49989439227867,2.5376262313152793,0.0745714572482575,0
13.796957950415838,0.6849242498674145,16.186128557505516,12.373963619872805,3.8121649376327102,0.005580544900718775,32,80.31629634451772,2.9924708094197126,85.95971259933557,73.99697111472702,11.962741484608557,4.203763252544703,0.17178279386104692,1
13.898953085663441,0.6779440018821123,16.03185228619924,12.393874488959437,3.6379777972398024,0.0018065990431986943,30,79.8988636899411,3.0057636813795803,88.5084740672737,73.8559041048195,14.652569962454194,3.9229443388014174,0.17395682829287132,1
3.0656625604264347,0.2731896078515835,3.9944348168108257,2.537940312021467,1.4564945047893585,0.00171757657503133,34,62.24362727404832,2.6777830350940297,68.49696053008375,56.59850838068807,11.898452149395688,2.643118806563917,0.049252632686012994,0
14.318470208440395,0.9313560724142906,18.237358461361122,12.662006343394028,5.575352117967094,0.008215972096645999,31,80.42463560936686,2.486765376233905,85.14789831595694,72.67128104968488,12.476617266272058,3.456213859949389,0.17803587074924698,1
9.29471064101575,1.2702334746050234,12.502774646790908,6.970506761282206,5.532267885508702,0.020030602590335334,31,79.47467317611193,2.852922355839497,87.87013203051453,72.42213460567424,15.447997424840281,4.0228868280956105,0.11695185588831898,1
11.4466094012244,0.6429439366682658,13.59401470929337,9.995847704484252,3.5981670048091186,-0.009594666947058985,32,80.7558816162299,2.4593841318902436,85.78296848788264,75.0347441438684,10.748224344014247,3.5357491650090442,0.14174335082957684,1
2.682186203080933,0.2643152147830261,3.299034024365636,2.232299481150234,1.0667345432154018,0.0040816461057553936,31,62.35944390739899,2.718249052627901,68.82201166644421,56.57785137503747,12.244160291406743,2.1175345180967517,0.043011707481743315,0
12.420038897983467,0.6643361635452767,14.402224873604125,10.936676805649403,3.465548067954721,-0.0012535858695943078,29,79.58548274429299,3.2741754493617186,87.27240031143526,69.90151029385129,17.370890017583974,4.658131686439573,0.1560590991428647,1
5.321478231985545,0.24485166913742437,5.856071041486731,4.542050740904962,1.3140203005817694,-0.0050314076595597,33,61.6425831722198,2.2061426101083654,66.07799801154884,53.84962864160266,12.22836936994618,2.368961526431149,0.0863279549916039,0
17.427092462588792,1.4281608050771475,21.827353379218568,13.684145758998277,8.143207620220291,0.004744029042328615,33,105.38043590737404,4.61148592178063,115.40367412819718,88.14735164135658,27.256322486840602,6.347773938678796,0.16537312782169084,2
6.05628106941885,0.2537156902376547,6.651927383116194,5.542275365616449,1.1096520174997444,0.005826063888193255,31,61.50793437208812,2.4888344229459185,67.48980269828733,55.28268201363709,12.207120684650242,2.594094631223139,0.09846341017271648,0
5.515552224594476,0.23428963867666797,6.19572150403842,4.93869815802841,1.2570233460100093,0.0012414639145208412,32,61.5631927812223,2.486776378476765,69.10148686275909,56.73366112043386,12.36782574232523,2.542568146925922,0.08959171683319657,0
3.8745392885597574,0.2543537562688522,4.3605601027745955,3.229536152954413,1.1310239498201824,0.005378699126734153,32,61.86387388301665,2.6581044289602356,67.85143689763424,55.35785960163308,12.493577296001163,2.108992719832965,0.06263007766465378,0
23.614931443244785,1.6728943249658654,28.396541669052745,19.790977603348917,8.605564065703827,-0.020273435798109196,28,105.35046266551711,4.416391398147991,115.51436423160413,96.41933626070771,19.095027970896425,6.79475143963877,0.2241559326992723,2
13.84543487721946,0.7450312754853747,16.09721807539212,12.261277671413742,3.8359404039783787,0.00030175050289049085,29,79.66903425034312,2.7891393700962133,85.31624148704739,74.4050234943871,10.911217992660298,3.490405594538728,0.17378690269956334,1
6.090005765476954,0.26592483077103246,6.756207853244253,5.547402289415214,1.2088055638290385,0.006127815797277711,36,61.93970784646435,2.5459637848045973,67.79764504703328,55.46731538448388,12.330329662549403,2.9674597133399967,0.0983215110127949,0
5.021354765992254,0.26260777478339065,5.579266647605755,4.5164804455979874,1.0627862020077679,-0.007070121474177894,33,62.38563142917685,2.689927595641949,68.94806828061932,55.32591711676167,13.622151163857652,2.3278539747528435,0.08048896148793132,0
7.913439615587839,0.502351126128611,9.620316147015503,6.763625968843943,2.8566901781715597,0.005988606107110321,33,79.93963156650611,3.098619242839138,89.01808723963498,71.06429071526976,17.953796524365217,4.413297512093498,0.09899269438102834,1
21.003802076525535,1.8029398831500763,25.466956052321116,16.523327768723856,8.94362828359726,0.03588579433161685,32,104.14278638255954,3.8343138168341984,113.28346438392902,93.94654819586202,19.336916188066994,5.441838796998048,0.20168273391194996,2
13.528557772603087,0.5855265106509518,15.559521516160546,11.955089836278466,3.6044316798820795,0.002303971251139851,30,79.66533050913468,2.7721257673515303,85.72348908368767,73.8551656379509,11.868323445736763,3.8413029435094566,0.16981737873082045,1
7.8643970839339365,0.4644576874976405,8.95032460784772,6.43469867161113,2.5156259362365905,-0.004434625623594515,37,79.82050638103925,2.7110630805235942,87.61759044033212,74.42392314400166,13.19366729633046,3.5907525429554537,0.09852602222122762,1
11.559161809173103,0.6656730663545662,13.272364398267896,9.517804287553245,3.7545601107146513,0.006972956476742011,32,80.17853920941111,2.7005228696878936,86.89762730385216,73.98841693788977,12.909210365962394,3.0781251383138852,0.14416777580363485,1
16.447435815314858,2.145996041740218,25.20848676272525,12.57318330416338,12.635303458561872,0.034178209947865676,29,104.28522266085214,4.273787635497564,116.08923128404477,95.0565732971624,21.03265798688237,6.017694213058503,0.15771587994866715,2
11.83524438187399,0.5251963422320536,13.055665383052798,10.632489372283397,2.423176010769401,0.008409170182726885,32,79.49209941856522,2.7309956283704526,85.95959090516517,73.86435518608543,12.095235719079739,3.638402088853449,0.14888579267066257,1
4.8823672254537565,0.2538499119882313,5.686610251039208,4.083899735834876,1.6027105152043317,-0.005720220840714293,31,62.16716662822763,2.7834243926994433,69.64666609426962,56.03327568079748,13.613390413472139,2.6291549955902345,0.07853610533861395,0
4.64247564826678,0.2739301662090551,5.386329123801733,4.063077184886034,1.323251938915699,-0.0046663768350104565,30,61.81482660474314,2.5501034750166425,70.02476028681973,56.41345799932448,13.61130228749525,2.5024189936405805,0.07510294581668552,0
6.206454017924493,0.294399797011421,7.322505672312686,5.655708457192218,1.666797215120468,-0.0031870995743755745,32,61.84092160169006,2.505448070792532,70.24032895365812,56.98770457522275,13.252624378435371,2.596963107326351,0.10036160129594955,0
30.0,0.0,30.0,30.0,0.0,1.3526773354174875e-16,0,105.25697937521612,3.910987471833306,114.31639066696391,94.4713341464189,19.845056520545015,5.431622131789662,0.2850167266157278,2
6.168222066048339,0.4536567544518602,7.899056762325829,5.415613094470955,2.483443667854874,0.0008055039696224869,31,62.37434468785655,2.4736167567396365,67.6179206780111,57.08368364649069,10.534237031520412,2.621331775680224,0.09889036907763843,0
30.0,0.0,30.0,30.0,0.0,1.3526773354174875e-16,0,105.19870767760227,3.759737453442256,116.42412566351726,94.4713341464189,21.952791517098362,5.076991114228655,0.28517460315924265,2
11.941691863726042,0.5280595794542842,13.260096367154533,10.662016548719526,2.598079818435007,0.005197240353740558,34,79.65754005648873,2.780301086015601,85.0964255529,72.42525363570672,12.671171917193277,4.129593990583405,0.14991288590313948,1
29.040956244362036,0.9551960821474524,30.0,26.29135181896352,3.70864818103648,0.0006212862860565943,29,105.03827091175903,4.31760310925946,117.45759231186985,94.75142141194652,22.706170899923322,6.102665875096288,0.2764797603368692,2
28.247086865085485,1.141422493151652,30.0,25.092294760752726,4.907705239247274,0.012555013434364047,25,104.71685753912247,4.73658462358571,116.71801700681561,89.57775651543105,27.140260491384566,6.48603576873333,0.26974727144371224,2
11.958767312457043,0.9469920613618009,16.049907487070016,10.326839211267322,5.723068275802694,-0.004184761455763696,32,79.50383273102649,2.907007235773639,85.30888405951829,73.79354679061431,11.515337268903977,3.953966423856207,0.1504174924811219,1
3.5689552639241815,0.6354378706264057,5.527755090611661,2.781417680462182,2.7463374101494793,0.0022721859133015584,28,62.43706803332503,2.2223023210292028,68.31950137915246,57.34644737729685,10.973054001855608,2.170939434872382,0.057160839212668596,0
29.19953604985348,0.9091115469117399,30.0,26.530842680202724,3.469157319797276,-0.006126064125383727,19,104.72172805451618,4.152000981450672,113.09735201016319,94.02424957280611,19.07310243735708,6.032835221127831,0.2788297740448188,2
5.949420299678667,0.22214363801479417,6.420192087210271,5.481596344363189,0.9385957428470819,0.002547770123945558,32,61.80778284980668,2.50004659300234,66.45205169698056,56.56705586197614,9.884995835004425,2.4353909034622956,0.09625681312463488,0
18.71675611270879,3.0384698694115295,30.0,14.612812649319054,15.387187350680946,0.05959309221247159,30,104.96384199601086,4.199772822209035,117.65876983068618,96.1976810704467,21.461088760239477,5.560057536059717,0.17831622374401934,2
12.309427075482143,0.5442933374366112,13.574662123338022,10.691226418966352,2.8834357043716707,0.00832457504412283,33,79.86816702583637,2.8165593113735414,86.2233026664463,74.01597382957094,12.207328836875362,3.937110985488328,0.15412181573390032,1
3.753375876815083,0.2650461336706732,4.27015609059226,3.1815243920831353,1.0886316985091247,-0.006706078638070606,33,61.70693306816855,2.8135933316897948,68.32977527792664,55.35785960163308,12.971915676293563,2.0748745416118406,0.06082583640711551,0
11.839595736897639,0.5895366939943872,13.378856509487887,10.178174518122932,3.200681991364956,-0.00573409649193591,31,80.32006823325679,3.324134703283436,88.29202366660202,73.13577539936925,15.156248267232769,4.5024864007768715,0.14740519835104196,1
3.601516435322728,0.31922480978553963,4.5716428560989515,2.7853341580432427,1.7863086980557088,0.0010630606721979054,33,61.49354245596452,2.534483519603294,67.98571655980061,56.63336994806537,11.352346611735236,2.380589006816519,0.05856739151650565,0
4.46522566985052,0.2741026209706576,4.979038517357571,3.8313242022253555,1.1477143151322156,0.0068727165092749495,31,61.730926536849346,2.1929798124618114,67.1751048397606,55.74904784931355,11.426056990447059,2.297548473337196,0.07233368828266952,0
9.345713136231293,0.5981557016322127,11.190274657588025,8.212402637745248,2.9778720198427777,0.009701255212064303,32,79.84015466449115,3.0945519499862364,87.32609853913985,72.78276217795974,14.54333636118011,4.2214857419980545,0.11705529703003563,1
9.923356979036278,0.6552290121554171,12.123330245521704,8.584812546729815,3.538517698791889,0.00708539908901501,30,79.4245446049937,3.1814897496649555,87.25144665174787,72.7483675673493,14.503079084398564,4.18087586756704,0.12494068305267537,1
3.2133406502641755,0.3649701594356333,4.570314702240407,2.4733169448286856,2.0969977574117213,-0.006468873074418112,33,61.56695904157796,2.538503359901745,68.43293772488657,55.961922789796574,12.471014935089997,2.5864906374095344,0.05219261513146196,0
12.09611985601812,0.7264367324808045,14.628461165838303,10.632489372283397,3.995971793554906,0.01671422504280893,31,80.04630063253069,3.0066992535332946,87.42767794137833,73.65844747346326,13.76923046791508,4.29124480129769,0.15111403786708213,1
4.445972028349073,0.3432376239898525,5.765409912006979,3.4456114450295887,2.3197984669773906,0.0010270349480927742,30,62.28693322069621,2.5439016837414283,67.33804481175135,55.618021126369136,11.720023685382209,2.3383125874850457,0.07137888682393682,0
3.628101045509727,0.3553998944392495,4.612778142212247,2.9103235404379943,1.7024546017742526,0.0038357973832550034,29,62.018452590572245,2.3292471447347163,67.63653352837423,57.217078039920644,10.419455488453586,2.2187821285061453,0.058500346839690534,0
16.313473407519197,1.4762332811031529,20.760730096685595,13.382201846498127,7.378528250187468,-0.005761625948948409,36,105.34439396770216,4.830065211746113,120.77055838562204,95.66702873398778,25.10352965163426,6.620615805776732,0.15485848499600566,2
8.996956116310708,0.5754975513680782,10.201045498340884,7.700270405772473,2.5007750925684107,0.006992374518951158,33,80.03124804980033,2.9523642926831357,86.36531460504668,70.71296186161972,15.65235274342696,4.11532108271176,0.11241803949245192,1
7.241017111106573,0.6215141081415886,9.32221046973494,5.978667738179233,3.343542731555708,0.0027962832971085046,32,80.60636385385446,2.862822581874022,86.12424423006276,72.69482824192261,13.42941598814015,3.5775052371628555,0.0898318280973853,1
5.914345976575816,0.5416210429339113,7.892523278217396,5.055935664401404,2.8365876138159924,0.010183952333552642,30,61.38482989274321,2.556917092710626,66.39057474587979,55.73845191042866,10.65212283545113,2.230409959275204,0.09634865634654698,0
6.319458801205143,0.2125440558361796,6.95049426862394,5.715588366660992,1.2349059019629482,-0.0035819620165945857,32,61.61101869564197,2.532107805148002,67.88047376689185,55.17128419478825,12.709189572103604,2.587916216695289,0.10257026798814933,0
5.744978040742449,0.2917337080235561,6.3373638415321825,5.104629733981615,1.2327341075505673,0.006825955938143326,32,61.707410090665036,2.2594024259805505,66.45205169698056,56.41543065629988,10.036621040680679,2.3351407657691188,0.09310029280440088,0
4.5090109613307625,0.4245931242225701,6.2135080676329855,3.84870277046743,2.3648052971655553,0.002646784482064391,29,61.36299011179792,2.70168769122471,67.19088874850081,55.89828237725487,11.292606371245938,2.171368950704048,0.07348095129710586,0
4.747813864030856,0.3694221255808098,5.708901104087575,4.106952489137666,1.601948614949909,-0.0025441603969526437,32,62.295312976751276,2.4662109473499876,67.78645927884882,56.56922757334312,11.217231705505704,2.7135945629310285,0.07621462291373551,0
4.286434750719223,0.20761979201049294,4.730495448065497,3.6515155956040237,1.0789798524614733,0.0012437105285486728,34,61.69884577711062,2.454375945411414,67.68483589786086,56.82598837840614,10.858847519454727,1.9596373992080252,0.06947349868959671,0
24.67663218280755,1.2568106258217406,27.478882173718794,21.62572813079449,5.853154042924306,-0.011996063554717338,32,105.21127328744276,4.257451149264486,116.07377354334592,93.54586191122044,22.52791163212548,5.880920193092529,0.2345436109384027,2
4.067419145713285,0.23800841527286878,4.629648331892419,3.47061312688452,1.159035205007899,0.0052290954114912955,29,61.99665147441392,2.280258158806357,66.73347123777096,56.059235823338554,10.674235414432403,1.9215276996163229,0.06560707688841608,0
30.0,0.0,30.0,30.0,0.0,1.3526773354174875e-16,0,105.25563411838772,4.1530532243351095,115.44449186340813,93.31081999725696,22.133671866151175,5.836108375323774,0.2850203693726905,2
8.356999746250914,0.87651373073589,12.070419912652786,6.835605258721618,5.234814653931169,-0.010584602085437184,34,80.0640460251707,2.8174012545682428,88.55158371640654,72.70022234467586,15.851361371730675,3.965997266465658,0.1043789323268111,1
9.524162398276127,1.2271441578828564,12.502774646790908,7.660110512154449,4.8426641346364585,0.009839260075019448,33,79.79707213238287,2.9666989433943707,87.87013203051453,72.42213460567424,15.447997424840281,4.19729944356893,0.1193547836331741,1
8.344771295617624,0.4624313025416594,9.76020369559283,7.3044203138542105,2.4557833817386197,0.0004977825843025255,32,80.39801588627573,3.0034956383304423,90.92596192506218,74.75168283002083,16.174279095041356,4.0611310401588785,0.1037932478785072,1
9.65500574664336,1.4951742005397555,15.667485420694101,7.408538186896983,8.258947233797118,0.024560926681352714,28,79.83217903653745,2.7527730135655113,86.81856858036845,72.45167060549178,14.366897974876665,3.9951870634721858,0.12094127634024868,1
15.926820299456756,0.6150469217052799,17.865719790002238,14.5407089259487,3.3250108640535387,0.003784633426159708,31,79.89875959722758,2.955652338577248,88.84288975005452,73.11502497262984,15.727864777424685,4.1967365930833544,0.19933751387889995,1
21.454832144955947,1.8648358939878282,27.376693712196094,18.363900469902166,9.012793242293927,-0.020805630140665703,32,104.90323755381354,4.027815474210411,114.64247466009152,94.96235904074891,19.680115619342615,5.722062654983786,0.20452020777175522,2
6.478761584735314,0.28488295743114983,7.53373366608562,5.946686001550121,1.5870476645354996,0.004049750433863347,27,62.22728987563436,2.5083871862981977,67.83974867774579,55.59445923872831,12.245289439017476,2.491639114863919,0.1041144728232437,0
3.180467516306454,0.46989610147950905,4.921909668615403,2.4372033095759917,2.4847063590394116,0.004817269764936338,29,61.85211524968592,2.340630796849273,68.10416788808742,57.03153740667618,11.072630481411238,2.298212473442805,0.051420512492531,0
14.284839672053037,0.6723813438944828,17.0868234944726,13.143026932673024,3.9437965617995765,0.006267620801466043,30,80.72861138581854,2.79337667608314,88.5084740672737,74.94805251655681,13.560421550716882,3.7095286228832376,0.17694890634045424,1
16.919091846443127,1.2791406711755566,20.597260227051365,13.361076172522235,7.236184054529129,0.017537694094245646,36,104.90905490985104,3.9876987374146977,113.5010256452763,95.47098308936388,18.030042555912416,6.259153680119625,0.16127389289425884,2
11.134947283075167,0.6973892837554959,13.100141530721706,9.814521462162407,3.2856200685592984,0.010264871600580639,31,79.56975877707312,2.8189626321268233,85.53717762588087,71.83759896546843,13.699578660412442,4.084279808998207,0.13993943571366094,1
20.518329000849917,2.1388839056800024,27.79250389069639,17.01365256680137,10.778851323895022,-0.0022084542624086993,29,104.53291193526132,4.133227827084372,112.63220346384223,91.77137793986451,20.860825523977724,5.3257011956172535,0.19628582448053658,2
3.893880937696992,0.29216509561360604,4.793946806467893,3.2835231321561333,1.51042367431176,0.006207618973440149,33,62.47115215686362,2.7865498136564044,67.79791022152932,55.96959681716236,11.828313404366959,2.264352293903278,0.06233086378155286,0
14.84838308239226,2.66862628252331,22.214164655134077,11.597024477657186,10.617140177476891,0.05307064374854904,28,104.99661107709957,4.498693245292574,115.7293220976004,93.36454771431447,22.364774383285933,6.79569875218268,0.14141773518834125,2
30.0,0.0,30.0,30.0,0.0,1.3526773354174875e-16,0,105.01449302833545,4.28924222913592,117.01144856087195,96.55853045949237,20.45291810137958,5.860561671771859,0.28567485162481737,2
2.9971983201337458,0.43703712869390204,5.104526174573568,2.4590238911829143,2.6455022833906536,-0.005379080199017202,30,61.75288317306109,2.512573088450372,67.81783172024566,54.86259452621534,12.955237194030325,2.5268196988593385,0.048535357664172635,0
25.55710953734872,1.402002754686011,30.0,22.63200131401932,7.36799868598068,0.0029265476565751747,32,104.49195921916707,3.9220792840827277,113.94821373065736,95.60657627612096,18.341637454536396,5.409773218217062,0.2445844587827031,2
30.0,0.0,30.0,30.0,0.0,1.3526773354174875e-16,0,104.45009539667126,3.9442549931520565,113.78896562703642,94.59418037249246,19.19478525454396,5.881976176901466,0.2872184998859999,2
6.960974433289181,0.9950008960891091,9.838554070902264,5.117309556639197,4.721244514263067,0.014011938320437334,33,79.69963218900044,2.873929047466473,87.17947362319079,72.80204236308859,14.377431260102199,3.9538667813250825,0.08734010628106484,1
30.0,0.0,30.0,30.0,0.0,1.3526773354174875e-16,0,104.29952368380238,4.589905839603473,113.99804133693257,93.28562179076705,20.71241954616552,6.377148847884888,0.2876331420584026,2
10.697803912442389,0.7465001323905275,13.440397530704796,9.616383713128627,3.8240138175761693,0.00810769338975222,33,79.44652017706412,2.905751877830241,86.23798948491063,73.0457244576965,13.192265027214134,3.6017056027272734,0.1346541516726701,1
11.136806438004898,0.577048551257301,12.931874943333021,9.821951001406534,3.1099239419264872,0.0060778423002259595,36,80.23207911527297,2.766590309172759,87.09095621512489,72.60714121219698,14.483815002927912,3.828406564640349,0.13880740000762984,1
3.2494721665621022,0.39313240602811006,4.626344170245604,2.5745548248215324,2.0517893454240714,-0.010728133323321568,28,61.53043075782118,2.566128644062493,68.20704596411151,54.95866850750308,13.248377456608438,2.5905730238508817,0.052810813669433736,0
7.358243760320952,0.559488731568633,8.714715287852671,5.526215018314249,3.188500269538422,-0.004971403651954293,32,80.06475381894221,2.9915907340923336,85.98662975297924,73.92470007736662,12.061929675612618,3.8209219295362415,0.09190365694569134,1
3.3427196386153337,0.2581849074202993,3.9806526577317083,2.5894888809211833,1.391163776810525,0.005920230658540817,34,61.90533813024529,2.204929476876499,66.33624787209601,55.378540031887724,10.957707840208286,2.3298523209588216,0.053997275284809326,0
4.519820154303762,0.3036925203340984,5.417286933094733,3.9026849350396797,1.5146019980550531,0.0041469290609559934,33,62.45009650547335,2.5772424305853967,67.9551666042115,56.20781751800741,11.747349086204089,2.387420415658911,0.07237490948525147,0
3.6339100967764817,0.36011436887873083,4.80480197625094,3.00648392336877,1.7983180528821698,-0.003491075863245137,29,62.520740947512195,2.4904738357492264,67.86590340100445,56.43270372670394,11.433199674300504,2.035940823477565,0.058123272110674,0
10.106162430896475,0.9493734825186285,13.492223140900787,8.664995648569105,4.827227492331682,0.012533086371639277,29,79.92082048928269,2.5964011671638425,86.41779193543562,73.94672679064834,12.471065144787275,3.6154288419316645,0.12645218408136236,1
4.544582300741736,0.20785724779662498,5.175279000163635,4.113704332818666,1.0615746673449689,0.0011072138718438672,35,62.20189412892414,2.369014024177551,67.6842991653491,55.903945398553304,11.780353766795798,2.301420611823132,0.07306179805811876,0
2.7289891535190236,0.31831390063852594,3.634590079865476,2.006833791466122,1.6277562883993544,-0.00843479206816479,31,61.56860283486946,2.4986056048553684,67.73700934683009,57.08195928664118,10.655050060188913,2.2968075816658557,0.04432436312569844,0
3.018890231981869,0.33395294476624443,4.131619013635593,2.361980339413838,1.769638674221755,0.0020334453492396186,36,61.692516536872155,2.4253327093697234,67.49536042477528,56.10076566369143,11.394594761083852,2.519308250339195,0.04893446324633372,0
9.61574237512522,0.805854543421868,12.327334598750626,8.273297187003584,4.054037411747043,-0.01484481175901996,32,80.5437075372654,2.6172326228663034,88.81453730228513,72.98815999738544,15.826377304899694,3.7824820451887646,0.11938539396502057,1
13.894804780829881,0.7308394068607867,16.09721807539212,12.261277671413742,3.8359404039783787,0.010876843464340782,33,79.93294560478654,2.949569613165125,86.87473909566008,72.69353665897563,14.181202436684444,4.036382948921152,0.17383075904270284,1
5.279884514387414,0.34383187567892004,6.528437868167755,4.751550367860119,1.7768875003076356,0.0025216921117753904,30,61.56974787681383,2.7627313277257133,68.02349680213433,55.36154358341346,12.661953218720875,2.457011932152088,0.08575452410811656,0
6.158747671750892,0.2848497862453842,6.899776750968975,5.609653510702162,1.290123240266813,-0.004551542863253881,30,61.7926382113704,2.494454550559336,69.44698377626412,56.25492663100482,13.192057145259298,2.4728446495602077,0.09966798230909074,0
3.7022325496650748,0.27186477045198404,4.306581061242922,2.9506071375318026,1.3559739237111197,-0.006831806914071955,32,62.28347381634791,2.701422544659193,68.60894703336034,54.36933073004729,14.23961630331305,2.540521600886593,0.059441650623727374,0
25.042745002746198,2.026025634287972,30.0,20.894710423534313,9.105289576465687,0.049539638664654315,32,104.62251725994983,4.138217031412483,117.10748730924597,95.74064059014147,21.3668467191045,5.918093188960477,0.23936285819964556,2
5.302733228233318,0.29369430932501484,5.971963999070471,4.683462166938533,1.2885018321319386,-0.006810079830648797,32,61.674908274764974,2.572289241165399,67.69119796721644,56.27178808879407,11.419409878422371,2.25944537635889,0.08597877630608847,0
15.53430701182288,1.2165037985942797,18.30705999453517,13.172129159515976,5.134930835019194,0.006988291078721229,36,105.45624392202717,4.086387145781081,114.89409897271987,93.57743712794377,21.316661844776107,5.56742438878554,0.14730570980702684,2
15.449362116421712,1.5585800622869663,20.080930767061826,11.372567027225102,8.708363739836724,-0.008528086552873789,33,105.42513639622047,4.738867419803116,116.66777513490538,93.57473865956509,23.0930364753403,6.601627673000392,0.14654343829174443,2
3.4956143361951577,0.276599963862566,4.3404107626658694,2.954329429437056,1.3860813332288133,0.006958223389064363,32,61.5225093092954,2.6430836898134853,67.4987369957342,56.26873557460887,11.230001421125337,2.2102815335654173,0.056818460732851586,0
28.31533413004833,1.116389837556965,30.0,25.865160062811295,4.134839937188705,0.004840186490710202,30,105.18394939045481,4.8581595964477575,118.3587823152031,92.8115090241049,25.547273291098207,6.438609594155891,0.26919823818119193,2
27.924860355560913,1.2800400816951512,30.0,24.627505415505887,5.372494584494113,-0.0003112080003444675,25,105.64272614874538,4.471442339479722,113.89482117346734,93.78829634609141,20.10652482737592,6.423743009154553,0.2643330128750141,2
24.117348105819907,1.2929300331254152,28.54161152548745,21.620893757059143,6.920717768428307,-0.01755979997453772,35,104.50186303044983,4.185753047598764,115.05517372005949,90.68436303768507,24.37081068237441,5.986627068893083,0.23078390351766911,2
30.0,0.0,30.0,30.0,0.0,1.3526773354174875e-16,0,104.80805271578997,4.457452459605005,115.29290257563045,93.44543042260844,21.84747215302201,5.897898502246353,0.2862375450778962,2
8.245728473496301,0.6897464115975042,10.277303640997193,6.588105592776835,3.6891980482203577,0.009268190222359453,33,80.42995588798556,3.126340194146412,89.49290229664835,74.10003882524126,15.392863471407097,4.0186571603643975,0.10252061287288879,1
7.170153582420361,1.1870059870796126,12.49396217733367,5.349990074233504,7.1439721031001655,-0.01698169328221714,31,79.9719220647603,2.72794030104413,85.87229746241611,71.4708891526401,14.401408309776016,3.578392748218344,0.08965838643912635,1
23.814313848429393,1.0675436942932208,26.307781526919374,21.17663563824349,5.131145888675885,-0.0041220351787707755,33,105.50994661428948,4.160478108935163,114.32815440239993,93.93948696474381,20.388667437656125,5.60010688628619,0.22570681141352553,2
3.26948110545501,0.2558089146100962,3.736282099271809,2.648343659907513,1.087938439364296,0.005566559516144084,30,61.571150191443394,3.06368589617768,68.00937790998546,54.65086662046778,13.35851128951768,2.674444502520292,0.05310086042226499,0
13.339046662523236,0.47970134246014273,14.516654641612138,11.958682071401872,2.557972570210266,0.0018760471095249595,34,80.55634965036266,2.702138912206235,86.87473909566008,72.69353665897563,14.181202436684444,3.982372902227388,0.1655865311031587,1
23.348156736095884,2.156418272792257,29.681822008080392,19.16290052237104,10.518921485709352,-0.023745824960852445,30,105.01874170061619,3.997810773985278,119.93725730609398,93.42971921409153,26.50753809200245,5.6658435548979,0.2223237122792072,2
23.939152611694094,2.6957801288772014,30.0,19.558909722190805,10.441090277809195,0.045965007707074554,29,104.51438317647994,4.5091207127924715,114.74737860141784,95.37989153131936,19.367487070098477,6.16257497910945,0.22905127174907466,2
24.56747001476667,1.3521389012410192,28.54161152548745,21.954502578281126,6.587108947206325,-0.020677949976155904,31,104.57234862101825,4.080414707442428,115.05517372005949,90.68436303768507,24.37081068237441,5.598123511363785,0.23493275329283406,2
16.45779469232538,1.4337881214554782,20.760730096685595,13.382201846498127,7.378528250187468,-0.002133905475095962,34,105.43110717731086,4.780669513263825,120.77055838562204,95.66702873398778,25.10352965163426,6.486321998004396,0.15609998772513284,2
23.884171543593958,1.5372026071368372,28.402052101329065,20.18212868365636,8.219923417672707,0.0061781359714467975,33,104.78860665117288,4.175077068842147,115.33996387082226,93.78527996014998,21.55468391067228,6.1015273505411525,0.22792717718992067,2
3.0751051262738973,0.26746437512220733,3.792970714859215,2.4372033095759917,1.3557674052832231,-0.0016602695590705733,31,62.2876038617174,2.2218061018785114,68.10416788808742,57.03153740667618,11.072630481411238,2.377269357460813,0.04936945533707443,0
30.0,0.0,30.0,30.0,0.0,1.3526773354174875e-16,0,106.07387697139153,4.123111681237229,116.21884359525961,94.71790094543621,21.5009426498234,5.698690442204081,0.28282175191229547,2
6.224481545137513,0.31052850431576845,7.2750428915350795,5.606678839235345,1.6683640522997347,0.0008555529526958637,29,61.6683356262446,2.302663207361311,67.63666283306638,54.78627565211511,12.850387180951273,2.450586806015837,0.10093480521231571,0
14.4191319021045,0.5829402062014927,16.302939470222068,12.935190635906526,3.3677488343155417,0.0066251546267458656,32,79.77863912578894,2.8370410643943837,88.91015885724119,73.20536289481261,15.704795962428577,3.731553959589298,0.1807392540079588,1
30.0,0.0,30.0,30.0,0.0,1.3526773354174875e-16,0,105.19456895950623,4.493392966300556,114.02271087838467,91.17827988562078,22.84443099276389,6.363921204370251,0.28518582291413186,2
30.0,0.0,30.0,30.0,0.0,1.3526773354174875e-16,0,105.25289176283368,4.476902688001682,118.21753331005354,95.9213077494073,22.296225560646235,6.379659013285545,0.2850277955552157,2
15.135570241955712,0.6513636546180113,16.89504309499392,13.473907099609066,3.4211359953848532,0.012698454245503829,37,80.15490485237112,2.9927088099507735,88.30308055269124,73.0262637141919,15.276816838499343,3.665794749673232,0.18882899407095963,1
5.898634627586465,0.2660440582153065,6.660170937361548,5.34272933790122,1.3174415994603281,-0.004284867854784424,32,62.4038258058823,2.480875170475927,67.887885042871,55.96965212096848,11.918232921902522,2.3953330802256176,0.09452360423240021,0
4.7132419058062105,0.3071006793144674,5.406992055259802,4.02138398504339,1.3856080702164117,0.007982192532106492,33,62.40286432670876,2.495567603681505,68.20638320671182,55.762804656789555,12.443578549922265,2.5923370896575646,0.07552925464448053,0
19.7943534532366,2.164350299223403,27.2529970059118,16.575679023844383,10.677317982067418,0.03829601777841929,36,105.50622801092243,4.251803219049982,114.99635535191076,94.10021204001362,20.89614331189715,6.000137819696768,0.18761312615189202,2
4.493837841826311,0.22876729109896835,5.036232898557002,3.9791643938218493,1.057068504735153,0.0010927138418629163,32,62.39932374193987,2.422650730452352,66.95439736283646,57.03788724492697,9.916510117909489,2.3445237517284254,0.07201741141288201,0
29.847941449565607,0.3661986148460092,30.0,28.536330496345926,1.4636695036540743,-0.0019086853655163793,7,104.90970971139156,4.409997316071514,116.05349694245614,94.36972106756342,21.683775874892717,6.303359406300562,0.28451075927258834,2
13.640433191595152,0.6620450971122472,15.51995504944259,11.955089836278466,3.564865213164124,-0.009421864743961015,30,79.78463617189487,2.731150857730116,85.72348908368767,73.8551656379509,11.868323445736763,3.9120102695117693,0.1709656604968577,1
5.406308282543789,0.3500549265576107,6.647654015274356,4.8407863385220935,1.8068676767522627,-0.006895232893229638,30,62.26818928286645,2.7182966686198613,68.29102914605069,55.69416234235328,12.59686680369741,2.4390298361834137,0.08682295499490973,0
6.498118237712414,0.24758049394488757,7.211220853390844,5.8168040316982905,1.3944168216925537,0.005612207193468767,32,61.70062041084261,2.515902915294619,68.03763235049365,56.83666483932421,11.200967511169445,2.6841670081444127,0.10531690101536813,0
29.998585857429113,0.014070540923115106,30.0,29.85858574291117,0.1414142570888295,2.8002823185858085e-05,0,105.24108942175651,4.015169274317795,116.03867229922106,91.75705050429183,24.281621794929237,5.615681578357081,0.2850463230398789,2
3.623659203742108,0.3016887364443624,4.41189455179894,2.9873497978361834,1.4245447539627567,-0.006898931602087989,30,61.684572269931685,2.250510568566034,66.81339232488543,56.109971728593194,10.703420596292233,2.5228173120462167,0.05874498292928081,0
15.583949810141768,1.0129668730623442,19.444079753791517,13.893577219362461,5.5505025344290555,0.014363505709665263,30,79.65717780765728,2.8257480910812407,87.6375779157921,73.7430393618109,13.894538553981192,3.4333484504329546,0.19563773213424068,1
23.60080370072904,1.2298629187565058,26.521700035788047,19.468200344784993,7.053499691003054,-0.015750055354611582,31,104.80082640931114,4.473920363215883,116.12122466809959,96.36574804709761,19.755476621001975,6.8342346019195865,0.22519673063795106,2
6.719977170319828,0.7043697012240342,8.76155942993471,5.312774661971609,3.448784767963101,0.006145688943892518,31,80.80650720610456,2.6467693714380367,88.22855842430519,73.98820122919186,14.240357195113333,3.5709645759816233,0.08316133588126216,1
28.594083494789693,1.2213062466826663,30.0,25.865160062811295,4.134839937188705,0.01967529077657056,24,104.87538293093309,4.738940713351417,118.3587823152031,92.8115090241049,25.547273291098207,6.366019579178252,0.2726481889555767,2
6.460059713002846,0.36598558614993804,7.53373366608562,5.657718567625884,1.8760150984597361,-0.0044531024528460875,30,62.300029542383896,2.567491407764232,68.26304846266427,55.59445923872831,12.66858922393596,2.327303713253184,0.10369272144430082,0
26.075149179811362,1.1022103180744345,28.60351601902938,23.22844460328102,5.375071415748362,0.004200512037129884,30,105.06009187195046,4.313146252762235,116.20386980052426,94.85535951160195,21.348510288922313,6.088677242551736,0.24819271016248123,2
3.2965610906412417,0.324618847557067,4.028090904916306,2.640154801959794,1.387936102956512,-0.005313093961067937,30,61.82409899421009,2.470891984653301,66.90248346816153,56.43270372670394,10.469779741457593,2.132537332062135,0.05332161876921733,0
4.58643821330752,0.15840643757750364,4.955382067181462,4.217353882744281,0.738028184437181,3.638180716610791e-05,29,61.78311136163099,2.608534328088957,67.6611401537701,56.14987427381256,11.511265879957548,2.6992303203484687,0.07423449609437002,0
15.892622002454964,0.5524850450185043,17.70609741754404,14.784284656344248,2.921812761199792,0.0029327924178866997,32,80.18959451700509,3.1153272158546974,86.53380276824444,73.9126079500791,12.621194818165336,4.027944078527752,0.19818808038612387,1
5.827867938449573,0.2784416941809701,6.420192087210271,5.12595243235365,1.2942396548566215,-0.006736377758535531,30,62.461060069359284,2.5093447225214076,67.55380468033674,56.56705586197614,10.986748818360603,2.4545226474068973,0.09330401755388165,0
29.60810282696733,0.6112377709314711,30.0,27.085839883500363,2.9141601164996374,0.003702064662286611,15,104.59644255669089,3.9446495461136224,114.80518811158838,92.79773328556033,22.007454826028052,5.520741782847123,0.2830698809651195,2
6.622232467599771,0.3515153661678452,7.5213806144441495,5.704978678756178,1.8164019356879715,0.006019921508881043,37,62.327096466818915,2.5352695406087755,67.45347202225643,57.40285853930367,10.050613482952762,2.5447857539511096,0.1062496528275723,0
4.5665533353417205,0.3201166331583752,5.406992055259802,3.728959720237527,1.6780323350222748,0.008598537305452202,35,61.735943572891856,2.5449163572942375,68.20638320671182,55.762804656789555,12.443578549922265,2.653958891140392,0.07396911745555257,0
10.278957361696795,0.6223265372696395,12.575658189042686,8.84546844826318,3.7301897407795064,-0.01098384599208672,31,79.97835654514765,2.6313669781718945,85.2710994274834,73.1826644844817,12.088434943001701,3.878716168007438,0.1285217360945971,1
12.538935810720927,0.6222739726372658,14.2002991257089,11.056319835474556,3.143979290234345,-0.004809552139549983,31,79.36622505494094,2.7581469651369326,86.49722474956869,71.42266253604906,15.074562213519627,3.766383005602745,0.1579883085538287,1
3.6717214295930285,0.2737315262531047,4.207634828293029,3.031735333275041,1.1758994950179882,-0.007078865379837602,33,62.36642229095955,2.5278999708631114,68.2015081353927,56.690468985129826,11.511039150262874,2.254321097235681,0.058873368646831965,0
6.05579742376604,0.23536582281873655,6.606157306129061,5.568134093061053,1.0380232130680085,0.00476952934159294,33,62.2137350506561,2.6137106078497316,67.83974867774579,55.65405741559301,12.18569126215278,2.519647052687623,0.09733859125314781,0
13.684967839075709,0.6702172497858967,16.09721807539212,12.261277671413742,3.8359404039783787,0.011315047574052944,32,79.95355893100853,2.9601606092217225,86.87473909566008,72.69353665897563,14.181202436684444,4.007862597806017,0.17116145736205354,1
5.954770742680239,0.23671296281999815,6.421923924638594,5.219833950375566,1.2020899742630275,0.0026924495798743846,35,61.524051949091614,2.3436522704772753,66.88179347677844,54.87101958445504,12.0107738923234,2.2573460116232464,0.09678768639653086,0
6.455372584126647,0.3172433136341255,7.211220853390844,5.6897780832831,1.5214427701077442,-0.007072832254360376,30,62.39912464302931,2.5575985380200112,68.37669040617973,57.39817760601775,10.978512800161987,2.4935255458233954,0.10345293331602613,0
12.727294288502664,0.7865250318227657,15.302472598475601,11.581896643593806,3.720575954881795,0.005384195103029955,28,80.00406231601761,2.8174492345730213,86.37517391795862,74.01597382957094,12.35920008838768,3.7944730198961953,0.1590830985450027,1
30.0,0.0,30.0,30.0,0.0,1.3526773354174875e-16,0,104.95103208767726,4.655683404004227,114.31639066696391,93.442106488579,20.87428417838491,6.466434487038447,0.28584759118033326,2
22.083538637128594,1.9983774027445544,27.27734530142452,18.471314735380417,8.806030566044104,0.005325846129640314,30,105.49953293216258,4.4682013776104075,115.76234080940358,95.68453163061591,20.077809178787675,6.707656055189436,0.20932356583990755,2
15.366411802099272,0.6447399811981313,16.975600891714727,13.893577219362461,3.082023672352266,-0.008208428392662165,34,80.08514087512036,3.3609078892610826,90.34817243370345,73.68945623089463,16.65871620280882,4.358561423302028,0.19187593906071454,1
28.009752961734048,1.2917347539600545,30.0,24.627505415505887,5.372494584494113,0.006070109713866624,25,105.18241042389697,4.369252088587118,113.89482117346734,93.78829634609141,20.10652482737592,6.261311868747626,0.2662969272386387,2
15.683821115061749,3.074477120286695,28.63819375960055,11.534130851565264,17.10406290803529,0.05004223448971959,28,104.852828723692,4.257412760071449,113.11930083291035,93.67627283464148,19.443027998268875,5.794216081781287,0.14957937860515283,2
7.682942131446814,0.8265594688796936,10.791916521323602,5.900355255811081,4.891561265512521,0.004286568313484211,30,80.74368126739928,3.418079834508215,88.51810882045416,72.33325745332637,16.18485136712779,4.819934338487383,0.09515223873495358,1
9.500401876166757,0.791277574630489,12.037584078126516,7.9654820477478285,4.072102030378687,-0.005216478991895145,32,80.00964862796621,2.88320124943696,86.98933718592231,72.32339980796164,14.665937377960674,3.6664145754105384,0.11874070090723193,1
30.0,0.0,30.0,30.0,0.0,1.3526773354174875e-16,0,104.90236649178156,4.664957872270541,117.07116705527214,86.76215559505424,30.309011460217903,6.6665924618065535,0.28598019965898586,2
3.476674995597195,0.527807312541848,4.83423459033731,2.5859632191201563,2.248271371217154,0.009143394107759288,28,62.29636335690313,2.4569808466814087,67.86590340100445,56.85567493986118,11.010228461143264,2.049720595111703,0.05580863396263254,0
22.46346511819676,1.4190133886338177,25.97187765457846,19.498987974031543,6.472889680546917,0.0012272678929040495,31,104.83911366940336,4.160501124586347,113.20383420963387,95.46516029865802,17.738673910975848,5.865271426912002,0.21426607034056327,2
10.752884182467689,0.5631115276163846,12.126131107351227,9.008769816420251,3.117361290930976,0.008878487313428173,33,80.0097194847762,2.9158967820647628,88.10775793568644,72.11129979131839,15.996458144368049,3.8677975277330923,0.1343947225076694,1
29.967647222316817,0.1333126726750599,30.0,29.042329669021175,0.957670330978825,0.0005785451411095036,2,104.78915632127213,4.895618460201187,115.14855261438186,91.12204401575491,24.026508598626947,6.890605744718715,0.28598042000127244,2
10.099055310883085,0.46581793564967267,11.220110960420085,8.726682899420334,2.493428060999751,0.005637240015486895,30,80.12082436194908,2.910651384412483,87.97143748797316,74.51741135329554,13.454026134677619,3.9047660833636386,0.12604781921878855,1
9.108253953022068,1.2257306573947222,12.497556466569124,6.970506761282206,5.5270497052869185,0.021422641291108834,30,79.96358970093445,2.857765670140541,87.87013203051453,74.25678194076495,13.613350089749574,4.007660857534215,0.11390501443447099,1
20.15332662767932,2.214276985565232,26.9958858287805,16.265484472637855,10.730401356142647,0.014781059157008168,32,104.54121050464975,4.120562290615089,117.2369644030929,93.86270813065289,23.374256272440007,5.872916792995693,0.19277877439542535,2
13.444549483913171,0.500962906807225,14.874164856173596,11.958682071401872,2.915482784771724,0.00665935906454499,32,80.2023768629415,2.8995117408087467,86.87473909566008,72.69353665897563,14.181202436684444,4.112614996302365,0.16763280394115834,1
3.9652383915897156,0.3055689659491866,4.793946806467893,3.2835231321561333,1.51042367431176,0.007937951695115146,35,61.77344741444205,2.314886611124127,66.209798212837,55.96959681716236,10.240201395674639,2.091345403624144,0.0641900119447222,0
19.915349630800034,1.2901462301971154,24.35222639324062,16.684337801611935,7.667888591628685,-0.005858682450656464,33,104.11829377889111,5.084326110727681,118.97439041756454,93.14407851914211,25.830311898422423,6.973347364837986,0.19127617939856675,2
6.0084884486427015,0.3381219668631189,6.789107697382205,5.34272933790122,1.4463783594809847,0.00748149170782674,34,61.4767578185393,2.3116298087880556,68.75822674405512,57.246742816442485,11.511483927612638,2.4696464638423814,0.09773593410117688,0
9.558710367203116,0.9045526605024421,13.398036484806896,8.202884044089288,5.195152440717608,0.012491803911793982,34,80.42135384572887,3.0749947664349278,85.99124259908638,71.56464000882663,14.426602590259748,4.589604736555151,0.1188578628840493,1
4.241912598475349,0.4540787456597221,5.893712783485766,3.316126443020228,2.5775863404655377,-0.005987248733126906,30,62.02830881109356,2.1607555654541364,67.61933533160725,56.79746323437627,10.821872097230973,2.2289704896129474,0.0683867190867209,0
24.618899971375235,2.7013708028410597,30.0,20.21219343445553,9.787806565544471,0.005027768914708652,30,104.05784138770055,4.484858893478426,114.90727390394494,94.58596392375392,20.321309980191018,5.824287722278796,0.23658860693699282,2
25.480415608621,1.3658185931765074,30.0,22.822120853110487,7.177879146889513,-0.018947515328261843,33,103.99762431822646,3.5572213742158127,112.42590295296571,96.56552454537793,15.860378407587788,5.119592988824807,0.24500959065798347,2
6.770054313013922,0.3921973770881027,8.001257320200008,6.079675442828197,1.9215818773718105,0.005166073756447179,30,61.7289869522572,2.6462849107792774,67.09149994369258,53.871355799136076,13.220144144556507,2.458480392711646,0.10967382647274337,0
14.530439816450487,0.617656109918676,16.202175878367246,12.86211134064971,3.340064537717536,0.007795405718586189,30,79.53702155280402,3.0002003586904946,86.47841030016224,72.83441620661095,13.643994093551285,3.8779053272064825,0.18268775156630787,1
22.60936988731742,1.1774845431021597,25.116285342146295,18.892414634054226,6.223870708092068,0.0037045024956503456,33,105.39531594512185,4.309320393737237,116.77966491420285,93.52282240915913,23.25684250504372,5.593593474831367,0.21451968211348388,2
4.720179140081351,0.4380043937874746,5.893818643461178,3.8785815899275207,2.0152370535336575,0.009831406265628548,28,62.62032540845741,2.4797643942220726,68.59118123489048,56.54604562572035,12.045135609170131,2.4015615710331804,0.0753777473035313,0
12.545602442166011,0.7540227116898703,14.902226922321926,11.063771815126287,3.8384551071956388,0.013051833625776967,33,79.8760487683772,2.7730528765100404,85.44057063928089,72.34147539539009,13.099095243890801,3.381515202715137,0.1570633810578449,1
3.5171926654318844,0.2384756532065729,4.094108373732324,2.909319945240446,1.1847884284918777,0.0008468148010713447,37,62.41640992251843,2.587888393132585,67.61028241509587,54.48018214740317,13.130100267692697,2.585439992784851,0.05635044715720687,0
25.30608945985281,1.3350313588998195,28.37148281839266,21.242551080028157,7.1289317383645034,0.009615927217596385,35,105.62779184893608,4.53075653330731,117.09558709777565,91.83930047913154,25.25628661864411,6.765904288423996,0.23957794418789374,2
5.140577704742173,0.27248983067491356,5.870295822133859,4.5164804455979874,1.3538153765358718,-0.006825931472486796,36,61.61171929946573,2.400591723442231,68.94806828061932,55.32591711676167,13.622151163857652,2.386835646168467,0.08343506202644936,0
3.5614120482657734,0.5466851977919044,5.744580815549066,2.839148811276341,2.9054320042727246,0.006380228654944714,32,61.60568399921512,2.4752573149732675,66.88748275465136,56.857448859677994,10.030033894973364,2.299227610879127,0.057809795448441934,0
3.8250332120729396,0.2314563512316987,4.553349229739831,3.2835231321561333,1.2698260975836972,-0.0006344293139461506,33,61.883965991600064,2.867033818724152,67.79791022152932,55.96959681716236,11.828313404366959,2.451531733539592,0.06180976104185657,0
5.152841868835868,0.2417555640178154,5.825264086699691,4.6180563042732965,1.2072077824263943,0.000193796000849406,35,61.632171757612426,2.397445770341874,67.25115921044545,55.47967766945648,11.771481540988972,2.4753326428087594,0.08360636398624159,0
30.0,0.0,30.0,30.0,0.0,1.3526773354174875e-16,0,104.8080684354566,4.716421705109949,115.92747142321106,94.38024907622179,21.547222346989273,6.2477500041731115,0.28623750214648064,2
17.610837204222584,1.3855054725273164,22.595286528064705,14.873832873350853,7.7214536547138515,0.01962047784656221,33,105.47414617109872,4.159320331640574,115.40367412819718,93.76839643452074,21.635277693676443,5.72197502627585,0.16696828252760862,2
14.046077487728558,1.2251702135169424,16.785300213094462,10.990436765846981,5.794863447247481,-0.008276241315298133,31,105.56660593193605,4.111103861537224,115.28770320489997,94.77133301148803,20.516370193411944,5.998328178905281,0.1330541721094129,2
6.162475613884383,0.24052726897525237,6.568052726903033,5.264464732244828,1.303587994658205,0.00392816704802771,32,61.64489975802914,2.5537454248369413,67.77059375476131,56.08090974864579,11.68968400611552,2.492344265139615,0.09996732151574973,0
4.118059167318853,0.2730586442777562,4.719273591504868,3.4389830318949675,1.2802905596099001,0.006312710556671714,30,61.54728449055087,2.566864555509197,67.91341980912837,55.618021126369136,12.295398682759235,2.5364527776587575,0.06690886745851826,0
15.736486349583124,0.812838522019396,18.702105716741144,14.200918802504422,4.5011869142367225,0.010491261140609944,34,79.59085727368138,2.812603513412876,87.30180555190232,71.85786900813363,15.443936543768686,4.014548722001574,0.19771725912882598,1
12.417891931299282,0.6118385422406784,14.250442798934328,11.059940910092532,3.190501888841796,-0.0008751718339375297,34,79.47391666739624,3.2320822597896637,89.3163210688702,69.40708537188505,19.90923569698515,4.282522606665926,0.1562511613340745,1
5.54392278217963,0.6586317846764161,7.878837475379706,4.556362138369495,3.3224753370102107,0.010417707129994598,29,62.22712680703225,2.109220054418474,66.93143930610857,57.48174026091045,9.449699045198123,2.271195352842193,0.0890917350286753,0
8.798241100919238,0.8471745550171618,11.941624051102055,7.262103440098227,4.679520611003828,-0.011140494847559064,31,80.6213143300796,3.0691654274207925,89.24261459462342,73.49897905600592,15.743635538617497,4.415801032322596,0.10913045842650297,1
23.798671134745437,2.238348601173756,30.0,19.790977603348917,10.209022396651083,0.029877791701956584,25,105.21698571377921,4.8164295797820635,119.200212160602,94.19338529140316,25.006826869198846,7.214164087003577,0.22618658714761278,2
5.479541415793639,0.2508292732146719,5.971963999070471,4.683462166938533,1.2885018321319386,-0.0047419862759444905,31,61.68088361132832,2.36191179919908,66.81917045552171,56.27178808879407,10.547382366727646,2.397538034996641,0.08883694600559061,0
2.656264692660045,0.3992296473859354,3.786717979796213,2.0857437508474606,1.7009742289487524,0.006923985603007051,30,62.03522996725159,2.251041904584142,69.71979520405397,56.1933618933529,13.526433310701066,2.649241173941677,0.04281864758530984,0
30.0,0.0,30.0,30.0,0.0,1.3526773354174875e-16,0,105.12887748893267,4.500481141829439,119.24856198701758,94.85600092570684,24.392561061310744,6.711994987591802,0.2853640258623915,2
8.763495184444968,1.337464427616646,12.991310678290978,6.27635086093019,6.714959817360787,-0.014736906378395899,26,80.60874638037052,2.8416798808787442,87.15779014004364,74.20119774721022,12.956592392833429,4.012240919381496,0.1087164292864203,1
20.626851833275854,2.255883722964927,26.9958858287805,16.363978905296566,10.631906923483935,0.01982465153030103,28,104.947532603037,4.087917476885236,117.36163545744284,93.86270813065289,23.498927326789953,5.696351544004613,0.19654441724468452,2
4.018785919673362,0.22015586461903727,4.6907429859055645,3.5143220227851737,1.1764209631203908,-0.0008911463430208567,31,61.73093397151114,2.2305293125284815,67.1980174221007,56.723250869485916,10.474766552614788,1.9153246591748414,0.0651016531910303,0
5.489013272235833,0.3313860348590567,6.720633745441763,5.007172986560691,1.7134607588810722,0.006289397949382218,29,61.97686038962502,2.5875987230695014,67.75803990468293,55.29437416152338,12.463665743159552,2.498748318458741,0.08856552508731426,0
5.968659351523359,0.19855662953595823,6.420192087210271,5.536377828633398,0.8838142585768729,0.00029014428862505056,31,62.430436484274836,2.362958401771701,67.55380468033674,56.56705586197614,10.986748818360603,2.4713638873834323,0.09560495796664507,0
7.304002773140146,0.6829480938793293,9.492309541617503,6.093464162988615,3.398845378628889,0.012126609551618593,32,79.66540509911727,3.171084555572127,88.53038905064365,70.95104525120053,17.579343799443123,3.937685450006127,0.09168349388758189,1
3.5147317437746506,0.34478430447433905,4.888363288849102,2.844547519553229,2.043815769295873,0.006135460501771185,30,61.601776119283315,2.596115649684467,68.85458908763519,55.93473930612177,12.91984978151342,2.259862501726968,0.057055687483964286,0
3.6803700637324708,0.3020649632395111,4.689666465179904,2.9506071375318026,1.7390593276481017,-0.0024882493512880283,29,61.70282762522633,2.7225452600577684,68.60894703336034,54.36933073004729,14.23961630331305,2.4891267859852917,0.05964669927997116,0
3.694320947480743,0.3174433662500842,4.646518626269264,3.1591075999327836,1.4874110263364808,-0.0049999297567717895,30,61.502562149699735,2.3145239942917213,66.97952553795677,56.64861637159779,10.330909166358985,2.398474672510115,0.06006775585090033,0
29.9430522353561,0.21490766685893606,30.0,28.36208975947883,1.637910240521169,-0.00033375419037385705,0,105.18218699375575,3.9771919424749638,113.19481880412599,93.35534673691807,19.83947206720792,5.601811296343603,0.2846779745362751,2
30.0,0.0,30.0,30.0,0.0,1.3526773354174875e-16,0,104.47402099196508,4.572592131044412,116.4838153344993,91.73893555432237,24.74487978017693,6.374704587026516,0.28715272397866765,2
2.7534315335971433,0.23302598337683852,3.46183921075592,2.050362051247297,1.4114771595086233,0.0035616188564999724,34,62.26102458362253,2.9022024401620845,70.35897654071653,56.213921505329864,14.145055035386662,2.432501204342719,0.04422399900719626,0
12.586257570242537,1.2874063802898943,18.175306151717688,10.982473046749945,7.192833104967743,-0.022271800401580097,26,80.62311278735315,2.8308047671110788,89.24151917899319,74.99353073160007,14.247988447393112,3.593870917326177,0.15611227325502858,1
27.385394403576612,1.2942691296841893,30.0,23.588195366898344,6.4118046331016565,0.004067815255659816,30,105.33060111623043,4.410462865217676,118.92141897127848,96.57841323102923,22.343005740249254,6.13564447650353,0.25999466302639496,2
12.006652245850942,0.6392079009365311,14.26978404542576,10.848602555015756,3.421181490410005,0.00939422020830432,32,80.02963918958349,3.030930848203798,86.58622590620661,73.55561526443708,13.030610641769528,4.361278757467441,0.15002756750384222,1
5.291268975658917,0.4529798403783058,6.783753315024353,4.556362138369495,2.2273911766548578,0.005395375017840541,30,62.2261062549282,2.5408672718220706,69.01784163752285,57.427578156756695,11.590263480766154,2.2343890628731655,0.08503294210549958,0
15.183295244595545,0.8210644201191554,18.25185644524706,13.613550350647,4.638306094600061,0.0067896078192147885,31,80.11592438667509,3.08212158241817,87.52448073772243,71.96794124668682,15.556539491035608,3.9222155526077183,0.18951656828919106,1
30.0,0.0,30.0,30.0,0.0,1.3526773354174875e-16,0,105.43077539466795,4.458160336798178,119.31148042145973,94.79500822561226,24.51647219584747,5.924469090995332,0.28454689442576486,2
30.0,0.0,30.0,30.0,0.0,1.3526773354174875e-16,0,104.84097633821271,4.336382637302972,116.1022696217328,94.85600092570684,21.246268696025965,6.465721991479239,0.2861476567813864,2
27.66087495507081,1.5265198526562973,30.0,24.343874170651716,5.656125829348284,0.027275251753244866,28,105.69609290946009,4.477273034277304,117.01831480702332,95.04805247435407,21.97026233266925,6.181583406851974,0.26170196013833097,2
10.595180289691157,1.2726998695721299,15.422196234024264,9.178702959374965,6.2434932746493,0.02649021523169629,29,79.93861425443697,2.883510887255178,87.97143748797316,72.3872722244811,15.584165263492068,3.7112660013759724,0.13254145391395275,1
10.20014217116085,0.8382782476385641,13.69732634646188,8.681177914178987,5.016148432282893,0.0043082942748147385,31,80.42965942805904,2.6832222899464364,86.91004325477678,71.35882539869264,15.551217856084136,3.938646748399331,0.1268206544311405,1
2.79007080989073,0.2298598911109098,3.311457964409767,2.217778806904969,1.093679157504798,-0.004196475254102576,32,62.05923205505087,2.2816023521554984,66.99837516267975,57.49010913677217,9.50826602590758,2.3250575270425196,0.044958190305312715,0
15.111249210496373,1.2208120699059894,18.30705999453517,12.31091906231883,5.99614093221634,0.013980741859106232,34,105.43547328374625,4.177679687168958,114.89409897271987,94.38690188162963,20.507197091090248,6.04189999844904,0.14332224816316777,2
5.118429887556198,0.3003153976044343,5.870295822133859,4.209684837784697,1.6606109843491623,0.005521723766446475,33,61.57567191520422,2.9227162460466363,68.94806828061932,55.32591711676167,13.622151163857652,2.455692433241236,0.08312422171341564,0
13.788586928890652,0.762443989039497,16.5125035796061,12.474609738100005,4.037893841506095,0.010261133084060422,28,80.57329198929274,2.8116720133622515,87.09903357308791,72.03638527278939,15.06264830029852,3.659968754646033,0.17113098419252887,1
9.518339043919166,0.8925805618605591,13.65214799433383,7.962347125059905,5.689800869273926,0.001537791192404877,31,80.27742181637797,2.765057854930085,88.81453730228513,72.98815999738544,15.826377304899694,4.054029735081091,0.1185680694519912,1
5.244652665380133,0.2978626772993805,6.07379755053603,4.550926388617617,1.5228711619184132,-0.006461606439408252,32,62.04712567477843,2.6343086266036817,68.13565730189072,55.96956076773824,12.16609653415248,2.704871388162006,0.08452692246121422,0
5.611291441159931,0.27215813693904867,6.387251638106595,5.133765894403737,1.253485743702858,0.0004376873484764894,33,62.37246402097553,2.3627543112845037,68.19930937177955,53.66192059635631,14.537388775423238,2.7206190916017468,0.08996424045887691,0
3.4872009597532876,0.5525318457761492,5.744580815549066,2.7746608632426315,2.969919952306434,0.008381522519899598,34,62.48636269433818,2.8571471044458354,67.6465563202521,56.857448859677994,10.789107460574108,2.2675890066651143,0.05580739146242333,0
13.730472626071094,1.2861420008774591,18.32542069643634,12.024271104823004,6.301149591613335,0.00875173009228753,27,79.87028707288368,3.0311397098072472,87.33817716799939,70.78086174093785,16.55731542706154,3.8115639914433483,0.1719096419627495,1
6.638893062038164,0.7682533773585071,9.24717950518752,5.312895078477247,3.9342844267102723,-0.013149874311689909,31,80.32796878983717,2.897093922888325,89.67026894927676,75.34648429186743,14.323784657409334,4.1809172810073605,0.08264734038974922,1
12.044743066954275,0.6320143382978796,14.386440536385741,10.662016548719526,3.7244239876662153,-0.0033010413086151675,33,80.3336802005166,2.7792324748324457,86.315196026672,74.01257987265957,12.302616154012426,3.716406895603916,0.14993391174107953,1
5.614730389381562,0.4611342033184059,7.162018673100082,4.834253686789835,2.327764986310247,0.005762206251559192,34,62.371304351469306,2.7596293721410916,67.16974651909491,55.683159404263044,11.48658711483187,2.962439042510935,0.09002104986807517,0
13.716180598054695,0.5989170250654244,15.561585697488576,12.498557141268389,3.0630285562201873,-0.010485612625504355,31,80.59108953531269,3.2948441171595273,88.74376385818691,72.76557055674753,15.978193301439376,4.066153399434408,0.17019475114367216,1
30.0,0.0,30.0,30.0,0.0,1.3526773354174875e-16,0,104.95665317083356,4.196544989008377,113.38101507369326,90.0933796093859,23.287635464307357,5.750371941357824,0.2858322822597818,2
19.437200280254267,1.6906114310619265,24.688331627802768,15.80742648295892,8.880905144843847,0.010997969931485658,32,105.08645434417166,4.176037090447803,115.92495741123435,92.56313074440361,23.361826666830737,5.850178343099332,0.18496389678950476,2
29.999749428533438,0.002493154613264518,30.0,29.974942853343812,0.025057146656187967,9.171832859389154e-06,0,105.81499400746321,4.273481667750001,115.90760794198962,97.06224679831921,18.845361143670416,6.123332972088459,0.28351132489698205,2
4.236797612015344,0.2516093675219459,4.9744824592865475,3.72773229205814,1.2467501672284076,-0.005305833056045649,32,62.43110349035816,2.5053634908270572,68.59671155815398,56.45167270611906,12.145038852034922,2.4025259740195275,0.06786356971579245,0
29.000127477487453,0.9609959185198528,30.0,26.73428414332908,3.2657158566709192,-0.0004545845031007053,32,104.40082579467735,3.8887973320986364,115.39433475829944,90.82073807594921,24.573596682350228,5.146420295841578,0.2777767989761357,2
7.051463092877425,0.4811130305610507,8.119403999749075,6.016614573095444,2.102789426653631,-0.004845301850299602,31,79.42858429321046,3.2600914795768703,86.74585070565917,70.95104525120053,15.79480545445864,4.2541326650570035,0.08877739754330212,1
9.277136539647959,0.7227779845134141,11.754401018474672,7.408538186896983,4.345862831577689,-0.009988712574480611,31,80.14822549547272,2.8838366432908185,87.58514384308846,72.03843467602351,15.546709167064947,3.568701825955362,0.11574974201296882,1
30.0,0.0,30.0,30.0,0.0,1.3526773354174875e-16,0,104.8810353713321,4.18593663280473,117.15367466494071,96.03950808739462,21.114166577546087,5.611726533374597,0.28603836344431965,2
12.32269330996118,0.6468996037544485,14.628461165838303,11.169776983507303,3.458684182331,-0.0011640433052311806,32,80.1601321692665,3.1714557055884587,88.55434556914679,71.31458629122523,17.239759277921564,4.535163888743794,0.153725958562725,1
8.203002429069286,0.6021986678773912,9.972534598630588,6.27635086093019,3.696183737700398,0.005559969977303742,34,80.26405814358918,3.0985707026925113,86.08478142767493,72.0218488617917,14.06293256588323,4.289360274019798,0.10220019416653778,1
3.4046334347453135,0.26879005930468053,4.094108373732324,2.7872634666043234,1.3068449071280002,-0.006983480912039828,35,62.18371598282773,2.7182325545753008,69.04943897583532,54.48018214740317,14.569256828432145,2.71858503029295,0.05475120497678703,0
2.6331030392078314,0.24422369737627675,3.1936993589690545,2.0843441975780608,1.1093551613909938,-0.006082246505609175,32,62.616792602132065,2.6954284661711014,68.97490596108076,56.24284745232997,12.732058508750796,2.087350467448526,0.04205106789623568,0
30.0,0.0,30.0,30.0,0.0,1.3526773354174875e-16,0,104.74222263842435,4.488373375323738,115.04006839125962,92.03532790077166,23.00474049048796,6.919390382468253,0.2864174442540152,2
4.521621648950133,0.38913637797737644,5.7053472636998706,3.848643578253294,1.8567036854465764,-0.004473569970717384,32,62.40846597589938,2.696055137425534,69.71192968680019,56.20781751800741,13.50411216879278,2.370381123034735,0.07245205447357445,0
13.300668142589263,0.6560002077636807,15.341145509777116,11.77058076229161,3.5705647474855056,0.0016915001387300527,31,80.24948590254236,2.859725420685974,87.7088918655523,73.08695335334068,14.621938512211628,4.243596800750911,0.16574147269928388,1
14.09815987133128,0.5610631784916073,16.15298397187595,12.787751174807868,3.3652327970680833,0.006592711514715634,31,80.10653942351992,2.8344035914571584,88.5084740672737,74.94805251655681,13.560421550716882,3.558831541134063,0.17599261928919788,1
29.456300116790256,0.7951434625681969,30.0,26.69244608632739,3.30755391367261,0.0013280067837111687,16,104.82725128484596,4.879517812518321,116.03416687681958,94.3453621568758,21.68880471994379,7.036021613266884,0.2809984949023463,2
21.481198019219537,1.4002342692390324,25.739531913393876,18.163447950321213,7.576083963072662,-0.0012822768055591788,30,104.87992792157287,4.545631025608349,116.35547403288732,95.56153976497194,20.793934267915375,6.260367386507355,0.2048170535592444,2
5.111814039436161,0.272107415071686,5.637053390609763,4.465350405447314,1.1717029851624492,0.004996407966152822,30,61.72479351491533,2.2910194041586482,67.23516850969605,55.34434238057642,11.890826129119631,2.4494014247525087,0.08281621801431724,0
9.353985076075412,0.7117982681757384,11.925469719544305,7.873159606963791,4.052310112580514,-0.008858553180436265,30,80.17917709928759,3.292582199936914,88.70022596028053,70.99744684893558,17.702779111344952,4.859198186957992,0.11666351910582289,1
12.71321922617485,0.5562316396470595,14.238733168262721,11.34485079429869,2.893882373964031,0.001995965981075901,33,80.26045210283058,3.0065048076302165,88.04190983032578,72.18831171990252,15.853598110423263,4.04006480373509,0.1583995446659955,1
4.702825447520073,0.23162584729367616,5.094086938922764,4.138910229685772,0.9551767092369925,0.004754868173822487,33,61.69383997665639,2.691127593446976,67.1751048397606,55.74904784931355,11.426056990447059,2.4449260570698828,0.07622844311638045,0
4.8628266441213155,0.3546075825851986,5.870295822133859,4.165478162458538,1.7048176596753208,0.009078806071745446,32,61.64968056422509,2.5289298232152904,67.5928990829855,56.002695493852364,11.590203589133132,2.440571523037838,0.07887837407652049,0
29.776650780691742,0.4304986744612309,30.0,28.19991414178905,1.8000858582109487,-0.00122634476854674,7,105.15572285817099,4.005429196109391,117.18644761786192,95.42566146335054,21.76078615451138,5.9908324904360075,0.28316718946134656,2
28.19881348511376,1.2640147024195194,30.0,25.215657472100023,4.784342527899977,-0.01790653674927475,29,104.50952335884189,4.4488662141654896,118.64977657031723,91.62244347507607,27.02733309524116,6.166171409988783,0.26982051308826993,2
22.717207988675295,2.0793801009113806,30.0,19.35322181131301,10.64677818868699,0.032866994327703986,30,104.21139102485432,4.755593542366122,115.1310771571092,92.91800760563173,22.213069551477474,6.562508153884204,0.21799159906872045,2
28.365565987932214,1.0763031898687798,30.0,25.865160062811295,4.134839937188705,-0.018045433218007657,29,105.48539939686334,4.953818723874895,118.3587823152031,92.8115090241049,25.547273291098207,6.568442193265969,0.26890513645692793,2
4.6439064525071565,0.26022200645907506,5.304291473955178,4.050842265936418,1.2534492080187603,0.006914550311876923,30,62.35585620530861,2.4588550332096397,67.49667236352155,56.34998729497647,11.146685068545082,2.719456635308385,0.07447426209244384,0
29.999749428533438,0.002493154613264518,30.0,29.974942853343812,0.025057146656187967,3.157516230313083e-06,0,105.57395472704202,4.153374684566153,115.90760794198962,97.06224679831921,18.845361143670416,6.147541941892036,0.28415861868524467,2
4.7807291554840665,0.2647255566116483,5.686610251039208,4.083899735834876,1.6027105152043317,-0.006521500354821988,34,61.502250357699374,2.8763459322047056,69.64666609426962,55.02862854050966,14.618037553759962,2.773514128371892,0.07773258783128391,0
29.82238151869438,0.4579213347765798,30.0,27.395574162934185,2.604425837065815,0.0006064865515151961,8,105.32953406714716,4.351435545707938,117.47479210750103,94.70354354187447,22.771248565626564,6.353956063703631,0.28313408484792735,2
7.281523470093214,0.6602482117644173,9.499467663351307,5.900355255811081,3.5991124075402263,0.0019730685267897504,32,80.34412812660089,2.899977073567623,88.51810882045416,73.9412546471565,14.576854173297662,4.030465446599281,0.09062919156942355,1
15.610230272916217,0.8703718280176476,19.31867004799888,14.145701839807435,5.172968208191444,0.0161522483599605,30,79.93460622451018,2.8818639343223396,87.08226540063666,73.20383168668032,13.87843371395634,4.289851643534896,0.19528750831379185,1
10.88619568899115,0.7491451147224486,13.720953726479895,9.654783394068161,4.066170332411733,0.013673579749688658,31,79.72617491921153,3.2113373664888942,88.51763901488971,71.71100382950317,16.80663518538654,4.395001852517758,0.13654481183221928,1
12.351426478857912,1.3818295703987096,18.175306151717688,10.906500534294644,7.268805617423045,0.008616364215756801,29,80.47618985047693,2.992714205093771,88.81917387410978,74.47704834164357,14.342125532466213,3.975438600646634,0.15347926322465488,1
27.910371606747134,1.2651763581215592,30.0,25.24204395328192,4.757956046718078,-0.015005985208699146,29,105.23100653521333,4.691460691583292,115.84949198216373,93.78829634609141,22.061195636072313,6.8887516610564585,0.2652295389019013,2
6.248409231443214,0.2241923421884868,6.746820256348558,5.6269570447840795,1.1198632115644784,-0.003406126058789625,39,62.42541717242375,2.477679078772065,70.66317165212145,56.46884618055645,14.194325471565001,2.4759275221606054,0.10009399078728848,0
6.550177601447184,0.77043441388759,9.904179972641874,5.240531549632895,4.663648423008979,0.0033005537318732212,30,80.57803454144982,2.83305174676321,87.03692267072985,72.88055929011344,14.156363380616412,4.058711256519423,0.08128986463163071,1
30.0,0.0,30.0,30.0,0.0,1.3526773354174875e-16,0,105.58640452801578,4.393282507082509,115.09147018033434,92.92702376131895,22.16444641901539,6.360459783448049,0.28412748639350116,2
4.060175820268148,0.27730239026265313,4.809492813330871,3.412963090486027,1.3965297228448437,0.006770994637508552,32,62.396212169624114,2.47272570720977,69.91052992958669,57.32576993959413,12.584759989992556,2.5884540012640014,0.06507086911236999,0
5.443285584881494,0.41868886685673384,7.10865076125698,4.763528109160843,2.345122652096137,0.005487691559524224,31,62.17394784923578,2.6442583479737594,68.35675059277423,56.39590635498244,11.96084423779179,2.543610882674663,0.08754929814866345,0
14.153686818170481,0.7322584482090796,17.0868234944726,12.487605429715805,4.599218064756796,-0.010529731597288795,32,80.55698782292379,3.0121500705800974,86.03841462531972,71.737140503553,14.301274121766724,3.8088076837807288,0.1756978137462708,1
12.3737435873072,0.7577222865844319,14.26978404542576,10.848602555015756,3.421181490410005,0.011902402273596445,29,79.85527001351626,2.8730733020974433,86.49722474956869,73.55561526443708,12.941609485131607,4.231468624881178,0.15495212063349992,1
3.7094979672114623,0.23188985490105174,4.3404107626658694,3.204646905496522,1.1357638571693474,0.004736738806021158,30,61.84738485469249,2.786795267348003,67.4987369957342,56.130758935281726,11.36797806045248,2.1984598310343304,0.05997824994457732,0
29.995808800421155,0.03339845917510417,30.0,29.677587122624587,0.32241287737541313,-6.211128909787028e-05,0,105.1861987625784,4.719969214625849,115.61448160163886,89.8538989937981,25.76058260784076,7.168358901396564,0.2851686710626143,2
28.835608724476803,1.0970152383940561,30.0,25.92406969211362,4.075930307886381,-0.02295351644005277,22,105.58696537482872,5.116644084369323,118.3587823152031,92.8115090241049,25.547273291098207,6.813614292047015,0.2730981835590556,2
29.889621117505268,0.29158142341405296,30.0,28.68909131445744,1.310908685542561,-0.0014556669763597446,5,104.8332516755227,4.449503059370859,116.05349694245614,94.36972106756342,21.683775874892717,6.2246365962832515,0.2851158421080274,2
22.832170130755994,1.4126603720938546,27.270722144282228,19.360333971394514,7.910388172887714,-0.01734746368167086,33,104.54313036148868,4.535053820575329,116.07630513498877,94.78918375980128,21.287121375187496,6.512718943579689,0.21839952403766288,2
6.582233692124768,0.5081044251820941,7.6463187911354344,5.384315243878259,2.2620035472571756,0.004967007136654151,34,79.6360932277361,2.7165878278073783,87.42844389555883,73.28737676680825,14.141067128750578,3.8405983658555574,0.08265389903856274,1
24.01740388039073,2.211226906673684,30.0,19.790977603348917,10.209022396651083,0.024245825489523667,26,105.25980092460155,4.825331757374219,119.200212160602,94.19338529140316,25.006826869198846,7.279371864129102,0.2281726113981726,2
6.68075479130402,0.3134218694059125,7.448356631697731,5.784134946835164,1.664221684862567,0.005678635334747529,28,61.68317764406778,2.889126069952338,68.64809279463695,55.67607112043749,12.97202167419946,2.7431960431676723,0.10830756355560357,0
30.0,0.0,30.0,30.0,0.0,1.3526773354174875e-16,0,105.39019143479436,4.517231623461477,116.42412566351726,93.77322806550677,22.650897598010488,5.989647166915939,0.2846564685661923,2
6.167736161976284,0.48577396323292266,7.912423046346491,5.429579351032337,2.4828436953141537,0.00454958527546353,31,61.59273489707468,2.6561927718196605,67.74395621145324,55.74147056682769,12.002485644625551,2.450748133764485,0.10013739562215515,0
29.76509321545123,0.49633055623689104,30.0,27.67266295547961,2.327337044520391,0.0009702695792234217,13,104.81768643837415,4.221824252265646,115.83951508279338,95.1182951581963,20.72121992459708,5.948230690674782,0.2839701384649526,2
21.052090997053956,1.3532938272429593,24.17610010446567,17.231546693069227,6.944553411396445,0.014834277008576709,31,104.78038122607332,4.298269274753246,117.22863951536175,89.21172837677142,28.01691113859033,6.214083460228208,0.20091634091992652,2
4.262288283531024,0.24973035675553007,4.842031777810278,3.701550519860021,1.140481257950257,0.0033259530023455755,32,62.12788614501601,2.6063452498000568,67.6842991653491,55.81121287859274,11.873086286756362,2.546463509900365,0.06860507381463321,0
4.441024564314114,0.2761325199021874,5.175279000163635,3.838806998866996,1.336472001296639,-0.006394644448731971,34,62.374510098545095,2.675735999154068,68.59671155815398,55.903945398553304,12.69276615960068,2.259184902243456,0.07119934867782399,0
21.246679479028288,1.1042645250014398,24.049194357066238,18.64247596433847,5.406718392727768,-0.004490183149054989,30,105.37463510191513,4.606264154719784,122.02212947816898,90.3239412883037,31.698188189865277,6.222396964120011,0.20162992030149596,2
29.554702017685226,0.6389556546873267,30.0,27.085839883500363,2.9141601164996374,0.006835582789041508,14,104.60388725222774,3.890509515666409,114.80518811158838,92.79773328556033,22.007454826028052,5.232584572948249,0.2825392297695569,2
4.257337328789003,0.2799657208465178,5.090061347616232,3.5779999239999523,1.51206142361628,-0.004176294368279243,29,61.6740503044139,2.504830967068363,67.00962539574864,56.31541950514732,10.694205890601324,2.4884037259957914,0.06902963626915673,0
15.38574523010901,0.8502452031666472,18.662668100389087,13.73642881380471,4.9262392865843765,-0.004271676330421047,34,79.80240659174954,2.9822598168130092,87.5676040843037,72.6908746153627,14.876729468940994,4.0006753401275486,0.1927980081605919,1
14.89148397106652,0.9171807957464057,17.794451243950206,13.21438729586114,4.580063948089066,-0.006290962817675691,30,80.60315167550257,2.8143959336810958,87.0926366711521,72.79800667178728,14.29462999936483,3.8148250268610746,0.1847506391098327,1
21.12518548990879,1.7892817103061935,29.456435960073318,17.72875669924643,11.72767926082689,-0.011243944547072077,28,105.6335296756182,4.541658192866371,115.38036946259784,93.01285974314565,22.367509719452187,6.00953167692525,0.1999856045215461,2
11.13480205602237,0.777638596763425,13.819136187072388,9.517804287553245,4.301331899519143,0.008956453532164614,28,80.1688172754142,3.0281183308424584,87.64890078672433,72.85006734331904,14.798833443405286,4.118251787448189,0.1388919319949255,1
5.591808177053906,0.23757816979723306,6.3373638415321825,5.104629733981615,1.2327341075505673,0.0013662724364784944,32,61.665379908653556,2.531405000237288,68.41343051234996,56.41543065629988,11.997999856050079,2.221994978287604,0.09067986112559961,0
25.020097066441505,1.6625789234055834,30.0,21.832500002972946,8.167499997027054,0.007863403742585751,27,104.13519253180147,4.694038720719383,118.30186752514493,90.68436303768507,27.617504487459854,6.443876161538725,0.24026552616720023,2
5.467045816969769,0.26201657979416243,6.133693207621387,4.644583615028318,1.4891095925930689,0.004467563428326398,32,62.249015191930866,2.7413057372806655,68.7234888359096,55.92900618608405,12.794482649825554,2.129207038962695,0.08782541719395791,0
25.72034682728317,1.5212193790276678,30.0,22.20981565509513,7.790184344904869,0.029843048709161386,30,104.61333028930683,4.481849260194007,113.84425137742244,93.50846379791233,20.33578757951011,6.59964467748849,0.24586108204654988,2
8.56627333253394,0.6002679845232379,9.961770706503847,7.133425512834986,2.828345193668861,-0.004453708849394315,31,80.1757350104775,2.949207611462845,85.91809880671049,72.79692913190566,13.121169674804833,3.8841742372346255,0.10684371305820611,1
6.212974442883003,0.21776872317417584,6.789107697382205,5.501248215456686,1.2878594819255191,-0.00036546566411329,32,61.580037561467385,2.6554995394112137,68.75822674405512,55.34084775089771,13.417378993157413,2.400372424123761,0.10089266892357326,0
15.292240366101078,1.6367311373151288,20.080930767061826,11.372567027225102,8.708363739836724,0.016238474162612298,34,105.49722796921779,4.628155017987864,115.94474900696295,93.57473865956509,22.370010347397866,6.849968192203977,0.14495395296650948,2
10.736513033909256,0.9083116592506069,13.956423055929749,9.560807380089631,4.3956156758401175,-0.006057771229362926,32,80.02005368252557,2.550012342231955,85.06325772998535,73.1826644844817,11.880593245503647,3.6071011436710463,0.13417277801803165,1
22.339062838106685,1.4636565491788978,27.415071170127447,19.238933058345623,8.176138111781825,-0.023142843652532767,26,105.08795944803211,4.212525640154318,119.93725730609398,96.05724379370058,23.880013512393404,6.074519500097145,0.21257490147174143,2
21.109825774963493,2.4043048909126266,30.0,16.7599860757141,13.2400139242859,0.017716024585362904,31,105.61220570516466,4.501257123530186,115.77719684801457,95.75888573604142,20.018311111973148,6.306174993768824,0.19988054822010626,2
30.0,0.0,30.0,30.0,0.0,1.3526773354174875e-16,0,104.19627376886717,4.778310101522561,116.4838153344993,91.73893555432237,24.74487978017693,6.478187647277944,0.2879181627802658,2
8.250765556578777,0.8617317556495487,11.573157826924366,6.832618292862531,4.740539534061835,-0.007054189472891613,32,80.07204034921152,2.6319267471103274,86.57341021114148,70.67690508914913,15.896505121992348,3.5789598250491976,0.10304177859779297,1
4.892168825847455,0.3397768819952712,5.708901104087575,4.183544558870381,1.5253565452171944,-0.004974431636813907,34,62.177374603606594,2.531447240443464,67.78645927884882,56.361977848125704,11.42448143072312,2.6378913459755275,0.07868085100657876,0
15.922920253624222,1.2416567966469445,20.9410976677697,13.334177040934044,7.606920626835656,0.0033471978524633947,34,104.34644632853382,3.8335977868054303,113.94243652242692,92.8841253367305,21.05831118569641,5.237457181839273,0.1525966687058454,2
8.6250396278606,0.7011934169774646,10.657009359918131,7.133425512834986,3.5235838470831453,0.0014733129959936906,30,80.0756215633405,2.65636188148654,85.25621079350158,72.79692913190566,12.459281661595924,3.261700372085895,0.10771117790608646,1
13.692802964792422,0.6174634744810104,15.502840370007101,12.616464968170215,2.8863754018368866,0.002493647575334036,30,80.21341500406805,2.8237084451409094,86.82894495748118,72.56170413983287,14.267240817648315,3.8392104668380425,0.1707046482610588,1
13.731365555684869,0.612772287462547,15.502840370007101,12.616464968170215,2.8863754018368866,0.0030199600449101393,31,79.96652724498675,2.6524205087408097,86.82894495748118,72.56170413983287,14.267240817648315,3.3694326499704452,0.1717139140218422,1
9.459307259164925,0.8150082687614795,12.19507830106399,8.071334480093874,4.123743820970116,0.005402920070565107,30,79.97759982539236,3.019932693747586,86.98933718592231,70.7819038127376,16.207433373184713,4.067211824423613,0.11827445636705894,1
23.96880097918227,1.5776346303222855,29.22363920447511,21.18427172053874,8.03936748393637,-0.00846790509309569,31,104.4128892460746,4.3074361655639315,113.78873885717582,95.02265428173128,18.766084575444538,5.7696929019081695,0.22955787281334622,2
26.193123878229823,1.4627962734621838,29.648005673947026,22.70862499634073,6.9393806776062945,-0.002091159207222635,33,104.78524248777272,4.417712673702552,117.64515871426671,93.90476301589152,23.740395698375195,5.857464266714012,0.24996958547208292,2
9.398385914183887,0.520794104058199,10.697178645383891,8.222582428472638,2.4745962169112534,-0.005798486856194407,30,79.90527693486808,2.9175398297882955,86.83171154048735,73.05046420145365,13.781247339033698,3.7051603826741757,0.11761908796368425,1
11.653346901974974,0.6547388811017623,13.765316364041329,9.92777965022487,3.8375367138164584,0.0023137110226868407,30,79.77307372093334,2.790528191174978,88.07094521390421,73.434219438369,14.636725775535211,3.5904238627624654,0.1460812052530427,1
30.0,0.0,30.0,30.0,0.0,1.3526773354174875e-16,0,104.57707028081774,4.420448169264931,117.14137266129002,91.8657417792253,25.275630882064718,6.409292098717141,0.2868697663127502,2
29.6157226857853,0.6217118422481873,30.0,27.085839883500363,2.9141601164996374,0.0010374612857511896,13,104.70597610538452,4.203146431458218,117.54897141092643,92.79773328556033,24.7512381253661,5.98980954681015,0.28284653373682433,2
17.971454466077795,1.390298002472479,21.921603444146246,14.686263533183634,7.235339910962612,-0.012245454987583906,31,106.01225330481971,3.7943539089259346,115.27258334239639,97.5372603916536,17.735322950742784,5.134656558989245,0.16952242534531922,2
24.20776811107347,1.6032054378146345,29.22363920447511,21.18427172053874,8.03936748393637,-0.0037550664712927167,32,104.47465274008461,4.198715567880606,113.78873885717582,95.02265428173128,18.766084575444538,5.864559698153978,0.23170948401799285,2
13.239560564802908,1.0312764355331745,16.64645146098703,11.504794029350995,5.141657431636036,0.017214342911700074,32,80.09077020278016,2.912024511863445,87.44114832106317,70.98349870333271,16.457649617730453,3.947988453172475,0.165306943184277,1
8.90817025587501,0.8586744338575064,12.19507830106399,7.3869962759631855,4.808082025100805,0.015471348457521066,32,80.00362689812874,3.061524953987109,86.53629816053333,70.7819038127376,15.754394347795738,4.195967839741529,0.11134707875020465,1
4.121367959823867,0.208440279862975,4.614056656398499,3.5478051955113292,1.0662514608871696,-0.0010134796662566409,29,61.65168196894518,2.416338278916288,66.75583642375045,56.573924997419624,10.181911426330828,2.3558085313708337,0.06684923689593127,0
14.010880994520512,1.1428327550400807,18.461105315196075,12.212599895369557,6.248505419826518,0.004563432541120369,29,80.05793644905506,3.02446460192436,86.7829953881611,73.31678331638248,13.466212071778614,3.893208198907979,0.1750092675499709,1
3.5839835230412014,0.32798595376405254,4.5716428560989515,2.899354905109747,1.6722879509892046,0.0005375552266513067,36,61.81449187889759,2.501867326602092,67.40310584254766,56.63336994806537,10.769735894482288,2.74369083057759,0.05797966392869514,0
21.678309931531068,1.371982997750321,26.562047198435756,18.3229801643247,8.239067034111056,0.012364710936110216,32,104.83807628826806,4.835937898987903,122.02212947816898,90.3239412883037,31.698188189865277,6.468595663929998,0.20677897279557403,2
3.1895262881521855,0.3849744468936979,4.570314702240407,2.405224021156587,2.1650906810838197,0.005488885057132098,34,61.5033994631508,2.711364226395738,67.86534162454511,55.17175088152479,12.693590743020323,2.3810622436737052,0.05185934865606596,0
20.210484027097497,1.7761086402325226,27.26843556305815,16.684337801611935,10.584097761446216,-0.016096685978794146,34,104.54691214488086,5.1280938531648514,118.97439041756454,93.14407851914211,25.830311898422423,6.961281309391251,0.19331497620680446,2
3.244090586854414,0.42117427360456,4.657986248838752,2.5866301032619594,2.071356145576792,-0.010889455325498749,33,61.90789951904002,2.613479101068927,67.33876330912592,56.20311706085301,11.135646248272913,2.85870137835358,0.052401883437424614,0
3.8880403678800293,0.5389827981794685,5.589670676536595,3.018484733068063,2.5711859434685316,0.013388635133938315,34,62.15265238170771,2.366210756328047,67.99564317570146,56.825283504019666,11.170359671681794,2.038130999754519,0.0625563054243526,0
3.659953360227711,0.31477566948347097,4.336098536454095,3.0347964257640707,1.3013021106900244,-0.008080433387264933,35,62.35768030581823,2.444868244737765,67.87537458810658,56.16775465079267,11.707619937313908,2.270968783758434,0.058692903321378345,0
27.14517761407783,1.1704658499263751,30.0,24.374801077983925,5.625198922016075,-0.0074920795745367546,31,105.11587644772246,4.029679087103032,113.35457797752767,93.55213110147534,19.80244687605233,5.780953048977444,0.25824050821987393,2
15.434780531059083,0.46637844794441125,16.98597760444133,14.310179506250515,2.675798098190816,-0.004678949161835627,31,80.3286513316437,3.1904521367301433,87.38784201654977,72.14254975949423,15.245292257055539,3.746058984978727,0.19214539374238815,1
9.313256785769315,0.8654756194385563,12.19507830106399,7.891589835166886,4.303488465897105,0.014021078265137385,31,80.28140494165167,3.0784056510995157,86.98933718592231,70.7819038127376,16.207433373184713,4.404888967194825,0.11600764431726779,1
5.386849612431036,0.22986220306219166,6.029469813549588,4.874409191717876,1.155060621831712,-0.0029584287276488786,33,62.18509736921365,2.4666989584615506,67.98967182812427,55.985884697583195,12.003787130541077,2.212451518791456,0.08662605276343724,0
8.307560101787779,0.809220204721831,11.115163520252416,6.27635086093019,4.838812659322226,-0.006558316198420953,31,80.67895381792484,3.1120060207864997,87.15779014004364,72.0218488617917,15.135941278251948,4.350418508277334,0.10297059648995413,1
24.31488876295565,1.7518855723023223,29.22363920447511,20.545742688797866,8.677896515677244,0.008092882459266143,33,104.50330532811475,4.37970697595453,113.78873885717582,93.78527996014998,20.003458897025837,6.254325464956556,0.23267099977308722,2
10.22634627254951,0.604613539540522,11.362065540583302,8.550494728465205,2.811570812118097,-0.012217164914903454,32,79.79521684138618,2.446806517465858,84.55397817679379,71.49094011026963,13.063038066524157,3.47051723697963,0.12815738272532876,1
20.895034428227287,1.4471224461098466,25.272170833712217,18.107959144173474,7.164211689538742,-0.008762832340448385,34,104.8390231422116,4.340428389490137,115.5450618040573,92.46550156421351,23.079560239843786,5.9512601077958855,0.19930588441841732,2
6.865772635107154,0.3380216395947532,7.921463846792112,6.220763037726019,1.7007008090660936,0.0006518108580227777,32,62.52935834336589,2.7374258217629515,68.59203842890194,56.69285969868307,11.899178730218871,2.415284654434031,0.1098007832993348,0
6.214170431465109,0.46459193148056915,8.225575675169845,5.610488795991922,2.6150868791779223,-0.0008752462266281445,30,61.4413875495365,2.6193282857841087,66.77137152914584,56.02227319620788,10.749098332937962,2.27472550672289,0.10113981109744935,0
8.08463106722882,0.9161697206501879,11.4913921790123,6.236853060202778,5.254539118809522,0.0004139123232170184,31,79.75794529864159,2.9584715553541807,85.89333521216327,71.06747186761038,14.825863344552886,3.9861710992732777,0.10136458425041613,1
8.821758475573581,1.081262147295994,14.063280412031194,7.441670440341926,6.621609971689268,0.003551877710301921,30,79.81698082920367,3.078259919321551,86.54275915076414,70.8395282629942,15.703230887769948,3.8506848281800536,0.11052483160100963,1
13.834622569545315,0.77280276649064,16.09721807539212,11.955089836278466,4.142128239113655,-0.011255436850780572,31,79.5755780775701,2.54462913224455,85.220196526138,73.8551656379509,11.365030888187093,3.524983747509524,0.1738551290473093,1
23.489131663860075,1.2720915702544995,26.70323411583834,19.840251202419495,6.862982913418847,-0.0067821171825510045,32,105.94871792124538,4.455484286857608,118.5399063901486,97.09062087794794,21.44928551220066,6.307040004428338,0.22170283796749066,2
4.509735699563459,0.23734987922710854,5.175279000163635,3.838806998866996,1.336472001296639,-0.0027910008977379305,36,61.69008770682858,2.300241361979619,66.92660713422732,55.903945398553304,11.02266173567402,2.2610335260784615,0.07310308339797003,0
9.450945097739345,0.7426038570554303,11.381852178085266,7.794277323019337,3.587574855065929,0.012693818738336892,35,79.90593883824951,3.0494890244148594,86.36531460504668,70.71296186161972,15.65235274342696,4.077950151349558,0.11827587682305628,1
10.503711565159515,0.9389422551227793,14.515302514643162,9.303448250883076,5.211854263760086,0.011723292056058258,34,79.55445418186427,3.192411480242454,87.40958775038186,72.13196553364446,15.277622216737399,4.01259756972088,0.13203172017390682,1
3.1920254978822795,0.4463221794956008,4.484984858775201,2.223686323097622,2.261298535677579,0.012110059963749307,33,61.9531929268568,2.7461727121411954,68.67409748039893,56.098420011394964,12.575677469003963,2.646030641023058,0.051523178960730415,0
15.734266428035792,0.9609950354637278,18.876835606659505,14.155369518670687,4.7214660879888175,-0.012510256790702159,31,79.79221721949331,3.5416058926158116,90.34817243370345,71.55050169902658,18.79767073467687,4.65872238459087,0.19719048773345038,1
23.147054997982753,2.1429213202010806,29.681822008080392,19.238933058345623,10.442888949734769,-0.04502247556383857,27,104.75390232074889,4.019635645828031,119.93725730609398,93.42971921409153,26.50753809200245,5.850344938805615,0.22096603815428378,2
5.516984997271996,0.6793646463578366,7.878837475379706,4.556362138369495,3.3224753370102107,0.012086685827089532,29,61.66008902972285,2.1515248094048287,66.93143930610857,57.427578156756695,9.503861149351877,2.1775967613881515,0.08947416383291963,0
30.0,0.0,30.0,30.0,0.0,1.3526773354174875e-16,0,105.38974859421383,4.504728357680415,116.3699315214522,93.46036738509949,22.909564136352714,6.6947473830241195,0.28465766467336856,2
14.999157866349197,0.8956341622850913,18.88268130187318,13.857670772821054,5.0250105290521265,0.0066928316842390706,31,79.71157475307315,2.3018459134698506,84.67725208529433,72.86588964696848,11.811362438325844,3.023015536290243,0.18816787555188846,1
3.6193927530717764,0.3494131418401389,4.555687624504472,2.899354905109747,1.656332719394725,0.008737921443520634,34,62.40906528175077,2.4729996903962426,67.40310584254766,57.0795671325059,10.32353871004176,2.863395771289587,0.05799466277434333,0
30.0,0.0,30.0,30.0,0.0,1.3526773354174875e-16,0,104.86458905278529,3.9953614498353454,115.44449186340813,93.31081999725696,22.133671866151175,6.036254049388361,0.2860832239452709,2
7.376332283066112,0.6308360662070824,9.492309541617503,6.099154376445359,3.3931551651721445,-0.01022262378440514,31,79.40486868744641,3.4635018038007104,88.53038905064365,70.95104525120053,17.579343799443123,4.319100069639968,0.09289521300268919,1
30.0,0.0,30.0,30.0,0.0,1.3526773354174875e-16,0,104.7347035882571,4.0371586409640905,114.45729931655706,94.58906803449375,19.868231282063306,5.814069948924868,0.2864380065608512,2
3.0776583284970025,0.21752448397002278,3.5122738033213023,2.4926588473321716,1.0196149559891308,0.001030312517917914,30,62.164290264194626,2.7734887081901105,68.18666399847379,54.719447585869304,13.467216412604486,2.4236028864353285,0.0495084600163321,0
3.6143296343408666,0.2001374115057214,4.046285807376955,3.0869657177325753,0.9593200896443794,-0.0009674105267900474,32,61.67497922488662,2.610769516148498,68.32977527792664,55.95664075354515,12.373134524381491,2.2329955253797413,0.05860285031566885,0
6.6776216782996825,0.918626981122432,9.419328401893003,5.061258746816578,4.358069655076425,-0.009355568547000467,32,79.21536625817502,2.7231328145030202,86.88020663174436,74.40058058471836,12.479626047026002,3.0953117297314963,0.08429704878519707,1
29.859640148222162,0.35215968985722734,30.0,28.536330496345926,1.4636695036540743,0.0019909563985347364,4,105.26175302271078,4.5595770382493575,116.98868304518305,94.36972106756342,22.618961977619634,6.702212895213678,0.28367036465856144,2
5.568898329006187,0.2644964567113248,6.111603226978235,5.0377276953037455,1.0738755316744895,0.006542757969709118,32,61.69374852853594,2.379527250533574,66.99586190522189,57.05995964655236,9.935902258669529,2.6455625883659897,0.09026681586973959,0
9.429124045505828,0.5851992582573179,11.35282482716576,8.222582428472638,3.130242398693122,0.0022197718913730194,30,79.87823044477521,2.8197793851209405,86.83171154048735,73.05046420145365,13.781247339033698,3.760237797745225,0.11804372574303637,1
3.73280124773608,0.21370196750716194,4.3404107626658694,3.30513303636492,1.0352777263009494,-0.003915132962876224,31,61.943860704614195,2.270327788727675,67.07434331228436,56.130758935281726,10.94358437700263,2.105930652496336,0.06026103547654705,0
11.069580562389728,0.7636050401524987,13.720953726479895,9.280672053055143,4.440281673424751,-0.01138366050572914,29,79.41903738755013,2.4658011245823577,86.3001748058357,72.84055526924271,13.459619536592982,3.348063751921778,0.13938195157151406,1
30.0,0.0,30.0,30.0,0.0,1.3526773354174875e-16,0,104.64084870306743,4.268840236615508,115.81314919525684,92.54397948473687,23.269169710519975,5.901227827363352,0.28669491967170624,2
3.251904495260783,0.27258172784993057,4.064525665127424,2.595343654941014,1.46918201018641,-0.0013212097207134777,35,61.672299845663055,2.4278772582314665,68.0737925693877,56.337744253634426,11.73604831575328,2.1438848800039367,0.052728768842251895,0
13.94613207204513,0.7312808102146412,16.03185228619924,12.393874488959437,3.6379777972398024,-0.0028346884411940085,28,79.55258187261661,2.87098110124718,87.60223947805342,73.8559041048195,13.746335373233919,3.682479012671189,0.17530709335203284,1
30.0,0.0,30.0,30.0,0.0,1.3526773354174875e-16,0,105.56130488613441,3.7102651384534098,114.15113578368708,98.53415846166548,15.616977322021597,5.14361386524375,0.28419504427465153,2
13.292814134179975,0.5003864631797739,14.482436653117627,11.958682071401872,2.523754581715755,-0.001935235618608637,31,80.14845754531467,2.6142529817440643,85.11734545388231,74.01966750162084,11.097677952261463,3.367419028186555,0.16585239910340172,1
3.610961937099808,0.6299632329157371,6.483753780540865,2.79446284739731,3.689290933143555,0.011241327603690177,29,61.48105156949263,2.543470400248916,66.73182241720379,54.95866850750308,11.77315390970071,2.2047834445850296,0.058732923172034227,0
30.0,0.0,30.0,30.0,0.0,1.3526773354174875e-16,0,105.86861313897666,4.3268165991701455,117.15367466494071,96.35544559146727,20.798229073473436,6.179162107329742,0.2833701021212781,2
4.022043821673566,0.2249067072654406,4.671314884753255,3.5374127963451607,1.1339020884080946,0.0008505423220173937,32,62.293996295352116,2.5265541594735303,67.22118455189117,56.44601781686299,10.77516673502818,2.273715518241858,0.06456551186792533,0
7.501847907804575,0.7987253509995129,10.791916521323602,5.900355255811081,4.891561265512521,0.008123359701895948,31,80.4328432270754,3.3024719744716156,88.51810882045416,72.96779921278339,15.55030960767077,4.433246172378904,0.09326846489010884,1
11.638696287077751,0.7669542244911064,15.17330323034524,10.195415432927877,4.977887797417363,-0.016384263725612216,32,79.31179901480974,2.7801468521079404,85.57146150660479,73.29731289065792,12.27414861594687,4.109598358411903,0.14674608677276876,1
5.867858441604998,0.5241490381862685,7.651430934381399,5.130320854872151,2.5211100795092483,0.0033267167423072443,29,62.335960906431986,2.587549951238927,67.85377550523253,56.09765289450039,11.756122610732142,2.3822618864623872,0.094132796898407,0
29.966746218880573,0.17633485266390062,30.0,28.823197021970483,1.1768029780295173,0.00037460031402375025,0,105.11701367445288,4.344544962159883,115.45546172369268,93.12895293763722,22.326508786055456,6.1438960583021025,0.2850798827543525,2
5.332071094012596,0.3802277893731665,6.473730035646185,4.650359680087593,1.823370355558592,-0.007974104105518954,32,62.072565854405745,2.5830292020974555,67.35734867933922,56.725478826854825,10.6318698524844,2.745256629162021,0.08590060576227226,0
4.734080999135432,0.3368322242963112,6.169971952397169,4.134440191427401,2.035531760969768,-0.00022971101962256552,30,62.80306818322086,2.5376861678609877,69.58174523454927,55.43522176052849,14.146523474020782,2.120303637448117,0.07537977141410535,0
17.795085018328713,3.003310363043976,29.02350286374708,13.063896445960298,15.959606417786782,-0.04147979428205033,34,105.46578857435576,4.412731887588056,117.5562892261242,95.31079353940386,22.245495686720346,6.40863178757898,0.1687285051403591,2
6.243109689930444,0.22116741657602687,6.911099665182382,5.85271082438726,1.0583888407951223,0.00043580522518279254,31,61.567732392631996,2.3776226431852385,66.55900039558905,55.34084775089771,11.218152644691344,2.484260852506512,0.10140229867025731,0
11.018907626151753,0.9584977508680865,14.16239474750303,9.090524274996458,5.071870472506571,0.0051592689863885315,28,79.67512250926895,2.8335204284561755,86.34269716106213,72.84055526924271,13.50214189181942,3.9009613918467196,0.1382979673055653,1
30.0,0.0,30.0,30.0,0.0,1.3526773354174875e-16,0,104.87324525019635,4.45194872287128,113.64430352819329,93.12589003126216,20.51841349693113,6.175374644664794,0.28605961074599456,2
4.942639206319674,0.2225320395409469,5.421016569413109,4.127132770925268,1.2938837984878413,0.0014945300875441147,26,61.6815852916137,2.8488531385492255,68.84875388772184,55.722149837835936,13.126604049885906,2.6902079518175728,0.08013151903960812,0
13.872043116554288,1.108342706270808,16.475734432240852,11.47896228244858,4.996772149792273,-0.0077156371757228755,27,104.86553896625078,4.096046642700514,115.7293220976004,94.77133301148803,20.957989086112377,6.071517233412641,0.13228409562396545,2
29.796099297521533,0.46646604067435077,30.0,27.492372590245786,2.507627409754214,0.0030226575848635875,14,104.66013641485803,3.9612604191411904,114.23550294424702,95.67913946739512,18.5563634768519,5.708066805786287,0.2846938675363476,2
5.57219177363143,0.2707969388084174,6.16228589062105,4.983987759388035,1.1782981312330145,-0.006785991402783264,32,62.279709313678126,2.7860508786668623,67.98967182812427,56.135393876132966,11.854277951991307,2.4812437143213963,0.08947041894649986,0
23.359000721059992,1.5794514907950825,28.402052101329065,19.468200344784993,8.933851756544072,0.020964150759716624,33,104.82038962719069,4.180727649764892,115.33996387082226,93.78527996014998,21.55468391067228,5.940986736757153,0.22284786940109538,2
28.63796319980382,1.2669784704747284,30.0,25.215657472100023,4.784342527899977,0.02377769947221968,27,104.774233317575,4.835447141983097,118.64977657031723,91.62244347507607,27.02733309524116,6.841339353324861,0.2733302074344059,2
27.69403442879276,1.6511252561399679,30.0,24.391841442913314,5.608158557086686,-0.009507370908607368,24,105.61189298023001,4.016589974010311,114.13151096767463,96.9209049142341,17.21060605344053,5.472011899255678,0.2622245789283633,2
20.403722682491455,1.346109100606184,23.50208946992644,17.53496209582443,5.967127374102009,-0.006631882166884085,36,105.18821823077438,4.046137602192771,117.31811598163361,95.72563149099697,21.592484490636636,5.730947036582741,0.1939734585460312,2
15.579334696412554,0.9715694044161209,18.876835606659505,13.795488756417356,5.081346850242149,0.008083430536443855,29,79.89267073573869,3.501596824163734,86.92019806223267,70.72312633338167,16.197071728851,4.8294573458803125,0.19500330077762804,1
5.953185246142879,0.3614365949630311,7.339109692526439,5.307844903211914,2.031264789314525,0.0018611415852596998,31,62.3042872401985,2.5493167944795494,67.48356842862624,56.565917977722854,10.917650450903388,2.339305746512597,0.09555016860463716,0
16.87940672074639,1.4447131771137005,21.15433106034411,14.036923137241086,7.117407923103023,0.004976385736490154,34,105.06004138660124,4.249743149231374,115.64868216923,95.83215713568077,19.816525033549226,6.166115318896043,0.16066438140804606,2
10.482402572373092,0.5343089882734348,11.68052818759157,9.090550525757122,2.589977661834448,0.0049111082809840945,34,79.95068684339971,3.4049972642615542,88.51763901488971,71.71100382950317,16.80663518538654,4.685988901499233,0.13111084913872273,1
3.5555542586996745,0.441564626443154,5.201490864321807,2.6856340138495662,2.5158568504722405,0.011710520482417955,34,61.81885212602527,2.7117436822234606,68.13525102377503,55.104119114925936,13.03113190884909,2.753940814687065,0.05751569430528327,0
6.070765655862799,0.2524631726371183,6.647245214060079,5.492206761087184,1.155038452972895,0.002344803386627291,31,61.780303360364435,2.713884686770492,67.63666283306638,54.78627565211511,12.850387180951273,2.3404359626990394,0.09826377060967573,0
7.368396339833894,0.726768836188014,9.709239148827665,5.822305519566808,3.8869336292608567,-0.004729324279416151,30,80.07069315789842,2.805349757643108,85.86106719576416,73.35267264877075,12.508394546993415,3.492482892340026,0.09202363508056403,1
29.84977829683805,0.41910923331414124,30.0,27.546181875044493,2.4538181249555073,-4.559458432060218e-06,5,104.29294096456645,4.351480793164435,116.28824904247152,94.51889875416623,21.76935028830529,5.848827420180985,0.2862109145121203,2
4.912905547255053,0.33086303415083823,5.715385343589643,4.353039011213843,1.3623463323758003,0.007741723695671298,32,62.356621617038044,2.7267379301746795,67.49501946026275,56.12670295965032,11.36831650061243,2.3856794705546185,0.07878722966488363,0
3.9790424707452536,0.365035774538313,5.3607543124487265,3.153500659055304,2.2072536533934226,0.009261877098737355,33,61.765948684708086,2.4072092577731947,68.33389058723532,57.36941000539597,10.964480581839346,2.0546602337835282,0.06442129508340384,0
3.9015486812991242,0.43683065328882487,5.768906709930365,3.123463446168077,2.6454432637622878,-0.0020175009387414346,29,62.53642823894247,2.35103203256032,69.14784393735067,57.62798596932911,11.519857968021562,2.2301332397729294,0.06238841470132365,0
14.208570085384613,0.7570072401696482,17.0868234944726,12.487605429715805,4.599218064756796,-0.0070695559902017,32,80.09607254485292,3.024804314971463,86.03841462531972,71.737140503553,14.301274121766724,3.5688810696788833,0.17739409007893467,1
20.492872345459688,1.2208508841336176,24.23206096579256,17.827742492111543,6.404318473681016,0.005473835523959894,36,105.41453266821624,4.058416114544538,116.95188489440392,96.41245106602364,20.539433828380282,5.516651115333674,0.19440272258813338,2
4.942104640740925,0.21339935277144778,5.512759683797479,4.496615990937751,1.0161436928597283,0.00043539454413949185,37,62.03478959266818,2.6442001163415076,67.71320184821172,54.343189099187505,13.37001274902422,2.503820981990074,0.07966666113522798,0
8.24541184918248,0.5513305597735033,10.04999248134011,6.588105592776835,3.461886888563275,-0.005979380694255826,32,79.82581186499011,2.910832361531774,86.25061633936527,74.10003882524126,12.15057751412401,3.6946379107776055,0.1032925510339368,1
6.122822751015523,0.5212499470216365,8.225575675169845,5.3261757027880625,2.899399972381782,0.00633103672962918,28,62.057018138536314,2.3660930501218473,66.98310919217434,56.02227319620788,10.960835995966463,2.2966060802131314,0.09866446754954361,0
28.32484340018753,1.038762646837713,30.0,25.092294760752726,4.907705239247274,-0.016650211926592513,29,104.69820192987532,4.67774837211301,116.71801700681561,94.5698135948343,22.148203411981314,6.808955670554711,0.2705380093215059,2
27.887370777626597,1.4091782310090104,30.0,24.343874170651716,5.656125829348284,0.01468234151469401,29,105.55646074037053,4.491402043822896,117.01831480702332,95.04805247435407,21.97026233266925,6.1530248630309226,0.26419387612876905,2
23.078845762851465,2.1728676853611657,30.0,19.56190978647002,10.438090213529978,0.022421335704814815,29,104.85055691274921,4.441330257434205,114.65011214444267,91.59579260643558,23.054319538007093,6.222146907957397,0.22011180695916177,2
13.949170608138209,1.4512237962223145,20.035076110669344,12.187002504032836,7.8480736066365075,0.009227481026785077,30,79.37774508898525,3.151370871196898,87.34187631200034,72.13575814435372,15.206118167646622,4.495811265615561,0.17573150278795643,1
14.3579117749212,2.2921138760741524,22.214164655134077,11.47896228244858,10.735202372685498,0.03245455404054749,28,104.34254390618227,4.438125630022554,115.7293220976004,93.36454771431447,22.364774383285933,6.713746599608714,0.13760361880986188,2
6.329570728360227,0.2720364388436685,6.997235446133576,5.762259303965129,1.2349761421684473,0.005767971511341307,32,62.158351562642935,2.7387339802169155,68.39012243970437,53.871355799136076,14.518766640568295,2.486684842276769,0.10182976973177195,0
4.266092141725515,0.3401998997370844,5.916569510655702,3.7171879904920906,2.199381520163611,-0.00026567990143530775,33,61.64579077003688,2.5962264520397316,68.51393853521309,57.46476863546692,11.049169899746168,2.412269672833184,0.06920329870430932,0
4.977919271354633,0.26838247715285474,5.644974678366252,4.29617330228672,1.3488013760795328,0.005845598675844411,28,61.97574205563988,2.598833557104887,67.93336512566695,55.47617908126469,12.457186044402263,2.433746772717182,0.08032044516006227,0
11.266195947384436,1.2841016909985412,16.545800836410766,9.722055012406248,6.823745824004519,0.014491097229629655,29,80.55632017529632,3.096443971883286,88.74480953636126,74.23395596394315,14.510853572418114,4.124333061888611,0.1398548963385305,1
14.010240337898319,0.5191938891510108,15.682178573171356,12.787751174807868,2.8944273983634883,0.007367051080895514,30,80.46300580822697,2.9697281262238278,88.5084740672737,73.8559041048195,14.652569962454194,3.7085498059259536,0.17412026835251002,1
25.921152365477816,1.392824958055458,30.0,22.83909291726583,7.16090708273417,0.0025563471057966367,30,105.40772928185073,4.388770830640721,114.15237870343549,95.05311251390562,19.09926618952987,6.139678855161974,0.24591320101634861,2
8.464789559229555,0.569189033627251,10.093648575247144,7.446280678494956,2.647367896752188,-0.004094891940620711,33,80.5536273884622,2.966542529759125,88.23509731116535,73.5637784661087,14.671318845056646,3.850701538874792,0.10508266019264723,1
30.0,0.0,30.0,30.0,0.0,1.3526773354174875e-16,0,104.87428406586093,3.573861407017815,112.9025538535307,94.4713341464189,18.431219707111808,4.954519617825519,0.28605677722770684,2
26.421597632364545,1.142365850030974,29.422064767409747,23.64320576134438,5.7788590060653675,-0.008999358273571161,34,104.91206337693632,3.8915681469533343,112.84879888347947,95.78860329151769,17.060195591961786,5.697797144482131,0.25184517900091025,2
4.816888404518197,0.31597364880844186,5.52090004440628,4.106952489137666,1.4139475552686136,0.004886559589466705,29,61.69041013871973,2.568628743628057,68.84875388772184,55.722149837835936,13.126604049885906,2.7939464364321833,0.07808163887393672,0
18.45228068506931,1.11267899586275,20.73910062289178,16.02222181914982,4.71687880374196,0.0005552007141721557,35,105.3800141707378,5.000533248736013,117.64232257013363,93.88625877391189,23.75606379622174,6.794101424941383,0.17510227774377082,2
12.772708702934061,1.0877834615197772,16.503820426537505,11.153619391103888,5.350201035433617,-0.011641820421512539,29,79.96095427506299,2.5579230631263505,86.37517391795862,73.836335094905,12.538838823053624,3.302153820148261,0.15973681978906298,1
3.512678996353357,0.28459760634737313,4.180653467963855,2.932225483133756,1.2484279848300988,-0.008416215530580215,33,61.82360619331248,2.326379560586795,68.3294159818816,56.130758935281726,12.19865704659987,2.2274468884411562,0.056817761949246585,0
9.992521719696729,0.5177901808086168,11.068041021015404,8.550990541463994,2.5170504795514095,0.005137680868494601,32,79.69632273671479,2.920491335519952,87.97143748797316,73.72794197257828,14.243495515394883,3.9512325579804024,0.12538246748630563,1
22.954648648835008,2.450517732098064,30.0,19.706078873468783,10.293921126531217,-0.019072808203637673,29,104.83398141416762,4.257483471163011,118.2273560201978,93.4210354781597,24.806320542038108,5.49606181525404,0.21896190643743815,2
14.12366352913163,0.744442892104896,16.918918171038936,12.985518853606932,3.933399317432004,-0.008785263813885414,33,80.00433986671489,3.190305537841057,88.26707663176249,69.21159336032375,19.055483271438746,4.313440700229595,0.1765362151118935,1
4.196364829403907,0.6515907252654841,6.391691745245265,3.304668445094825,3.0870233001504404,-0.0030968433172042795,30,61.803254038310364,2.3905073447653655,67.24261603791733,56.79746323437627,10.445152803541056,2.426392310393153,0.06789876725429236,0
6.649578824028355,0.4319639985485168,7.572475440316038,5.673323823756088,1.8991516165599496,0.0014625909246767893,33,79.84245381177834,3.0095483283712903,85.95041223439341,71.4245013638492,14.525910870544209,3.886741763896403,0.08328374722075067,1
3.38584165215622,0.29713428134617054,4.094108373732324,2.757522075201512,1.3365862985308117,0.007323159992338363,34,62.567327868968384,2.3635161075754727,67.61028241509587,57.04736772312073,10.562914691975138,2.391363628613482,0.05411517022321695,0
4.990269482776951,0.31064862352106637,5.835371563374973,4.2846992135823205,1.5506723497926522,-0.007063069290985285,31,61.54632941088137,2.5961847764769277,68.40539789816054,55.69416234235328,12.711235555807264,2.13494073465738,0.08108151126902399,0
15.899833229377009,1.4012488546748725,21.35468840205485,13.172129159515976,8.182559242538876,0.011366910722194626,35,105.58915249567389,3.879724476554312,114.89409897271987,93.57743712794377,21.316661844776107,5.2575894351548005,0.15058206930343887,2
16.69697189029411,1.9827088621152353,25.20848676272525,13.555728946899897,11.652757815825353,-0.028288437743928075,25,105.11661575024587,4.182022465118736,118.1316196101966,92.95717101220265,25.174448597993944,6.271316409090518,0.15884236390489667,2
11.283564473882093,0.6521246216119765,13.100141530721706,10.03658488066113,3.063556650060576,0.009102253498904618,30,79.60054525347054,2.979105908594341,86.03474743648097,71.83759896546843,14.19714847101254,4.19152676163002,0.14175234976343062,1
7.354188045004928,0.5345086749645458,8.714715287852671,5.526215018314249,3.188500269538422,-0.002510938183528149,30,79.4033475290561,3.394368056091227,87.41943012694782,70.7636907799123,16.65573934703552,4.366929273182571,0.09261810970495542,1
30.0,0.0,30.0,30.0,0.0,1.3526773354174875e-16,0,104.77012390677243,4.579905628880498,121.80687788397893,94.49941900167605,27.307458882302882,6.402471766630229,0.286341168598347,2
16.060505587443938,1.6410996184605033,21.167338686263754,12.496336373404246,8.671002312859509,0.007655244406375517,31,104.85421792844994,4.13592408309976,113.20912154051358,93.43796118064212,19.77116035987146,5.806024451317639,0.15316985574422382,2
2.88450795722785,0.42793204830249576,3.9518666181510698,2.232299481150234,1.7195671370008356,0.01025738712652218,30,61.7766331198537,2.4591963073255276,68.82201166644421,56.57785137503747,12.244160291406743,2.1347373302135555,0.046692539959875067,0
25.465815509290106,1.443643757559924,29.084736767296235,22.519140477606346,6.565596289689889,-0.004442209636162012,31,105.49705162432403,3.801625892714379,113.62336671672712,94.70403732604643,18.919329390680687,5.134990218943665,0.2413888812607316,2
5.9344715700286415,0.2286869145458759,6.420192087210271,5.318530028432611,1.1016620587776602,-0.004038981229823666,30,61.96493050387563,2.3809557526066323,67.55380468033674,56.56705586197614,10.986748818360603,2.555531801393714,0.09577145372390942,0
18.539497630138317,2.012014609289642,26.187412325047603,14.686263533183634,11.501148791863969,0.01326085122253904,29,105.58448553752496,3.838806743870831,115.27258334239639,96.01806296515198,19.254520377244404,5.315447436440172,0.17558921995182825,2
4.915912472051461,0.22700498501954403,5.341094843626375,4.381931557286817,0.9591632863395576,-0.00407612948978614,35,61.45410936415175,2.1858699437251428,66.2529465052327,55.880774737116546,10.372171768116154,2.4054711920225325,0.07999322491077958,0
30.0,0.0,30.0,30.0,0.0,1.3526773354174875e-16,0,105.12130847382191,4.401703449213857,116.28339037058856,94.71476943421636,21.5686209363722,6.672202783078012,0.2853845728345957,2
3.8590322819585996,0.48889390722454334,5.744580815549066,3.095371752107455,2.6492090634416106,-0.000936105508557532,30,61.81747088783054,2.667814378970902,66.88748275465136,56.64861637159779,10.238866383053569,1.9166873826772313,0.06242623912153699,0
26.143485961139994,1.4593589913033242,30.0,23.269020793415528,6.730979206584472,0.008164145118870371,32,104.65791305024321,4.323560167248608,113.1528850378233,91.93877838782548,21.214106649997817,6.210800362853208,0.24979941744863432,2
13.698472507026475,0.7189600953773617,16.41123573746157,12.173807408900691,4.237428328560879,0.008360372288088221,29,79.95649631015898,2.7758107088265738,86.53641709033269,73.94056588154099,12.5958512087917,3.901618121130706,0.17132406956108615,1
17.784526965742593,1.4173291222928075,22.595286528064705,14.873832873350853,7.7214536547138515,0.014032930188347241,33,105.17331134669197,4.092538556227226,114.16999365839615,93.76839643452074,20.401597223875413,5.4466724529043455,0.1690973362816406,2
11.171821506543639,0.6855697175938484,13.720953726479895,9.853901091717756,3.867052634762139,0.001525170299474832,29,79.82626992909849,3.119579186986171,88.51763901488971,71.71100382950317,16.80663518538654,4.082306049415233,0.13995168979478478,1
8.627898313967085,0.9221964593978597,11.574735812497332,6.657049023771349,4.917686788725983,-0.016685567640825672,34,80.08734850238616,2.7462491597994614,87.03662276216407,73.25282443139967,13.783798330764398,3.636032926132393,0.1077311006991188,1
6.819027725139737,0.472383417913704,8.26039850823356,5.761577672802301,2.4988208354312595,-0.0030134107825862014,31,79.68615433232894,2.8616634485432204,86.17885218547214,70.63075812290556,15.548094062566577,4.091090732286394,0.0855735566197311,1
30.0,0.0,30.0,30.0,0.0,1.3526773354174875e-16,0,105.49210884642149,4.472384928503743,116.3699315214522,93.46036738509949,22.909564136352714,6.729136038324483,0.28438145794671166,2
6.982990989362592,0.8518785340930812,10.55908934234159,5.453737057238936,5.105352285102654,0.00834072885330859,27,80.65934463853283,2.612274888738001,86.4920132076198,73.98820122919186,12.503811978427947,3.6196614260777547,0.08657386114507054,1
6.226990259068618,0.2897802700545984,7.021121194294446,5.495464328006772,1.5256568662876742,0.00336008054631702,29,61.56980446024897,2.557749081452042,66.86631200152702,57.26160916039458,9.604702841132443,2.260288277450037,0.10113707867875141,0
6.654846891467952,0.5685432066755776,8.652989395374702,5.303837798820794,3.3491515965539076,-0.006721988256492552,32,79.24359004889314,2.7749092106787976,87.32409557875476,71.85262471835392,15.471470860400842,3.7909445179967176,0.08397962287400536,1
5.4560492996681145,0.36726068756279145,6.528437868167755,4.902137626760765,1.62630024140699,0.004603237352071269,30,61.64756997312756,2.386581395064596,67.1355981259341,55.837546144712796,11.298051981221299,2.207201373987498,0.08850388123234296,0
4.260826441076102,0.4196143918879643,5.7053472636998706,3.5240449153653657,2.181302348334505,-0.008207616059173075,31,62.20223906476586,2.406536409384129,69.71192968680019,56.77562378662149,12.936305900178702,2.343762726850206,0.06849956587800807,0
3.01730387272603,0.3005389478422283,3.9944348168108257,2.5086802069720626,1.485754609838763,0.0066370529397803985,32,61.56970760874725,2.816570677389658,67.2751742507176,56.057121780548115,11.218052470169482,2.3499372789643482,0.04900630425100566,0
20.677591161795373,2.5221645079721458,29.305662855555344,16.338560992696056,12.967101862859288,0.03854410707285705,26,104.12089541094028,4.266543675526749,112.65241428009345,93.52010923101189,19.132305049081566,5.718640289931036,0.19859213543634763,2
25.928261624878427,1.1824163755059218,28.896910107699334,23.06063054987145,5.836279557827883,0.006388324658300483,33,104.4685503319364,4.915424416953615,120.54280748731692,90.56465591322336,29.97815157409356,6.5118288039521754,0.24819202807258675,2
30.0,0.0,30.0,30.0,0.0,1.3526773354174875e-16,0,106.07465929915043,3.8416113687943936,114.53067424906502,98.16853065605692,16.3621435930081,5.484339851062806,0.28281966602951525,2
23.86906613213153,2.3356391097986013,30.0,19.790977603348917,10.209022396651083,0.025144841709473648,25,105.17278591472794,4.828352242699416,119.200212160602,94.19338529140316,25.006826869198846,7.012419060263449,0.2269509711812059,2
30.0,0.0,30.0,30.0,0.0,1.3526773354174875e-16,0,104.66565634304656,4.571574950115074,117.65220210057855,94.07800858227647,23.57419351830208,6.34390781287561,0.2866269678283642,2
27.384355822712227,1.074137181221672,30.0,25.089911110993455,4.910088889006545,-0.004880325016286284,32,104.95050921146176,4.846296638637975,118.35501296465341,89.87132871002086,28.48368425463255,6.897271365761624,0.26092637155871157,2
15.910016716887647,1.4267001339225085,21.35468840205485,13.007891289435824,8.346797112619027,-0.003240417906776551,30,104.74576857312132,4.091181834518155,116.08923128404477,93.57743712794377,22.511794156101004,5.9383129217796675,0.15189173540589743,2
6.568551159590251,0.28076762480894957,7.6565016300274005,6.0456259383242745,1.610875691703126,-0.0003160322661506458,31,62.17245498275649,2.54337826908664,68.1501258123816,54.291765753341764,13.858360059039839,2.058582815611329,0.10565050158887139,0
5.195582301762387,0.19277479047083332,5.644974678366252,4.561439865554323,1.083534812811929,2.9200536358552826e-05,33,62.6004926796698,2.7537358100128517,67.93336512566695,56.20427789579892,11.729087229868036,2.5746447591548933,0.08299586786565087,0
26.152688756557886,1.4022408700692721,30.0,23.35230191824958,6.64769808175042,-0.006834643875122721,31,105.1645449615455,4.233742194534792,114.15237870343549,96.04869461345262,18.103684089982863,5.51123138712303,0.24868351322622442,2
8.003001881380294,0.4315117939577768,9.644495446223162,6.835605258721618,2.808890187501545,0.003686322356463547,36,79.8213650400113,2.7914740199691708,86.87488826334163,72.41903331234298,14.455854950998656,3.8069245849853846,0.10026139965292884,1
15.846417305690077,1.7163747091154347,21.487916505755305,12.893216499141626,8.594700006613678,0.005714622924299869,32,105.21153827632723,4.484654249590845,116.66777513490538,93.57473865956509,23.0930364753403,6.120330053994189,0.15061482242999125,2
6.520857256124429,0.4776447563538429,7.619853110058103,5.312774661971609,2.307078448086494,-0.005419106947178024,33,79.9639572595773,3.034795505745288,89.48957553614584,73.28737676680825,16.202198769337585,4.32063751467837,0.08154745460394246,1
10.998456353626032,0.6462303644258747,13.819136187072388,9.517804287553245,4.301331899519143,0.0009059969919835701,28,79.81488467935654,3.117546157790592,87.64890078672433,72.85006734331904,14.798833443405286,4.491946255234287,0.13779956282604428,1
11.719233289618193,0.49056910824118627,13.055665383052798,10.632489372283397,2.423176010769401,0.0035638885354062175,34,79.71259874120656,2.7488671397847955,86.315196026672,73.86435518608543,12.450840840586565,3.6128026121624863,0.14701858084751518,1
16.35589817305892,1.0510836958185668,18.623120947322032,14.021154450132409,4.601966497189624,0.004399370802445361,31,105.1014304480186,4.43702599431458,114.46357073601044,94.66388579250233,19.79968494350811,5.4984759304329085,0.1556201276016709,2
14.3282138101655,1.386910467383592,18.364922835081906,10.652745438546013,7.712177396535893,-0.007547638902529119,31,105.47817756349424,4.365150043443521,115.689970845724,94.96420764690063,20.725763198823373,6.588693299135924,0.13584055020006255,2
9.848495028735504,0.5360045644129863,11.037175686364952,8.550494728465205,2.486680957899747,0.0011122270342133614,34,80.02859043250584,2.9489843675040537,88.99975524507933,73.72794197257828,15.27181327250105,4.148047899965026,0.12306220629962587,1
3.844008493296304,0.2144660886176028,4.482918530654044,3.369541581432422,1.113376949221622,0.002154545434109875,30,61.738189204413345,2.714367508275043,69.14784393735067,54.36933073004729,14.778513207303384,2.300385685679314,0.062263057607761164,0
10.61054710614416,0.5344359467337176,11.827287603452204,9.008769816420251,2.8185177870319524,0.0010665499069684916,34,79.69668968375649,2.93981600679291,86.2547418564922,71.88187111207806,14.372870744414143,4.215657597173906,0.1331366084979331,1
11.194215475211266,0.8491683099911669,14.377466161273476,9.676864102084833,4.700602059188643,-0.015879301603419667,25,79.91993809112351,3.121654453786205,87.514260865057,72.85006734331904,14.664193521737957,4.410351440297996,0.140067867950297,1
20.34375668712252,1.1408312394239046,24.23206096579256,17.827742492111543,6.404318473681016,-0.006734922869536926,36,105.10036322453536,4.017529267599592,116.95188489440392,94.60945658997707,22.342428304426846,5.677527704169033,0.19356504458595714,2
30.0,0.0,30.0,30.0,0.0,1.3526773354174875e-16,0,105.92560835770209,3.9127786941896274,115.81314919525684,98.16853065605692,17.644618539199925,5.8835447132669865,0.283217629635648,2
29.80624640146764,0.48115549061564694,30.0,27.395574162934185,2.604425837065815,-0.0028631602655806963,9,104.49392195550176,4.407740217668894,117.47479210750103,94.51889875416623,22.9558933533348,5.947338290009611,0.28524382622863614,2
4.699246037642393,0.2916495370057257,5.386329123801733,4.063077184886034,1.323251938915699,-0.007419114993092553,28,61.20596007460192,2.771672655897323,70.02476028681973,56.27421193177407,13.750548355045659,2.4505875557023145,0.07677758759338224,0
5.882684945709604,0.46132071483877196,7.2750428915350795,5.213125709130566,2.061917182404514,-0.009696200490862132,31,62.28877855038914,2.5405308935136417,68.27090228948586,56.981657892909276,11.289244396576585,2.6277099720240815,0.09444212887412165,0
6.554631805454932,0.4214742049864587,7.946588068842482,5.736068079416009,2.210519989426473,-0.01111331851794928,36,62.61342673907691,2.5194041356306527,70.66317165212145,56.333766274799,14.329405377322452,2.077576354544985,0.10468412355205081,0
4.727225131063366,0.23744014954979256,5.322230838249713,4.165478162458538,1.156752675791175,0.0038552903678256757,31,62.314184793349675,2.7226939932052456,68.74121158329793,56.002695493852364,12.738516089445561,2.4233633334350264,0.07586113933575407,0
24.053224880882368,1.2342129690647143,27.298820832039066,21.130068198326395,6.168752633712671,-0.005208389463006952,31,104.96874149672736,3.684690896928544,114.32815440239993,94.17123621008182,20.156918192318116,5.037823477826537,0.22914654695070089,2
5.798028473740087,0.26766562508472247,6.498956669583154,5.198971733467902,1.2999849361152522,-0.007286617406960492,35,62.16957661858996,2.658950522383887,68.41343051234996,55.091440204617605,13.321990307732356,2.058567264568561,0.09326150660554527,0
17.69683994006959,3.054239834296337,29.02350286374708,13.063896445960298,15.959606417786782,0.003647325644419352,30,105.49629241034035,4.606556554760487,117.5562892261242,94.83011992025196,22.726169305872247,6.541303413184516,0.16774845227249485,2
30.0,0.0,30.0,30.0,0.0,1.3526773354174875e-16,0,104.79603377579278,4.216230052654876,118.21753331005354,94.31496003767691,23.902573272376628,6.012232330646722,0.28627037334173844,2
29.82933095993093,0.44852278129158474,30.0,27.546181875044493,2.4538181249555073,0.000275533472957954,5,104.45933842692189,4.5300496048540335,116.28824904247152,94.51889875416623,21.76935028830529,6.153807707108356,0.28555925323268067,2
4.562812306292858,0.3857246438308791,6.2135080676329855,3.9720402177646865,2.241467849868299,-0.004678863632737024,30,62.12188754937653,2.5782077286690828,67.19088874850081,55.89828237725487,11.292606371245938,2.2845896553514367,0.07344934954233054,0
4.590050904576495,0.27202691040747323,5.0387979693832055,3.9508701597459734,1.087927809637232,0.006908756991531675,33,62.291122622658456,2.3841499748644965,67.1751048397606,55.74904784931355,11.426056990447059,2.482734071654868,0.07368707831282176,0
2.9269792627759235,0.7027363520934006,5.885294904700205,2.117503610009984,3.7677912946902214,0.010221643939075526,27,62.18643678319005,2.7774293699383654,67.11465540954036,53.608155440145346,13.506499969395016,2.373621922684244,0.04706780717976953,0
25.67307640325062,1.5732273915196742,29.518668761458795,21.964799723044788,7.553869038414007,0.010944979501004447,30,104.9299739906172,3.8215829929786542,114.26282587758163,94.70403732604643,19.5587885515352,5.289908255783978,0.24466866027125517,2
5.33557219113712,0.2700712825346661,6.01353182374401,4.63037124766074,1.3831605760832701,0.004458057328808638,30,61.62292760866922,2.514809206104441,66.86863645727274,53.84962864160266,13.01900781567008,2.3601437212576934,0.08658420350353979,0
4.641280526241454,0.2506669557364417,5.304291473955178,3.9856526699507544,1.318638804004424,-0.0063725855090303275,32,62.42974510738265,2.5502695852583273,68.91148280662028,56.1579525571743,12.753530249445987,2.4912316415595845,0.07434405576883482,0
11.024684540045309,0.58500849751024,12.931874943333021,9.821951001406534,3.1099239419264872,0.007880098551701529,36,80.04646280371486,2.6658815527332838,87.09095621512489,72.60714121219698,14.483815002927912,3.5985205191302114,0.13772856433832453,1
18.904003755831734,1.850926170205879,26.89561367120878,15.907819750673942,10.987793920534836,-0.017524028626265477,29,105.32589002780783,4.69242617397823,117.64232257013363,95.38600097492035,22.25632159521328,6.983051154977444,0.1794810712860787,2
10.815562012593592,0.522637017007057,12.021565311624917,9.75437798203458,2.267187329590337,-0.00034818657086400516,33,80.14085111188872,2.6339837727657063,87.92162661549449,74.03062724737576,13.890999368118727,3.4602035625841157,0.13495691307965424,1
4.975130458674014,0.23865533750131535,5.561425160760232,4.496615990937751,1.0648091698224809,-0.004054185307303955,38,62.537196442301905,2.3027176948360224,67.71320184821172,56.00015905498326,11.713042793228468,2.1623635261524456,0.07955473961339843,0
29.995960028459077,0.03206365115819117,30.0,29.691153261277545,0.3088467387224547,0.00021004646000906028,0,105.00189113781339,4.144342888157476,113.65210887502477,93.7206887357276,19.93142013929716,6.161118820427012,0.2856706619066429,2
11.84598052322239,0.6463809289636059,14.352871280374295,10.42093376182174,3.931937518552555,-0.0028454133102644875,32,80.41549666940811,3.2155090610826247,89.91909535069796,74.02461449710725,15.894480853590707,4.053946815556648,0.14730967122682959,1
10.947036738314832,1.2011754552330034,15.397410128564385,9.298139883602706,6.099270244961678,0.004110450820641314,31,79.57635959369442,3.082460965389316,86.23798948491063,72.60178155757659,13.636207927334041,3.5851685832104194,0.1375664412979232,1
12.9603145951198,0.5790106309209075,15.371190750162176,11.680478177143122,3.690712573019054,-0.005340857341229901,30,79.78005579063532,2.832031464426495,87.8117738441311,72.68937511783506,15.12239872629604,3.7317910906098826,0.16245055614752457,1
5.492830522022786,0.567776030308785,7.899962750813651,4.811152955082064,3.0888097957315868,-0.006068869432957269,31,62.433475824700096,2.3962741741290716,67.41990489870392,56.373643811036594,11.046261087667325,2.3637386887120604,0.08797893055748737,0
27.104142002046107,1.339202156031934,30.0,23.994448640232463,6.005551359767537,0.0011541640400941097,33,104.38649300845391,4.291209794030484,116.7264502188275,95.8655046594913,20.8609455593362,6.191224561337554,0.25965180897684936,2
11.34228799281389,0.8200307163897057,13.819136187072388,9.517804287553245,4.301331899519143,0.01373685752076625,29,79.8233088807364,2.8915690580018714,87.64890078672433,73.74612586274345,13.902774923980871,3.6841549449555004,0.1420924290130332,1
30.0,0.0,30.0,30.0,0.0,1.3526773354174875e-16,0,105.01350343156805,4.7308044694413045,116.28339037058856,94.71476943421636,21.5686209363722,6.826469356076571,0.2856775436872452,2
4.543882115856138,0.3056031612693226,5.159869323442535,3.915089977386928,1.2447793460556067,-0.008570785315723658,36,62.57169011633574,2.507974355260671,67.63908396695575,55.43522176052849,12.20386220642726,1.972882929845345,0.07261881587007094,0
15.459379626454062,0.522584060233993,16.967476221713188,14.231727989656141,2.7357482320570465,0.00020507357145342598,31,79.8217170560938,2.776469227281,87.42437221275289,72.2780461134351,15.14632609931779,3.833184068830828,0.19367385221638753,1
7.519906779703542,0.6454547063564191,9.338925976722656,5.912539341142732,3.4263866355799246,-0.0029134075007187076,30,80.53299589075415,3.4590302709797687,89.78609054990176,73.70404329123292,16.082047258668837,4.427346357419314,0.09337671600505022,1
27.497116897636765,1.5261819665668876,30.0,24.32704215863528,5.67295784136472,0.021028884072811928,25,104.75449906592911,4.066277594290876,113.95618518670413,94.929691462129,19.026493724575133,5.810678426688153,0.2624910326556947,2
7.166369625491349,0.7119082312946009,9.492309541617503,6.086436072225809,3.405873469391694,0.01604744825263367,32,80.00856395257752,2.9463092588933897,88.53038905064365,72.77789020268628,15.75249884795737,3.837567197268474,0.08957003078031686,1
4.436976089176135,0.45462158995358865,6.2135080676329855,3.7480881818651164,2.465419885767869,0.006818709904749104,27,62.073820367702176,2.423960793378908,67.19088874850081,56.573924997419624,10.616963751081187,2.203568054834865,0.07147902274121555,0
13.335630296203085,0.5526082051858229,14.733443974641164,11.73782185716951,2.995622117471653,0.007230961798703446,37,79.75038063781867,3.162940354476529,87.58481021343998,73.56048593317489,14.024324280265091,4.63617638344597,0.1672171345432052,1
24.0300504770119,1.3277343153005519,28.54161152548745,21.477005755293284,7.0646057701941665,-0.013481056228174429,35,104.5187510254163,3.9906512138597408,115.05517372005949,92.81196770634666,22.243206013712822,5.995011976356899,0.2299113796457157,2
5.941911325310506,0.3817736678609899,7.103220215803253,5.209808224541242,1.8934119912620107,0.0018884828906498715,29,62.33090796858629,2.567627507184759,67.77059375476131,57.03716708855328,10.733426666208025,2.1357324696352697,0.0953284882834795,0
16.23824164484642,0.7575802136950002,18.348665027682546,14.391551251461026,3.9571137762215205,0.0004534700593902176,27,79.76855836798958,3.0764537018166798,88.85807834584887,73.43841647882618,15.419661867022683,4.278860397261381,0.20356694133005343,1
3.151622822510089,0.4616776674036032,4.83423459033731,2.5859632191201563,2.248271371217154,0.00993202893512735,30,62.390264107864425,2.6914414728284153,67.86590340100445,56.85567493986118,11.010228461143264,2.5191526174851306,0.05051465668660575,0
3.151401356545702,0.40059955925123386,4.049366825795902,2.3135013177534147,1.7358655080424872,0.007389652440465743,30,61.84604038947724,2.7050346389342192,68.82201166644421,56.57785137503747,12.244160291406743,2.2455064998173446,0.0509555872250523,0
5.244311724692852,0.3258183285411493,6.556450543984392,4.59766200001626,1.958788543968132,-0.007437954133199804,31,61.59023481001905,2.5507206235540107,68.29102914605069,55.69416234235328,12.59686680369741,2.392315307862346,0.08514842743693062,0
4.886385970641709,0.21420067719303384,5.406992055259802,4.478898664216524,0.9280933910432783,-0.00025327781203866753,30,62.315116980202575,2.4690049056218375,67.77362809248675,55.01492062428102,12.758707468205728,2.462774666104389,0.07841413334391996,0
29.998058341074717,0.019319262378041883,30.0,29.805834107471533,0.19416589252846705,4.077891532263347e-05,0,105.10489234553553,4.571984193355645,116.51533246452206,93.4783942058747,23.036938258647368,6.625956300626014,0.2854106729593949,2
3.133313413096917,0.44513433130519653,4.460976547058739,2.2643150069995075,2.1966615400592318,0.0065676111037798945,26,61.479312430808406,2.6874783055729057,67.55256048840876,54.90271244651387,12.649848041894892,2.709217198520569,0.05096532863242348,0
14.975786095139364,0.5726816679119326,16.467311585514455,13.75885694698685,2.7084546385276056,-0.004636451409408694,33,80.14750172506808,3.059113918611145,87.71025113891918,72.10700775999241,15.603243378926763,4.260485798042005,0.18685280995605272,1
6.371816588576543,0.5275106446693368,7.5482368969296605,5.312895078477247,2.2353418184524134,-0.004036360196615,31,80.10980960514377,2.8307885473975283,89.67026894927676,74.10763127064665,15.56263767863011,4.150129949919155,0.07953853018056461,1
6.045248404167989,0.2937763204389016,6.5470723473869645,5.264464732244828,1.2826076151421368,0.0067679979297308795,32,62.225773258407465,2.2029188048007473,67.77059375476131,57.2926004995787,10.47799325518261,2.2700690045642387,0.09715023197724537,0
6.45104175796309,0.7760548428978654,9.904179972641874,5.240531549632895,4.663648423008979,0.006817203998878435,30,80.24202138299205,3.0009049215524293,87.03692267072985,71.07030248344923,15.966620187280625,4.202970798694453,0.08039480519536907,1
2.984331069699966,0.3776152098995159,3.9048844274677683,2.2389908803241165,1.6658935471436518,0.005007526634841621,28,62.24981413944649,2.3721732274935157,67.55256048840876,55.7500449673066,11.802515521102158,2.7669603345214115,0.047941203729115235,0
5.573959292374939,0.2379369396878838,6.0449800534343545,4.93757948808849,1.1074005653458645,0.004105320834815533,31,61.634525685862634,2.46547373657906,66.93371705142027,55.471542687970526,11.462174363449748,2.4295729743253656,0.09043566312732731,0
23.133538824299897,1.9116918525902302,29.466566252832184,19.558909722190805,9.907656530641379,-0.006301072883869238,32,104.87239576986507,4.326169757637975,114.74737860141784,95.74124867851398,19.006129922903853,6.231891040051595,0.22058749048202633,2
29.097197768771046,0.9542269818305525,30.0,26.882914235193315,3.117085764806685,0.0009125808555874136,28,104.8853976433535,3.8762662162618655,115.39433475829944,96.53842737818617,18.855907380113266,5.286181985674501,0.27741895578536674,2
19.810268771563777,1.9466344335133736,25.455477431519178,16.182700178924907,9.27277725259427,-0.0017725199792292968,28,104.74148050673688,4.62156242767359,119.24355608053429,93.17870990251816,26.064846178016126,6.144062376202911,0.18913489179823753,2
8.087927953461008,0.6981361762786048,11.070366642610566,6.780941562665503,4.289425079945063,-0.007629755116986074,33,79.76892508469133,2.636093117877407,87.61759044033212,75.09633494342023,12.521255496911891,3.4784991067099567,0.10139196238989087,1
5.226667467561502,0.3172665084092789,5.937674071519629,4.5708890332983225,1.3667850382213063,-0.004690187479996816,34,62.33376132378667,2.5788321090805812,67.78519635015002,56.373643811036594,11.411552539113423,2.4966028490646486,0.08384970315785026,0
9.591524098447236,0.597428795935951,11.190274657588025,8.212402637745248,2.9778720198427777,0.004239987455230576,30,80.16568412072897,2.9959622662666088,87.32609853913985,74.3113909011029,13.014707638036953,3.802651562897436,0.11964625617560017,1
16.66529085576378,1.811999233282267,22.488421848937016,13.13514336722258,9.353278481714435,-0.011831793593197765,29,105.17883735445731,4.181153936368256,114.46357073601044,95.60599108240758,18.857579653602855,5.497557178387946,0.15844718497081148,2
28.560543102875755,1.3680021465494943,30.0,24.744637865071137,5.255362134928863,0.004331380845112377,21,105.37167769002477,4.583738243171914,121.77931911271858,93.03792198868162,28.741397124036965,6.3917405801800475,0.27104572554920775,2
10.645702258719766,0.9990897057818666,14.515302514643162,9.303448250883076,5.211854263760086,0.014254198497395195,31,79.90557835385545,2.832170119089978,87.40958775038186,73.76777061976732,13.641817130614541,3.446357779492399,0.1332285222734714,1
2.6078548345994217,0.5731870298909161,5.104526174573568,1.9211324324384011,3.183393742135167,0.008233492541633004,32,61.52805850359801,2.310007562012777,67.60055739511662,56.93285278607532,10.667704609041301,2.576226372389067,0.04238480549588795,0
30.0,0.0,30.0,30.0,0.0,1.3526773354174875e-16,0,104.42449356308894,3.9690711483564622,112.45275846008971,94.59418037249246,17.85857808759725,5.393221356811732,0.2872889174663445,2
3.6464153811366846,0.3041010042736993,4.472108270178409,2.996136454134675,1.4759718160437338,0.006083292769786828,29,61.572696989061576,2.5284342118506333,67.63653352837423,56.109971728593194,11.526561799781035,2.369113977415023,0.05922130262644123,0
30.0,0.0,30.0,30.0,0.0,1.3526773354174875e-16,0,104.89279766027973,4.207401214043359,116.1396728227027,93.88236472930613,22.257308093396574,6.228086199185927,0.28600628816437756,2
3.689528494797168,0.5041466816441488,5.768906709930365,3.031735333275041,2.7371713766553234,0.004949446878182036,28,62.711954564974455,2.5741452050978513,69.14784393735067,56.897770931968395,12.250073005382276,2.0378350801225764,0.058832936424292014,0
18.113022110915498,2.161157489520541,27.04377705099991,14.449712101310606,12.594064949689304,0.02449961735308245,33,105.28227473707395,4.084814889315539,115.10309420449755,95.35977994750428,19.743314256993273,5.7574095791228626,0.17204246378706653,2
11.20516873143664,0.5866639523583603,13.227704016368154,10.06669610278473,3.1610079135834237,0.004562513986895512,36,80.01084041691377,3.009369183093962,87.59586960458871,74.1083839193606,13.487485685228108,3.417838363546785,0.14004563047962074,1
8.498976855361047,0.7193437054616538,10.73709174808677,6.657049023771349,4.080042724315422,-0.002116412095033057,33,79.84673497607253,2.7015700837805947,86.85600313453037,73.25282443139967,13.603178703130695,3.5462002145744385,0.10644113064193275,1
12.020579659271913,0.8249224775113663,15.103747092582491,10.795722807588094,4.3080242849943975,-0.01201273289924484,36,79.76321386260561,3.0300729934159127,86.01446621439533,73.68717410136689,12.327292113028435,3.9402123232526027,0.15070329950940042,1
6.8043434221246795,0.4208386531330762,8.218072496720403,6.163943041703255,2.054129455017148,0.005053567478146374,31,61.704137859994105,2.613595881249286,68.33586502166322,56.28921326928605,12.046651752377173,2.0191914698749165,0.11027369553870037,0
16.966781499378893,1.3725827575489118,20.34917705862522,13.637469966573363,6.7117070920518564,0.012805209575250803,36,105.4082876622403,4.398542125601255,116.27853920347683,94.72291328153139,21.555625921945435,6.3701905086549395,0.16096249844018945,2
4.17101267695243,0.2653706774404265,4.809492813330871,3.4668594719333092,1.3426333413975615,-0.0043169914857927975,34,61.7470813102175,2.309465828341521,68.62597936613655,56.373851361900705,12.252128004235843,2.5252354109795503,0.06754995573713511,0
11.38168443907527,0.8206819620092353,14.16239474750303,9.889365943629386,4.273028803873643,-0.009663728135077517,30,79.34411054947309,2.9091872545145327,85.48257297581061,72.68684602095192,12.795726954858694,4.064151371516643,0.14344712186963615,1
15.948096171931736,0.5381383537751036,17.194705999711005,14.615267314090227,2.5794386856207776,-0.004309648281585339,34,80.08787044059832,2.788527217235405,85.51483758561389,73.23909229558654,12.275745290027345,3.742578885436572,0.1991324764294746,1
12.954198042658904,0.5482703480195511,14.152041925907572,11.75981980802498,2.392222117882591,-0.002012439654341442,31,79.59977872858107,3.215786974564404,86.72501552330621,70.75988446168299,15.965131061623225,4.1479542008174475,0.16274163178378212,1
21.010806852322453,1.478901685196981,25.272170833712217,18.107959144173474,7.164211689538742,-0.014168231591473856,33,105.37164409825547,4.094103100157607,115.5450618040573,92.46550156421351,23.079560239843786,5.9611494900509925,0.19939716071368718,2
12.944181533561304,0.5697977910345688,15.371190750162176,12.000723494331641,3.370467255830535,0.004393562690914743,29,80.46482392751567,2.7516905575023056,87.8117738441311,74.71465134070183,13.097122503429262,3.6994792663714455,0.16086757841356994,1
14.84413105470081,0.9271406273243497,17.23640014381377,13.21438729586114,4.022012847952631,0.006528067999636335,31,79.79865250445238,3.158223638457971,87.0926366711521,71.71554341919204,15.377093251960062,4.2159397436876365,0.18601981866614553,1
7.513300576245946,0.6690709381724955,9.338925976722656,5.912539341142732,3.4263866355799246,-0.005387637399267004,27,80.75214460268293,3.37119870714179,89.78609054990176,73.75547734161124,16.030613208290518,4.334404476750858,0.09304149778524674,1
14.453879139456522,0.612617632129355,16.202175878367246,12.86211134064971,3.340064537717536,0.010046512731897805,31,79.87107097253288,2.9545429066297757,86.47841030016224,72.83441620661095,13.643994093551285,3.701511000469885,0.18096513271321954,1
9.396887667443455,0.6468063705678231,11.51847500143974,7.980477489356111,3.5379975120836287,0.009649071947995773,32,80.22505151580611,2.920444989500953,91.22462745755405,72.5214107483423,18.703216709211745,4.098579919871879,0.11713158636564382,1
28.539225896704284,1.2504472948762804,30.0,25.44133961896639,4.5586603810336115,0.0037605443555984363,22,105.02930467638406,4.523305532260317,113.75296383034573,89.57775651543105,24.175207314914687,6.579574006455394,0.2717263121270101,2
3.680707516412148,0.23951801205367645,4.216876147194903,2.9790317519573417,1.2378443952375608,0.005088821419628475,34,61.65477624990379,2.448706944380834,68.45402937641782,56.49528455423376,11.958744822184059,2.5871127802817555,0.05969865889699394,0
9.229753322762546,0.5813353850295274,11.148441070013122,7.980477489356111,3.1679635806570117,-0.008459822340158522,35,80.25021950482659,3.044855958847265,89.43930777083614,73.62803122413771,15.811276546698423,4.425312123304182,0.1150121864426208,1
6.315308633966009,0.35238000759859534,7.174659768692551,5.583171487338136,1.5914882813544144,0.008605051565936618,30,61.72125377018531,2.2640707648650866,66.75793992028409,56.99282186323302,9.765118057051069,1.8992241679360429,0.10231983548423652,0
3.7487783092442957,0.27990278972323024,4.555687624504472,3.21766100119326,1.3380266233112121,0.00028283141932471134,33,62.409812113529014,2.672285036685326,67.40310584254766,55.24706960212456,12.156036240423099,2.774481528286748,0.06006712922573464,0
10.42774095924445,0.5209716758379499,12.040987331541396,9.169815457479299,2.8711718740620977,-0.005577154243770581,34,80.31624005921417,3.3000950349583245,87.40958775038186,70.13497173634575,17.274616014036113,4.557583686161806,0.12983352833403228,1
5.0872357495510165,0.2961169565508933,5.825264086699691,4.288879371226693,1.5363847154729982,-0.0027495153296476444,32,62.054003256893445,2.5525962001662093,67.48923655412524,55.47967766945648,12.009558884668763,2.458582961656095,0.08198078126418226,0
30.0,0.0,30.0,30.0,0.0,1.3526773354174875e-16,0,104.91952670751871,4.56208693848509,115.03225530702024,92.92702376131895,22.105231545701287,6.776391749386494,0.28593342588836446,2
15.438812420488203,0.4449077667988802,16.48133459633196,13.964445417217503,2.5168891791144556,-0.0011665621880116595,34,79.90491158145963,2.851894692506281,89.70556290661578,73.44515025617032,16.26041265044546,3.5036781191955573,0.19321480897371607,1
9.217989123701821,0.4697133391307872,10.471723831501407,8.387232501296825,2.0844913302045818,-0.0014246352726546895,37,79.97092636350341,3.0227829191668394,87.15121860394643,71.88074015814388,15.270478445802553,4.368622694006776,0.11526675290136332,1
14.010117097884347,1.062225325526812,18.461105315196075,12.498557141268389,5.962548173927686,-0.013689609810353194,27,80.23470532528766,3.385031876689469,88.74376385818691,72.76557055674753,15.978193301439376,3.9391281752797296,0.17461417557988573,1
12.895470370029718,0.5695011820570524,14.152041925907572,11.667490570145134,2.484551355762438,-0.010056354910306792,33,80.08143233983246,3.222368177073863,86.72501552330621,70.75988446168299,15.965131061623225,4.011905581404982,0.16102946503600504,1
4.300861700139388,0.4097736021238698,5.893712783485766,3.655665799335598,2.238046984150168,0.0018672665645319097,31,62.71557865047326,2.2568067712708277,68.33389058723532,57.58009235656734,10.753798230667975,2.242055232520928,0.06857724546450768,0
29.833154510186645,0.3810064114981027,30.0,28.536330496345926,1.4636695036540743,0.001459671189774664,7,105.27861073128018,4.5471866321601615,116.98868304518305,94.36972106756342,22.618961977619634,6.780127345369804,0.2833733653929127,2
8.943247092933593,1.1037962013326261,14.063280412031194,6.754712393451468,7.3085680185797255,0.012373785170503087,30,80.4418817782728,3.3008167471230885,89.49290229664835,70.8395282629942,18.65337403365416,4.129978026770106,0.11117650139523023,1
4.254352770096508,0.4206299869967116,5.893712783485766,3.5106966128542596,2.3830161706315063,0.007937935453595196,30,62.0206660418133,2.5381140965005775,68.33389058723532,57.40907877390087,10.924811813334443,2.1715074695348617,0.06859572740854745,0
11.2207309727572,0.5971071958057191,12.459426580408358,9.84729096998629,2.6121356104220688,0.010401738484347604,31,80.20127939671269,2.720363278096265,85.62429839870181,72.80065160149336,12.823646797208454,3.5720333136627,0.13990713012628062,1
26.865344649547286,1.4367337012310282,30.0,23.977909462865306,6.022090537134694,0.011152717893773346,31,105.02293745537457,4.223682940411191,115.29206427652801,94.35345950952279,20.938604767005216,5.899340937180201,0.25580454179505435,2
5.12509350517607,0.3407002667665852,6.07379755053603,4.467665425651243,1.6061321248847866,-0.009078536422963862,31,61.68191681492635,2.563470040145245,68.13565730189072,55.96956076773824,12.16609653415248,2.577972209861594,0.08308907515738516,0
30.0,0.0,30.0,30.0,0.0,1.3526773354174875e-16,0,104.5187213478634,4.309315033403699,115.81314919525684,92.54397948473687,23.269169710519975,6.144823101891237,0.28702991508213044,2
6.279731849044355,0.3726395855611089,7.6565016300274005,5.655708457192218,2.0007931728351824,-0.006342663336664145,29,62.42271555887707,2.321672431678684,70.24032895365812,56.98770457522275,13.252624378435371,2.747296679067299,0.10060010514155236,0
11.03617472362722,0.7956613516941297,13.735307589930741,9.160572223339473,4.574735366591268,-0.005006046193346356,29,80.27664322127512,2.7132999163374385,88.86706354993915,71.88187111207806,16.985192437861087,3.7694938890565957,0.1374767820788202,1
5.199429952357683,0.44560406741585323,6.670934968785237,4.496615990937751,2.174318977847486,0.010523736633889152,34,61.71742305055111,2.4272833082591787,68.25353020729206,54.343189099187505,13.910341108104554,2.894891351602776,0.08424573825535828,0
29.766676844660054,0.46856861012479634,30.0,27.886620646044754,2.1133793539552457,0.00135496830530979,11,104.35470256641844,4.593521908323496,114.6021400272774,96.50331994875539,18.09882007852201,6.675683801298127,0.285245186152194,2
30.0,0.0,30.0,30.0,0.0,1.3526773354174875e-16,0,104.49612399552682,4.389629623735486,117.14137266129002,91.8657417792253,25.275630882064718,6.49546121739896,0.2870919854806503,2
8.44707980922836,0.6521218081985544,10.591880390552811,6.657049023771349,3.934831366781462,0.004824840396697497,35,80.2360393622928,2.6207584223685836,86.85600313453037,74.5000952129456,12.355907921584773,3.6438473100334092,0.10527787476908063,1
24.739777222809977,1.2861063087923308,27.142628437629558,21.242551080028157,5.9000773576014005,0.017194370695148332,34,104.88607657776791,4.219312441052621,117.55751318679981,92.63252844339166,24.924984743408146,5.969413696826162,0.2358728421745645,2
5.085174307261162,0.3328920622441807,6.01353182374401,4.467665425651243,1.545866398092767,0.008431434325073027,30,61.806604358362726,2.232938704041557,66.86863645727274,57.598974975502706,9.269661481770036,2.5125876791733086,0.08227558005777312,0
7.463540118814153,0.8291006965302452,10.579199999263535,5.822305519566808,4.756894479696727,0.01000245888845922,31,79.907651690181,2.770749432426405,85.82861119214596,70.97924122707066,14.849369965075297,3.709073502352001,0.09340206935813632,1
7.509817217230178,0.4326899375728194,8.807926690031696,6.660507517827102,2.147419172204594,0.0031472907388222864,32,80.24039786228502,3.120572086732118,89.02057394478105,69.54261240382672,19.477961540954325,4.390637447950683,0.09359147416651213,1
28.99104263721407,1.020478449872203,30.0,26.73428414332908,3.2657158566709192,0.002920296118550444,35,104.67984068574688,4.117929643280396,117.63825719976857,90.82073807594921,26.817519123819366,5.205023080265123,0.27694962249032007,2
15.953473828603274,0.6217054515357273,17.865719790002238,14.5407089259487,3.3250108640535387,-0.0032786541237227788,32,79.96170061923239,2.873419696818428,88.84288975005452,73.72987716825315,15.113012581801371,4.116498525971484,0.19951393611621374,1
4.860090674265716,0.3212765674711761,5.752576659097807,4.112449983371227,1.64012667572658,0.004785668474817631,32,62.08361455630137,2.4637040543141477,67.50538353565801,56.04287815803356,11.462505377624453,2.572535209908528,0.07828298385518924,0
7.053402048364413,0.9619662120182256,9.838554070902264,5.4268755363093,4.411678534592964,0.009848380619768931,32,79.90634935539252,2.622344119074002,87.17947362319079,73.3491052906138,13.830368332576981,3.691898943376114,0.08827085728472907,1
30.0,0.0,30.0,30.0,0.0,1.3526773354174875e-16,0,105.22275565841062,3.9937097532180834,113.90152719033985,94.31496003767691,19.586567152662937,5.812356675902878,0.2851094283472382,2
22.492351298672556,1.445792046553973,25.97187765457846,19.498987974031543,6.472889680546917,0.006934720366186299,32,104.86352004287446,4.135116183798167,113.20383420963387,95.46516029865802,17.738673910975848,5.731546391761505,0.21449166569064892,2
18.46590941194874,1.1436910321470921,20.73910062289178,16.02222181914982,4.71687880374196,0.0010474325505762402,34,105.14605927128625,4.834832298271893,117.64232257013363,93.88625877391189,23.75606379622174,7.055724175786432,0.175621505592364,2
21.81213817221751,1.3125359263041299,25.295519959606114,18.494767864359506,6.800752095246608,0.009604933872198998,32,104.78353389682471,4.65161189291597,116.59814511443811,91.30351144177276,25.294633672665356,6.148580234213707,0.20816379399392157,2
16.932859023222484,1.0674986689323234,19.693721029731535,14.707600005306631,4.986121024424904,-0.0017967453269482638,33,105.14675557199942,4.554862999610817,119.31405140097876,93.09212572414768,26.221925676831077,5.890993255456447,0.16104024104279127,2
5.89786923986596,0.22486536367883633,6.498956669583154,5.3556069594306965,1.1433497101524575,-0.004491516029168039,36,61.509249382250694,2.301726053056208,66.25389927973835,55.091440204617605,11.162459075120744,2.1251049762681404,0.09588589038581209,0
5.5381660830909185,0.24042476719878741,6.19572150403842,4.93869815802841,1.2570233460100093,0.004020738931205524,32,62.13066788509172,2.5822968485024766,69.10148686275909,56.73366112043386,12.36782574232523,2.5379659487602813,0.089137396755434,0
29.572155214986893,0.7088700972069428,30.0,27.141666248010882,2.858333751989118,0.004500232183577656,12,105.46285427123286,4.537931735637719,117.12100770416207,95.61949370348862,21.501514000673453,6.352268168171992,0.2804035140043596,2
15.05301184579556,2.3293964871370547,25.217059549562954,10.652745438546013,14.564314111016941,-0.0170722605996148,34,106.08956420308195,3.945629130244461,115.82658128927625,96.32995111381648,19.49663017545977,5.81839335881998,0.14188965537732512,2
5.812796614132226,0.373347662460967,7.339109692526439,5.202956384802485,2.136153307723954,0.00822099605348597,32,62.17066632213096,2.3984267832304544,67.48356842862624,56.565917977722854,10.917650450903388,2.230913985946091,0.09349741388513355,0
17.61172807385113,1.2324488463853358,21.267572204331124,14.612812649319054,6.65475955501207,-0.005924047596230229,32,105.29073009055972,4.065396078657968,116.64080439298883,94.0724600464824,22.56834434650642,5.358716531061694,0.16726760172938132,2
24.994303513817616,1.3002247650665373,28.06576129286374,21.242551080028157,6.823210212835583,0.01159297348679477,34,105.30541080782221,4.30402625047542,117.55751318679981,92.63252844339166,24.924984743408146,6.107695492510234,0.23735060795765303,2
13.715977308114718,1.379279265769548,17.548837198005945,11.18296005730983,6.365877140696115,-8.661462254394395e-06,30,105.12162334790914,3.923881214388797,114.81099745811635,96.7941373408632,18.016860117253145,5.607348623022227,0.13047722001251144,2
5.278779216971349,0.3727610803410879,6.704962319819745,4.662381048854691,2.042581270965054,0.0011992275304124093,34,62.386769576483076,2.2750759489333836,68.06051302074344,56.878580518474436,11.181932502269007,2.088928195297193,0.08461375974734626,0
5.680949143261042,0.24709843623219643,6.1296945069692805,5.198971733467902,0.9307227735013788,-0.006284186696757407,34,61.48344029098137,2.663266416732495,68.41343051234996,55.091440204617605,13.321990307732356,2.1706577909608606,0.09239803472247,0
13.666438868186203,1.6830434233253315,20.92193387306168,10.283223253499335,10.638710619562344,0.014747674206166074,31,104.75537996554723,4.317609310080493,118.2423975771906,96.4380830456742,21.804314531516397,6.354944275081936,0.13046049512894167,2
29.990894884895482,0.04655465756910854,30.0,29.65246465643185,0.3475353435681505,3.756955750331749e-05,0,104.28014097500625,3.824235161399452,111.85890000695576,94.68147103325296,17.177428973702803,5.207446342853791,0.2875992908801723,2
3.186366092607349,0.5529025949511492,5.123276997775338,2.363560332056759,2.7597166657185785,-0.011591931440965614,31,61.94656466944266,2.388347700280839,67.55044382525885,56.6760992854328,10.874344539826055,2.4145265478321987,0.05143733245213846,0
14.310030934102222,0.6673477366465443,16.464309220836153,12.901937126424825,3.5623720944113284,0.00869294469747966,35,80.07189668864893,2.9994371891151443,86.34585309584011,73.03328010210448,13.312572993735628,4.416224964893577,0.17871477193840538,1
20.971980333647753,2.4048497450799715,30.0,16.7599860757141,13.2400139242859,0.0313863374434019,30,105.5697167119076,4.576908984373821,115.77719684801457,95.75888573604142,20.018311111973148,6.613691238712074,0.19865526581096699,2
17.081710125455032,1.468573313505659,21.03184206595679,13.612022469917477,7.419819596039314,0.0020145947160248976,32,105.75612467759562,4.295229514332223,117.41292399108835,92.30851760323065,25.104406387857694,5.773303199561799,0.16151981756148792,2
5.05215131003582,0.2646007957822557,5.644974678366252,4.29617330228672,1.3488013760795328,0.007080326827997264,28,62.66048703044018,2.651306449444976,67.93336512566695,55.47617908126469,12.457186044402263,2.470430103443237,0.08062738527637238,0
4.093773611676195,0.2622191369553205,5.031645416350342,3.4389830318949675,1.5926623844553744,0.00016632143562944756,28,62.21578492822203,2.78385017398398,67.91341980912837,56.747153295216975,11.166266513911395,2.3193049276530777,0.06579959652682289,0
7.941127115423177,0.7945097919583214,11.070366642610566,6.608164620027099,4.462202022583466,0.004184625533981958,30,80.21952730930721,2.714322443755366,87.61759044033212,74.74008790033264,12.877502539999483,3.7063900531775626,0.09899244339612794,1
7.123425098877755,0.6020095507580768,8.943180015351425,5.761577672802301,3.181602342549124,-0.007212360818492146,30,79.5661323477358,2.7896943214117957,86.17885218547214,72.46247683218037,13.716375353291767,3.9180659126495456,0.08952835583633982,1
7.5093565040059875,0.5927759825188545,9.462821205431204,5.526215018314249,3.936606187116955,-0.00860122314027618,33,79.84965497856844,2.9080017584107085,85.98662975297924,73.92470007736662,12.061929675612618,3.606922860248552,0.09404369263684105,1
30.0,0.0,30.0,30.0,0.0,1.3526773354174875e-16,0,105.03737657282574,4.907342562290324,116.56200515788939,92.92702376131895,23.63498139657044,7.077846233169938,0.2856126142258269,2
4.53478276720549,0.3877935943667506,5.688319284188428,3.746525413483581,1.9417938707048474,0.008052687465751591,29,62.04663635265908,2.382889973296696,67.28509967661398,56.54604562572035,10.739054050893628,2.257106343006899,0.0730866806114054,0
7.603170497984334,1.8267934507134576,15.788201825498678,5.4082883781219895,10.379913447376689,-0.00012994334541336548,29,79.97941229875805,3.21320791263729,88.08517182306224,73.44687985433198,14.638291968730258,4.42858465691434,0.09506409442618903,1
3.749683399544651,0.22070110612009294,4.379721885017798,3.227241071378991,1.1524808136388067,-0.0007562225749852907,30,62.02895241085555,2.5095266082939163,67.26217278360932,55.5448322663637,11.717340517245617,2.411367051721808,0.06045053468350841,0
3.965792264455692,0.26741701620774716,4.671314884753255,3.4444845699080595,1.2268303148451958,-0.005986369433364679,36,62.24933816586321,2.356676603095693,67.22118455189117,56.44601781686299,10.77516673502818,2.1555134421365634,0.06370818257024141,0
23.43598296817359,2.340235745463617,29.681822008080392,19.16290052237104,10.518921485709352,0.034347256080653185,31,105.1570852456519,4.312719178482763,119.93725730609398,93.42971921409153,26.50753809200245,5.900265478048141,0.22286641637660093,2
20.535477178366303,1.898494248813216,26.88787569891792,16.567618808031334,10.320256890886586,0.008610945771479884,30,104.91424953158028,4.547449435850817,114.31718899256555,94.2051292112445,20.11205978132105,6.7599132968184605,0.19573582305851683,2
5.705714631460435,0.2617785873080046,6.1796236097962405,4.93869815802841,1.24092545176783,-0.005982874653818184,34,62.15980285110813,2.8008178483077413,69.10148686275909,56.03439688641032,13.067089976348768,2.795194617204536,0.09179106557555068,0
22.926379320828172,2.0884600017514074,30.0,19.35322181131301,10.64677818868699,-0.004928012753663197,34,104.6077770832874,4.612997892784964,116.77966491420285,93.52282240915913,23.25684250504372,6.0256522326735,0.21916514948414711,2
3.883475156019598,0.2290803891099752,4.352742643414172,3.402128178894488,0.9506144645196839,0.004792874473918884,35,61.66574915352912,2.7299470479954353,68.45402937641782,55.2118601003126,13.242169276105223,2.5911029369233347,0.06297620877636154,0
11.153729990477167,0.7693547942969527,13.735307589930741,9.988423310518025,3.7468842794127166,-0.00011228065325019664,27,80.20359371699529,2.6925161935286432,88.86706354993915,71.88187111207806,16.985192437861087,3.6082038800644227,0.13906770675097524,1
22.406004588481373,1.325510697113541,25.1693130123681,18.892414634054226,6.276898378313874,-0.0034738091456759084,31,104.74508991696594,4.3605694992337085,115.08411313557761,95.46516029865802,19.61895283691959,5.847379811241449,0.21390982997230082,2
3.7274411655583095,0.27171139155760987,4.569418541446328,3.101440839519278,1.4679777019270506,-0.0057989042843910885,34,61.75855742635399,2.5517163805747956,66.6563239858992,55.2118601003126,11.444463885586607,2.5524600254194243,0.06035505459544071,0
8.495448161528785,0.5712012875108647,9.510484542096977,6.657049023771349,2.853435518325628,0.008765590394870841,38,79.86186056971255,2.535520003800741,85.92632770364736,73.76338602023837,12.162941683408988,3.7636709481496062,0.10637678604715455,1
27.20180601941252,1.145252711382905,30.0,23.588195366898344,6.4118046331016565,-0.01184582102425645,32,105.62548961575139,4.561373286835629,118.92141897127848,96.57841323102923,22.343005740249254,6.468390373004392,0.2575306951081376,2
12.588454016922496,0.5177917282527562,14.131931745759568,11.30170897605775,2.830222769701818,-0.00040983638906012115,33,79.87092168957021,2.8855455436782944,85.89352582562823,72.17055542463673,13.7229704009915,3.471517810077571,0.1576099736051545,1
5.041259710591314,0.29318562092615164,5.857535305510378,4.513901095405127,1.3436342101052512,-0.006247620117174941,35,62.13810037440285,2.338797823609264,67.01973030839697,56.725478826854825,10.294251481542148,2.784611600970003,0.0811299283223354,0
13.218274401342187,0.47676903397429254,14.226469935740694,11.77058076229161,2.4558891734490835,0.0008904503176237842,32,80.53582477140155,2.627927683261056,87.7088918655523,75.3239597230935,12.384932142458808,3.987236414517969,0.16412912234689006,1
3.6705852602890783,0.2895074928742027,4.472108270178409,2.9873497978361834,1.4847584723422256,-0.0009087935004786283,30,62.23376921300809,2.3736218356077248,67.63653352837423,56.109971728593194,11.526561799781035,2.4821649501368963,0.058980602456282706,0
12.404080349571377,0.9194589124843848,16.503820426537505,11.063771815126287,5.440048611411218,-0.011448806305344937,34,79.80738802174001,2.8989384016904234,85.9167888901271,72.34147539539009,13.575313494737003,3.446014648585722,0.1554252118960117,1
8.164385656953216,0.7478095485758818,10.533133171150492,6.647759839838147,3.885373331312345,0.011052927936374399,32,80.18793734171801,2.6448754946481134,88.55158371640654,74.94122037341923,13.610363342987313,3.7991346837971527,0.10181563244787491,1
11.007503004355684,0.9535213878321636,14.16239474750303,9.090524274996458,5.071870472506571,0.010380163780707288,31,79.28709846815539,3.019423332038503,86.34269716106213,72.68684602095192,13.655851140110215,4.193410116231687,0.13883094574265137,1
4.508903699721119,0.2639282195268363,5.08430369917589,3.76798610805316,1.31631759112273,0.004150905438618167,32,61.963184821582125,2.5290082551989164,67.37151236135709,55.04282575297653,12.328686608380558,2.4039555540277893,0.07276746087110716,0
13.737906248403446,1.6374574385719947,19.103917565133376,10.91611190537177,8.187805659761606,-0.0040323168924535,32,105.17167514592865,4.235990378843291,115.2945582637912,92.95474034150075,22.33981792229045,5.731034425793556,0.13062363130299184,2
28.602812952203852,1.256300367231019,30.0,24.85065878549314,5.149341214506862,0.001716888853042112,27,105.10221289671654,4.25642038753206,114.82315494802396,93.24806780238599,21.575087145637966,6.097609148339005,0.2721428207051062,2
2.9007335919297557,0.3463715796140836,4.131619013635593,2.112597154509887,2.0190218591257056,0.0025189735369732253,33,62.557293068137945,2.498853216213341,68.03900256197787,56.10076566369143,11.938236898286434,2.7235746058631385,0.04636923056119166,0
6.510468671127385,0.30587800174785196,7.6565016300274005,5.923907596747768,1.7325940332796321,-0.0016464706327151532,33,61.73685596810178,2.454442329915399,68.1501258123816,54.291765753341764,13.858360059039839,2.4753219651608998,0.10545513637811553,0
6.703378660115385,0.3862906685316979,7.946588068842482,5.992523407852325,1.9540646609901575,-0.007179147564640261,34,61.77306925405194,2.18930190668004,67.45347202225643,56.333766274799,11.119705747457438,2.076592537156674,0.10851619698594607,0
6.085140155373998,0.2195938716730189,6.622611369735015,5.4732646461886985,1.1493467235463166,-0.001682820435639522,33,61.588300899487464,2.2415442231213083,67.36157045112263,56.582820987559856,10.778749463562775,2.2722114457442433,0.09880350598568198,0
9.819495457481462,1.548619134862859,15.880544157303925,7.962347125059905,7.91819703224402,-0.0020989659196867993,32,79.99300364720834,2.8705553383193205,88.81453730228513,71.69438732425992,17.12014997802521,4.207633854717504,0.12275442710007207,1
22.851623450144427,1.5233788383129598,27.8111657618994,20.158923777811783,7.652241984087617,0.01544985541560077,31,104.58451025435659,4.110011036418618,113.20383420963387,94.06364019051114,19.14019401912273,5.876288577916166,0.21849911785281223,2
24.701046298841312,2.143585673402553,30.0,20.71853014611376,9.28146985388624,0.018548526045762136,28,105.65095973692507,4.632044548412065,118.06344676223979,94.37986193063756,23.683584831602232,6.544084968464675,0.2337985961182867,2
9.996761220265975,0.9068080892484445,13.69732634646188,8.664995648569105,5.032330697892775,-0.018799096508093763,34,80.01013627911264,2.821561152431274,84.90869871441491,71.35882539869264,13.549873315722266,3.912489102496386,0.12494368289098935,1
4.021233760146788,0.45579072034150914,5.589670676536595,3.399235501145446,2.1904351753911486,-0.00177578047874925,30,61.98539922850209,2.5440581133846463,67.99564317570146,56.14037692495396,11.855266250747498,2.018259459410986,0.06487388554922562,0
14.892680803487183,0.7883532229608659,17.662326835097765,13.206512071449128,4.455814763648638,0.0030743684682622086,32,80.02235632288065,2.89127970161652,85.56957505053424,73.2194501685571,12.350124881977138,4.2886379717941985,0.18610649950484456,1
11.781884870910787,0.9146396109476125,16.049907487070016,10.326839211267322,5.723068275802694,-0.00024550858945615925,30,80.18541551262209,2.7917974243929673,86.46249249216854,73.79354679061431,12.668945701554222,4.023716543710558,0.1469330132999457,1
4.77099430663878,0.22417096952796386,5.2138009156702205,4.150827383639752,1.062973532030469,-0.004724336530908219,31,62.43279040642544,2.3505400430705987,68.6799911170698,57.52544495476653,11.154546162303276,2.217990081369876,0.07641808413755724,0
15.637384148029877,3.1019494979600375,28.63819375960055,11.534130851565264,17.10406290803529,0.01515176930756699,28,105.29831825551537,4.09663684464965,113.11930083291035,95.19638122093367,17.92291961197668,5.770300419282929,0.14850554366479896,2
6.306071187713689,0.6643842877898666,8.809550777346365,5.422991422666469,3.386559354679896,0.0077692262378989225,27,62.384818519324256,2.7399946841551492,69.59955278668723,56.084595597406164,13.514957189281063,2.548108679033838,0.10108342440199458,0
28.610267523963454,1.2526204405449775,30.0,25.338214180031816,4.661785819968184,-0.01146535265972834,27,104.58644553189924,4.10327926980846,114.30825643707853,95.63854067199506,18.669715765083467,5.74614766695204,0.273556167865759,2
21.52764492024343,1.5083601589129478,25.295519959606114,18.107959144173474,7.18756081543264,0.02559263610866961,33,104.62746446033628,4.442944606875258,116.59814511443811,91.30351144177276,25.294633672665356,6.149443796391243,0.20575519846081375,2
16.834928947516797,2.0852467708133133,25.20848676272525,12.57318330416338,12.635303458561872,-0.022219682156637038,26,105.16107059066064,4.101238442398716,118.1316196101966,92.95717101220265,25.174448597993944,5.951541161247563,0.16008708063613825,2
24.88819068016896,1.8326848276014247,30.0,20.323165553322706,9.676834446677294,0.029448945534224308,27,104.51055414626825,4.5704621595317345,118.30186752514493,92.98384269969998,25.31802482544495,6.706280213246945,0.23814045045820084,2
6.219748276215174,0.4283900514425801,7.912423046346491,5.632564825227405,2.2798582211190856,-0.004233928073376493,31,61.700707878175734,2.175129137400872,65.70606187860886,55.74147056682769,9.964591311781177,2.4022097197171677,0.10080513480802443,0
24.981222995411134,1.255722683103613,28.06576129286374,21.242551080028157,6.823210212835583,0.00866023452398818,34,105.42391331025634,4.501321701807835,117.55751318679981,92.63252844339166,24.924984743408146,6.177667208223248,0.23695973687614058,2
6.414929634628106,0.5485826926414533,7.834778694137427,5.250985690788144,2.5837930033492826,0.006063628731702437,34,79.99689759069196,2.7736192471135444,85.76718766186292,70.94534309236113,14.821844569501792,4.015870560823379,0.08018972919750811,1
13.437516479851519,0.9266385876075073,16.65596113688204,11.818253400142236,4.837707736739805,-0.004447345930306351,29,79.83626828447784,2.763443615943442,87.94800254233127,73.63044263978446,14.317559902546805,3.2564623048662,0.16831343198127255,1
2.6865921451179475,0.318839485227157,3.652115093534642,2.1233830373617932,1.5287320561728488,0.007008299630216485,32,62.09525959853258,2.4396539015852365,66.96483520789863,55.28242683405989,11.68240837383874,2.6275573152475222,0.0432656553692189,0
14.061691428444824,0.65973923181295,16.03185228619924,12.787751174807868,3.2441011113913714,-0.0001046808666627766,30,79.99646500566676,2.9863533705935343,88.5084740672737,73.8559041048195,14.652569962454194,3.9979338459748623,0.17577890787636452,1
8.310958732446295,0.5433729973301542,9.972534598630588,7.18421903885478,2.788315559775808,-0.001076639468547108,35,80.66425517869577,3.1882527564250807,90.92596192506218,72.0218488617917,18.904113063270486,4.350821059233849,0.10303149283413714,1
27.00561961098188,1.067255316407032,29.456357453656018,24.32704215863528,5.129315295020739,-0.0027517934938898854,33,104.67938388242095,3.967886838028091,113.49863835767012,94.929691462129,18.568946895541117,5.102705274459514,0.257984125922362,2
15.59269448856122,0.6214806786001513,17.301986516200074,14.278659847446834,3.0233266687532403,0.007259971646030987,33,80.00355862643445,2.8345785658976657,86.81949888819568,73.11502497262984,13.704473915565842,3.802241811033461,0.19490000896671533,1
13.487878863577402,0.5182605156690757,14.733443974641164,11.73782185716951,2.995622117471653,0.004312324660954396,37,80.24219239329985,3.199820534362421,87.58481021343998,73.56048593317489,14.024324280265091,4.462429291564873,0.168089608386797,1
10.379778335826316,0.6383154813576718,12.002090067044326,8.823048148268615,3.1790419187757113,0.004506858325583307,32,80.0065884663813,2.7881685542517327,85.80658426494762,72.60178155757659,13.20480270737103,3.1450371806763004,0.1297365430154711,1
20.148223003971506,1.9728127633651904,27.43662593858947,16.59921670909831,10.837409229491158,0.017154693373864487,31,104.25607255033715,4.609063430298892,116.36908412078415,89.6249516092967,26.74413251148745,6.331126095869769,0.19325706712178736,2
20.69671142142618,1.1057151904068703,23.55684270721502,17.72875669924643,5.82808600796859,6.930116726369632e-05,31,105.1099191547884,4.393410559108131,115.38036946259784,93.01285974314565,22.367509719452187,6.098962392071186,0.19690540522671415,2
9.570531402943175,0.5743978060791031,11.19240708018262,8.220398870448882,2.9720082097337386,0.009276771283851761,34,79.83589845740262,2.935244158224316,86.96092598793116,73.09810185491558,13.862824133015579,4.128117256892972,0.11987754215820721,1
15.322235742668042,1.4947139681186554,19.217409295173734,12.210376232689713,7.007033062484021,-0.009828159489237822,30,105.67235534909175,3.8585871400434213,114.16054788075101,95.82362412447364,18.336923756277372,5.993257023348685,0.1449975780993336,2
4.174484435396404,0.24283001188022052,4.809492813330871,3.5981856162826142,1.2113071970482565,0.0010147302286735802,32,62.393655413888766,2.46424378126172,69.91052992958669,56.89018864987142,13.020341279715268,2.6137019580128653,0.06690559065339803,0
21.36167997053411,2.0035866502904494,27.26843556305815,17.019288707439838,10.249146855618314,0.01362381319808171,31,105.0659925150262,4.253261627235047,114.3857618963411,94.82539210841747,19.56036978792362,5.8248649384952875,0.20331678458338692,2
15.155714211993557,1.4557654212889344,20.97296470910496,12.31091906231883,8.662045646786131,-0.0186412364317593,33,104.9330569851013,3.689287807799664,113.99553038626766,94.38690188162963,19.608628504638034,5.612918756920724,0.14443221710116758,2
11.617967339004295,0.6610427459024005,13.378856509487887,9.792402565092596,3.5864539443952914,-0.011149070720280988,33,80.00118027342724,3.229181710955899,87.18000021391674,70.91944922698303,16.26055098693371,4.535798147859261,0.14522244739482687,1
3.8028457610640807,0.23919239245878215,4.616448572527456,3.153500659055304,1.462947913472152,-0.0029537623142915142,36,62.37288909988277,2.0595159002076566,66.62477795745099,57.36941000539597,9.255367952055018,1.9797107539253767,0.06096952946984299,0
6.416268925227363,0.3189578571043527,7.150839591481393,5.754315365240328,1.3965242262410653,0.007136430236780229,33,62.23046830047662,2.9579918008809916,67.99037430661976,54.13835983114262,13.852014475477134,2.75760285589409,0.10310494195772071,0
9.398279937811575,0.9984420909233351,12.864711538766201,7.853928241452374,5.010783297313827,0.0077309555997409395,31,80.01969107387693,2.980756843891241,86.6882422301079,73.59883397767652,13.089408252431383,3.684634616281121,0.1174495888978773,1
13.25097179617722,0.7519413001560356,15.948219022765077,11.937074892352566,4.011144130412511,-0.013606458011706757,29,79.66665125803148,2.7213951268001586,86.6348521709811,72.13575814435372,14.49909402662739,3.7364210990525866,0.1663302199929123,1
13.567839039410186,0.4775658848392599,14.733443974641164,12.173807408900691,2.5596365657404725,-0.003954334968218299,32,80.45692580433536,3.019266299341706,87.10725845448678,73.94056588154099,13.166692572945792,4.320081848775504,0.16863481589852491,1
28.732307417946586,1.2421495331981465,30.0,25.865160062811295,4.134839937188705,0.015161770953877064,26,105.10832644078526,4.697496433081468,118.3587823152031,95.93548813419471,22.423294181008387,6.091469192570831,0.27335900130399726,2
30.0,0.0,30.0,30.0,0.0,1.3526773354174875e-16,0,104.51752490561981,4.470003320650682,115.29290257563045,93.28562179076705,22.007280784863397,5.7737232008223485,0.2870332007962975,2
11.684108291957143,0.4440393193461923,12.944827585027884,10.632489372283397,2.3123382127444874,-0.0030710222784535285,35,79.43696725416689,2.7186946691900946,86.315196026672,73.86435518608543,12.450840840586565,3.4942587465802943,0.14708653349625098,1
2.88965802593236,0.35105723672253636,4.131619013635593,2.112597154509887,2.0190218591257056,0.0024801571886711453,34,61.814418258203766,2.6740820964208694,68.03900256197787,56.10076566369143,11.938236898286434,2.754792750643996,0.04674731333901282,0
15.353255816631261,1.7127295254830588,20.080930767061826,11.372567027225102,8.708363739836724,0.017947237318596744,34,105.12426286199687,4.606165133682199,115.94474900696295,93.57473865956509,22.370010347397866,6.928237836490371,0.1460486404621718,2
5.236737379027471,0.27134300371201253,5.824005545794808,4.513901095405127,1.310104450389681,0.007143431738865045,33,62.062532147062285,2.315089801975881,67.41274656629308,55.33469680431006,12.078049761983017,2.276507159232759,0.08437840212900416,0
6.0558914435831666,0.49538799218460494,7.312528230400806,4.9377590565754375,2.374769173825369,-0.003264029932290845,30,80.15802762543858,2.7907679217043118,87.03692267072985,71.07030248344923,15.966620187280625,3.9794895075024233,0.07554940593513171,1
3.324180832539739,0.4091449357157011,4.585365826172124,2.5879885566383223,1.9973772695338017,0.005839215345720195,29,62.474733640562526,2.4895563102410287,68.43430599336773,56.77929178514715,11.655014208220578,2.1433012847738633,0.05320840259130084,0
14.939060262126981,0.9216358807187206,18.88268130187318,13.36575808757095,5.516923214302231,-0.0012197423617166534,30,79.41317058337431,2.423288647073656,84.0362382184901,72.23353304671977,11.802705171770327,3.1608176906170486,0.18811816685148708,1
8.009739438362192,1.0407290268974394,11.4913921790123,6.080493339494934,5.410898839517365,-0.0019038582973728638,25,80.06963945913618,2.905812125398989,86.68966484067202,71.51856126230109,15.171103578370932,3.81688065992297,0.10003466223193534,1
6.212973769243011,0.21958449199439983,6.760907880732453,5.61606477189625,1.144843108836203,-0.0034391035369106234,30,61.59394582749127,2.1513708706839103,66.53241268896636,55.78425153127535,10.748161157691008,2.186655538048449,0.10086987584419531,0
25.42243733111548,1.2180731921244876,28.37148281839266,22.53512014501335,5.836362673379309,-0.006931395563195462,35,105.49690272080319,4.501987700881813,117.09558709777565,91.83930047913154,25.25628661864411,6.847436289883566,0.2409780423356858,2
3.641993841958506,0.2658582596641184,4.3605601027745955,3.101440839519278,1.2591192632553176,0.006500881217188848,33,61.911386157794766,2.4169680694748705,67.85143689763424,56.249888610930924,11.60154828670332,2.7117228684129744,0.05882591247190254,0
4.076685904078909,0.3410597919357462,5.090061347616232,3.4313845438991755,1.6586768037170567,-0.008546518654952269,30,61.537642016019866,2.7171338586356915,67.70343422706257,56.16484843290868,11.538585794153896,2.3230336122790605,0.06624702709230577,0
14.99244638883387,1.0029969273724941,17.794451243950206,13.21438729586114,4.580063948089066,-0.006431861269640202,30,80.32990419000633,2.9695871224126402,87.0926366711521,72.79800667178728,14.29462999936483,4.088672550177714,0.18663592784495217,1
7.925310930161036,1.423084715592756,14.275791742396928,5.822305519566808,8.453486222830119,0.023874966404902963,28,80.12939835348855,2.808291602351332,87.74535596303528,70.97924122707066,16.76611473596462,3.618718362346617,0.09890640631410144,1
4.1767013081459226,0.3561567384484436,5.7053472636998706,3.5240449153653657,2.181302348334505,-0.001094519228995812,33,62.397877742655936,2.530840496868199,69.71192968680019,56.6720000221612,13.03992966463899,2.2032360519934686,0.06693659131220882,0
4.374990460322596,0.27707875632873197,5.191150116693144,3.746525413483581,1.4446247032095636,-0.005495103169653405,33,62.670065373408626,2.120786250211628,67.8209606136103,57.52924989434955,10.291710719260749,2.280464242350355,0.06980989032714568,0
11.472328954728386,0.540222071337289,12.901977040604818,9.792402565092596,3.109574475512222,-0.00020713264784207264,34,79.70823850367223,3.2286434583781536,87.18000021391674,70.91944922698303,16.26055098693371,4.626724041634953,0.1439290219701797,1
29.999749428533438,0.0024931546132645178,30.0,29.974942853343812,0.025057146656187967,-8.871117027993877e-06,0,105.00886499148042,4.254343892688769,114.28863121534957,95.1099612793985,19.178669935951064,6.321668048525864,0.2856877764108735,2
28.369888698193748,1.0982418756813583,30.0,25.809334878321692,4.1906651216783075,-0.0028443918063491324,27,104.22117030808488,4.523088071371165,118.32872539013269,94.43404279954798,23.894682590584708,6.268457693716614,0.2722084998865578,2
8.77204991093712,0.5812265102986005,9.961770706503847,7.358744969655355,2.603025736848492,-0.0008244420442585962,35,80.48922456464152,3.194705306229733,86.63254488268296,72.42807714826726,14.2044677344157,4.341466454543406,0.1089841509767319,1
9.086872749081627,0.6744670786667922,11.671139178531103,7.9654820477478285,3.7056571307832744,-0.0038843794282888817,33,79.7000583108153,2.7436203554822987,86.9833638084746,72.32339980796164,14.659964000512971,3.9611675239749866,0.11401337499191219,1
3.6430527043912413,0.5111104240203717,5.768906709930365,3.031735333275041,2.7371713766553234,0.006342521887040793,30,61.97957600922334,2.324668846123942,68.2015081353927,56.897770931968395,11.303737203424305,2.00099290366823,0.058778276332042564,0
4.635147957034461,0.22400661051242515,5.137230460327411,4.017638679209151,1.1195917811182596,0.004348428234140426,29,62.04141240116963,2.8783802198270703,69.21922839394304,55.32225862490941,13.896969769033632,2.186216971097378,0.0747105474058571,0
15.617296079599319,0.4575884296525964,16.847708682053636,14.591802843350507,2.2559058387031286,0.006082145784736852,34,80.21300374400221,2.7398715781522,86.53380276824444,73.9126079500791,12.621194818165336,3.336142990292198,0.19469780653949478,1
5.5258166979414645,0.20728061315414778,5.971963999070471,5.014376715326786,0.9575872837436856,0.0006956779195296345,32,62.398815132258434,2.5226249454386798,67.25960779957427,56.27178808879407,10.987819710780201,2.3025766928135996,0.08855643488859034,0
15.68524604555861,2.2766326940986623,24.971864739715766,11.360085845335636,13.61177889438013,0.033333445265815775,30,104.68252230172712,4.059236972061397,119.70474855417443,93.83912744340937,25.865621110765062,5.621249524743667,0.14983633896891196,2
19.524564436097496,1.3218942089926022,23.66715187845768,16.265484472637855,7.4016674058198255,-0.004235311557625708,36,104.7935909475534,4.7653933359520515,119.73292467561832,95.12464780086137,24.608276874756953,6.888382857620982,0.1863144880640131,2
8.79401987434119,0.552787104341479,10.093648575247144,7.707022849486346,2.3866257257607977,-0.005592463006674912,33,80.47377398039457,3.1469506703611376,88.63024380292526,73.83056180215098,14.799682000774283,3.7722455369421977,0.10927808315794349,1
29.246833660983153,0.882498887101137,30.0,26.971935905394233,3.0280640946057673,-0.013778068316920277,21,105.37251468538224,4.285403791662878,116.72305105191239,97.23689564481231,19.486155407100085,5.779822625834458,0.27755656653683186,2
16.127834522095775,1.6398316902407235,21.167338686263754,12.496336373404246,8.671002312859509,-0.009833909573889054,31,104.50877999553435,4.556189076329813,117.4893187215627,92.31182352385215,25.17749519771054,6.407675867526605,0.15432037737369567,2
7.115688415361326,1.105243984944386,11.827013050548404,4.824094656536705,7.002918394011699,-0.0006618009519194078,29,80.01109277767426,3.235200312491252,87.77111044705684,71.96648532358195,15.804625123474892,4.376146982856332,0.08893377254826178,1
3.257347607095326,0.6362798451827573,5.527755090611661,2.4692710744723954,3.058484016139266,0.017105415625212325,27,62.16749236195321,2.5054483083788237,68.31950137915246,55.21603606272994,13.103465316422515,2.528304620475674,0.052396315677878655,0
15.906057757694676,0.5095775985943065,17.109808845084103,14.615267314090227,2.4945415309938763,0.0029071232532351683,34,79.9825509629738,2.6355899774230775,85.20958994444698,71.37635027703818,13.83323966740879,3.5642275710148916,0.1988690954129351,1
20.605742212724955,2.3198493189765026,30.0,16.7599860757141,13.2400139242859,0.03269015830189982,30,105.24631136373878,4.571557683042698,115.77719684801457,94.60945658997707,21.167740258037497,6.511297539593276,0.19578588313393858,2
3.796460219624279,0.22842057774422914,4.306581061242922,3.2212479613782583,1.085333099864664,-0.004294084375521459,34,61.69459199243978,2.429303125207591,66.69901752119782,54.36933073004729,12.329686791150529,2.543724954779594,0.06153635246592043,0
29.997998844454415,0.01991124627555907,30.0,29.79988444544124,0.20011555455876007,4.202846930432511e-05,0,105.31449283883839,3.9081366335644807,114.48118378043267,95.18332879606608,19.297854984366595,5.88277493859745,0.2848420739728382,2
20.989501460490928,1.4459778506403147,25.295519959606114,18.107959144173474,7.18756081543264,0.008172869134344224,34,105.10832858925325,4.346071504292444,115.5450618040573,91.30351144177276,24.241550362284542,6.126018613177375,0.1996939875508876,2
29.988833997279777,0.056690835871594875,30.0,29.524547329787577,0.4754526702124231,-0.00023073730329759473,1,104.89435834237632,4.1843716811011324,114.88614588788795,94.68147103325296,20.204674854634987,5.517469741055131,0.28589558280627747,2
30.0,0.0,30.0,30.0,0.0,1.3526773354174875e-16,0,105.15303482746172,3.912864385409818,113.62412056111138,97.72547792434632,15.89864263676506,5.677552636420992,0.2852984677420527,2
7.988040963516128,0.48826921132112155,9.620316147015503,6.763625968843943,2.8566901781715597,0.00464865405016704,32,79.61753720788613,3.3316362090571237,89.01808723963498,71.06429071526976,17.953796524365217,4.703577575411301,0.10033016774091756,1
12.312562827250668,0.7026843718280484,14.402224873604125,10.936676805649403,3.465548067954721,-0.0067825549330850195,32,79.78732137618374,3.36856654324169,87.27240031143526,69.90151029385129,17.370890017583974,4.696564861522629,0.15431728325458793,1
16.33557764676855,1.3501088591263557,19.957918705621537,13.382201846498127,6.5757168591234105,0.009806437730483786,34,105.76330624972351,4.347768870858251,120.77055838562204,97.20459194142565,23.56596644419639,5.940187306032874,0.15445411146417468,2
3.6262240232986205,0.2558880142342257,4.569418541446328,3.101440839519278,1.4679777019270506,-0.004712717502190907,33,62.25360267642876,2.3795902661952812,67.15324885114843,56.60180479519804,10.551444055950391,2.7726025092061652,0.05824922268189314,0
14.285060544565875,0.47273841541121525,15.380352615570445,12.86211134064971,2.518241274920735,-0.0014654065928729567,32,79.9078310790771,2.481907680048981,86.47841030016224,74.1831470480225,12.295263252139733,3.1805626972160486,0.1787692166448631,1
9.423574315331935,0.4846782926491292,10.562008316565421,8.220398870448882,2.3416094461165393,0.003496176769591882,35,79.94034059126584,2.8208324595798486,86.96092598793116,73.09810185491558,13.862824133015579,3.962367363400412,0.11788258753652288,1
24.46077458482544,1.8509668311598308,30.0,20.323165553322706,9.676834446677294,0.03187006737419326,29,104.87234395037052,4.732519970739207,118.30186752514493,92.98384269969998,25.31802482544495,7.173928431883801,0.23324332641175502,2
4.650771074430285,0.23027492239088007,5.34077036192956,4.083899735834876,1.2568706260946838,-0.0012345711825836223,37,61.36384044443221,2.6117499681789895,69.64666609426962,55.02862854050966,14.618037553759962,2.753184210250377,0.07579009014032755,0
14.82533032851431,0.4882828909689808,15.866027508201078,13.857670772821054,2.0083567353800245,-0.0023919982395665443,33,79.56789801860904,2.3684829675622305,85.36024127986705,72.86588964696848,12.49435163289857,3.2225337452262086,0.18632300854201286,1
30.0,0.0,30.0,30.0,0.0,1.3526773354174875e-16,0,104.69686128301262,4.318752657205965,115.34808049166274,93.27722371601601,22.07085677564673,6.245377658040593,0.28654153855065045,2
28.48556910357394,0.9824821365422618,30.0,26.2208607914527,3.7791392085472992,-0.012214387621509006,29,104.38887394267095,4.574557882329867,118.55909495798056,94.5698135948343,23.98928136314626,6.921765252082322,0.2728793572995001,2
10.160187518777866,0.5281616905596402,11.438424110160483,8.84546844826318,2.592955661897303,0.009314636133835522,31,79.63191858907874,2.766757028953991,87.0690854083077,73.80607100889243,13.263014399415269,3.956622604804693,0.12758938339307976,1
14.525475507464503,1.2457217680750352,19.480117047996135,12.551078924356078,6.929038123640057,0.003406954202937997,30,79.94834661443221,3.1279669605490596,87.09246327267684,72.7292970111407,14.363166261536136,4.24731267820102,0.1816857501235257,1
5.984382075278149,0.2571946097156223,6.59970468220999,5.219833950375566,1.3798707318344237,-0.0026523276826154784,33,61.66076839950064,2.743759639464401,67.36650029785598,56.582820987559856,10.783679310296122,2.1816443969241757,0.09705331499361106,0
29.994545885888186,0.03485156604775224,30.0,29.691153261277545,0.3088467387224547,-0.00011588395635635502,0,105.33689344568323,3.9539451825737992,116.03867229922106,91.75705050429183,24.281621794929237,5.330560731708984,0.2847487202250378,2
3.7562633564655363,0.2754055322451485,4.37569028234992,2.996582366520743,1.3791079158291768,0.006200419467895581,31,61.91936412012459,2.6159159932765026,67.30391488656267,56.690468985129826,10.61344590143284,2.629862635807857,0.0606637899012421,0
5.467473412467103,0.5881016317493964,7.899962750813651,4.6987930773742805,3.20116967343937,0.00421934237150437,31,61.78451233205132,2.666577212854103,67.41990489870392,56.12670295965032,11.293201939053596,2.5447119454198805,0.08849261922778305,0
6.5882771895128505,0.6031868050135364,8.76155942993471,5.312774661971609,3.448784767963101,0.001492446214195535,34,79.81583107980421,2.9696488249445694,89.48957553614584,73.28737676680825,16.202198769337585,4.225072851562291,0.08254348815064075,1
3.599590487264052,0.305776150992805,4.689666465179904,2.9506071375318026,1.7390593276481017,0.0020952073402809267,30,62.14494429307708,2.543561609093273,68.60894703336034,57.04271665379414,11.5662303795662,2.260021955732472,0.05792249828667956,0
18.45633227661942,1.100141035021005,21.612544343741984,15.454533084559504,6.15801125918248,-0.0020531230300553766,36,105.25815319491228,5.283206108337296,117.64232257013363,93.88625877391189,23.75606379622174,7.424565825981724,0.17534349160676732,2
3.9271268375541917,0.19760787888830836,4.352742643414172,3.545515956137333,0.807226687276839,0.0007258845559898012,34,62.249857864026126,2.5331125988419125,68.45402937641782,55.2118601003126,13.242169276105223,2.4975134746688172,0.06308651793303355,0
11.784986174520556,0.6344623594273183,13.59401470929337,10.40167872021725,3.1923359890761205,0.0020472772015998632,33,80.63374755616535,2.3875444221110733,86.89762730385216,74.73844121415047,12.159186089701691,2.9933257652808134,0.14615451204419372,1
14.382024000846133,0.6049274497239349,16.918918171038936,13.191308899213421,3.7276092718255143,-0.001874651084399642,36,80.50193769479559,2.803663441117504,86.64770873390621,74.52303099700912,12.124677736897098,4.06237145606522,0.17865438067736777,1
2.5906510484269853,0.22834413868972547,3.057335099447085,2.0686196540370725,0.9887154454100124,-0.00033081877471388276,30,61.63102137069712,2.48252114996255,67.76972029912585,56.057121780548115,11.712598518577735,2.3563365557465943,0.04203485434404748,0
23.89716033615201,1.7688682494440653,29.148562548470068,20.21219343445553,8.93636911401454,0.0026460338720783625,32,105.05146185114137,4.831305679250249,117.78476977458885,94.09564941799835,23.689120356590507,6.595858882385481,0.22748050990983767,2
6.28462055357318,0.2487146578956604,7.021121194294446,5.61606477189625,1.4050564223981965,-0.002343270075946493,29,62.22991908501949,2.3698038699336146,66.86631200152702,57.29391124726046,9.57240075426656,2.2452823709511818,0.10099033623997963,0
13.943237899815713,0.6887006990733667,16.091429978767742,12.694386670992232,3.39704330777551,0.004201702747214545,32,79.72872938711646,2.6611003326762193,85.3598571798611,72.56170413983287,12.798153040028225,3.8884072499113125,0.17488348092482395,1
13.528488893090922,0.5264407448258167,14.64326527220532,12.000006628043709,2.6432586441616106,-0.006248140380051601,30,79.90734916768245,3.24517899861422,88.74376385818691,72.76557055674753,15.978193301439376,3.9262282802547537,0.16930218390050372,1
9.977083889866064,0.9789281671666997,13.492223140900787,8.664995648569105,4.827227492331682,0.01978660244581404,31,80.29434777070045,2.5659144081250926,86.41779193543562,73.94672679064834,12.471065144787275,3.5520497382436615,0.12425636477055181,1
3.722078557993433,0.30701369932770745,4.646518626269264,3.095371752107455,1.5511468741618093,-4.9350059116755037e-05,31,62.25736396517764,2.5529921549494015,66.97952553795677,56.64861637159779,10.330909166358985,2.267261315443157,0.05978535326824867,0
4.4702997878094575,0.28861821503579294,5.121867786605207,3.817367813596108,1.3044999730090985,-0.00781941718402142,31,62.11462372140965,2.5538219705813128,68.66418906026298,56.376744194860116,12.287444865402868,2.461156778140643,0.07196855503609983,0
25.185944881428945,1.9668517857515504,30.0,20.894710423534313,9.105289576465687,0.028068258551417154,32,104.5351618981551,4.4680951350490865,117.10748730924597,95.74064059014147,21.3668467191045,6.192728160098586,0.2409327558609797,2
9.817286583857724,0.49717330047560326,11.09066148616006,8.758015863808225,2.3326456223518353,0.002184825532484141,34,80.50349945220181,2.843144708973565,87.2216994649496,74.24736790789765,12.97433155705194,3.4219715610846704,0.12194856781024876,1
10.475122127234807,0.526349963466517,11.68052818759157,9.090550525757122,2.589977661834448,-0.0022220632312508087,34,80.01573758572637,2.773957253279437,86.51050497196123,72.20327430358226,14.307230668378963,4.2801866574746725,0.13091327171856432,1
26.7589718256975,1.3588654328421312,30.0,23.64320576134438,6.35679423865562,-0.015861775470626296,32,104.72351398350312,4.188180115829268,114.15449853708677,94.35345950952279,19.801039027563974,6.161337363304307,0.2555201840762582,2
6.352201582611835,0.8522287170182757,8.738978032762077,4.592812322457788,4.146165710304289,-0.015903099992490857,33,80.14561772203132,3.156041768847489,88.03121947781801,74.03084125035404,14.000378227463969,4.209825457079729,0.07925825121698975,1
5.890728322307483,0.5813067501412162,8.225575675169845,5.213125709130566,3.012449966039279,0.013373617367573643,28,62.27023306334476,2.910361262935195,68.27090228948586,56.02227319620788,12.248629093277984,2.4861703404321616,0.09459942476392662,0
12.121122350697869,0.4675576070253848,13.104281369696572,10.982473046749945,2.1218083229466274,0.003502334189978284,28,80.46686545554988,2.6947069716926015,89.24151917899319,74.99353073160007,14.247988447393112,3.4738544877061583,0.15063494932281984,1
3.8697065513658218,0.21958510333866826,4.328240730697709,3.3549921927613138,0.9732485379363949,-0.004108535494248338,31,62.25285715690811,2.3885837010835966,68.22312053960843,56.501775055456406,11.721345484152025,2.776471720110714,0.06216110658907002,0
9.740301944821283,0.4900772065757223,10.673586990397544,8.468595492240416,2.2049914981571277,-0.0056914810041911595,32,80.54736123106382,2.7468619068266373,85.63307284835703,73.82171271816513,11.8113601301919,3.656018380552879,0.1209263925599397,1
17.208290952851975,1.8299051258717356,23.014180083922458,13.64085658956878,9.373323494353677,-0.00690478793995377,33,104.81607249928493,4.53603157440245,118.52018582427556,94.30904788123492,24.21113794304064,6.468646817656361,0.1641760693599095,2
14.025514203305427,0.7189949335465189,17.39336130767191,12.487605429715805,4.905755877956105,0.0024171159544546785,34,80.36203441294673,2.7823504483300825,85.96581298814327,72.47502809262238,13.490784895520889,3.513131363403781,0.17452910607893646,1
14.178686578784722,0.6604741747350864,16.302939470222068,12.814433433159094,3.488506037062974,-0.012300237163174941,32,80.24469268339523,3.314947474613125,91.51514132222468,71.72754694846577,19.787594373758907,4.4041073315344805,0.17669313605615608,1
16.02177155732466,1.6789966331124537,21.487916505755305,13.542212451897827,7.945704053857478,-0.014919489811764523,35,104.35633067938954,4.2277774765576055,113.45583313024495,94.94077122182622,18.51506190841873,6.50030462543124,0.15352946294191147,2
5.726827946749014,0.21327309914392759,6.180701236475854,5.179488245493562,1.0012129909822924,-0.0018457879442332747,31,61.64938592783116,2.2297019769285096,66.57070184367213,56.216877037925016,10.35382480574711,2.2857935684492783,0.09289351009204733,0
3.0462488002910635,0.23192086741652243,3.5122738033213023,2.532928472229849,0.9793453310914533,0.0047319293876597855,31,61.54910877566551,2.908705038010239,68.18666399847379,54.719447585869304,13.467216412604486,2.392602483153979,0.049492979043791956,0
13.822840870185594,0.9211154683114179,16.41123573746157,12.194866352408544,4.216369385053026,0.003949124797355497,25,79.7341583810448,2.8010488265254923,88.42024256132314,73.94056588154099,14.479676679782145,4.128801075111505,0.1733615927914542,1
5.979608684264068,0.32541556709460834,6.764377930781235,5.34272933790122,1.4216485928800147,0.0026144215717446156,34,62.281978829077104,2.682397460938844,68.75822674405512,57.246742816442485,11.511483927612638,2.510795875904115,0.09600864809811994,0
6.339046248920856,0.2067178361374672,6.95049426862394,5.564390232844634,1.3861040357793062,0.0009331682939270167,31,62.13876701631056,2.795323676150675,67.88047376689185,55.17128419478825,12.709189572103604,2.7267481382464305,0.10201435353943523,0
13.871805333411965,1.6922108663737816,20.92193387306168,10.283223253499335,10.638710619562344,0.00406596939649746,31,104.70597353671197,3.9455535825833525,118.2423975771906,96.4380830456742,21.804314531516397,5.812248102578177,0.13248341744384642,2
4.836102174112919,0.27096733409179824,5.406992055259802,4.02138398504339,1.3856080702164117,0.005403397466812068,31,61.67631897557786,2.6930596228272723,67.77362809248675,55.01492062428102,12.758707468205728,2.471277992655985,0.07841100402922684,0
5.076370323358318,0.2987168489385794,5.820603576204252,4.465350405447314,1.3552531707569377,0.0008520641321032796,31,62.32546893360361,2.6091533553213164,67.78519635015002,55.34434238057642,12.440853969573595,2.5907142816479842,0.08144937099978969,0
3.0648608070446,0.22029440776172707,3.701889672097204,2.5745548248215324,1.1273348472756717,-5.627386044342246e-05,31,61.45458055375626,2.447061395743685,68.20704596411151,55.378540031887724,12.828505932223791,2.405080596026636,0.04987196608545239,0
8.073392644672788,0.7782492589302421,10.533133171150492,6.647759839838147,3.885373331312345,0.013783005510291475,33,79.80726034920745,2.395071890750583,85.5410187195678,74.94122037341923,10.599798346148575,3.4312953083594695,0.10116112880188394,1
16.20233752867962,0.6859227917259078,18.592987441484535,14.764826596645175,3.82816084483936,0.004006967856300544,34,79.83428434437032,2.9681389138852494,92.63081317055101,72.49592072749431,20.1348924430567,3.675012594483639,0.20294961567940137,1
6.526174241692745,0.3133219905406404,7.53373366608562,5.9295487412657035,1.6041849248199167,0.002083613731049778,28,61.647470913847194,2.2468342565799557,67.39982021941928,55.59445923872831,11.80536098069097,2.351451415263795,0.10586280408729692,0
10.051623420794915,0.5274142206640602,11.087257744647028,8.844606245668949,2.242651498978079,-0.005547102771340065,33,79.47780072175618,3.255494114731594,88.83339117003501,71.64790715202442,17.185484018010598,4.845576947919889,0.12647082837022394,1
20.490532105362767,1.563756814239438,24.73312041110757,16.523327768723856,8.209792642383714,0.013377582795803112,37,104.71667028079594,3.9575401522062292,113.28346438392902,94.21077564032718,19.07268874360183,5.510608457151694,0.19567593063016453,2
23.048269337084484,1.4968114552288434,27.8111657618994,19.80993524534677,8.001230516552628,-0.01588151607431612,33,104.52511015397342,4.208363857357665,113.75311738495677,94.78918375980128,18.96393362515549,5.989303137639957,0.22050461446659106,2
23.762349650001084,1.522855073504026,28.396541669052745,19.840251202419495,8.55629046663325,0.004069263835101956,32,105.61141328152812,4.5070808080400475,118.5399063901486,97.52917814849977,21.010728241648835,6.45742653300813,0.22499793049506792,2
16.952971644562545,2.1853077951367545,26.66674755190778,15.170910092171752,11.495837459736027,-0.019524823896702355,31,79.2632418766394,2.6265850137864826,85.27394882026044,71.37635027703818,13.897598543222259,3.786566236653549,0.21388188306838699,1
5.068177278695426,0.5411459563031525,6.647654015274356,4.150827383639752,2.4968266316346046,0.014288630394864483,26,61.89544637104187,2.3146857527768168,67.76319433624663,57.58765492386132,10.175539412385305,2.4657659921756525,0.08188287659209328,0
30.0,0.0,30.0,30.0,0.0,1.3526773354174875e-16,0,104.9602634829065,4.383981191610237,117.14137266129002,96.55853045949237,20.582842201797646,6.05529332489732,0.2858224505035018,2
3.2934933478997137,0.24046816982330946,3.736282099271809,2.627578872355453,1.1087032269163561,-0.004346691749622228,33,61.72403321159567,2.495045341153851,68.00937790998546,56.23803212413157,11.771345785853889,2.6013111169793515,0.053358361778643885,0
8.973241934432615,0.8497561204750085,12.248577013191873,7.3869962759631855,4.861580737228688,-0.019291723438980255,31,79.80685884882234,2.9183823066836494,84.64774275076441,72.83633582818797,11.811406922576438,3.93517228422777,0.1124369753606466,1
20.92770775502275,1.9490494540468672,28.931283354773733,16.77574682511366,12.155536529660072,-0.0020425025099102176,31,105.82172676536493,4.988560807201804,115.77979798085846,93.77649061236752,22.003307368490937,6.954081315812726,0.1977638070834099,2
5.690054533712921,0.24571436468537167,6.343474702301284,5.125298855864368,1.2181758464369166,-0.003902596926858469,34,61.77612563616192,2.221226449179032,66.06002885974178,54.32669029668068,11.733338563061096,2.180373835487465,0.09210766105853796,0
9.485171565279494,0.6081741744590992,11.190274657588025,8.212402637745248,2.9778720198427777,0.008848551004596505,31,79.81927563448222,2.945354223208224,87.32609853913985,72.78276217795974,14.54333636118011,3.933136493727241,0.11883309352344926,1
12.26347974705695,0.6848990255950252,14.558830420815058,10.681672691164742,3.8771577296503157,-0.0017126110744369364,30,80.53548339666357,2.8535378023137987,88.52228732196824,73.02775310271421,15.494534219254021,3.970048514546271,0.15227424083842728,1
30.0,0.0,30.0,30.0,0.0,1.3526773354174875e-16,0,105.96677877333565,3.627327213675119,114.53067424906502,98.53415846166548,15.996515787399531,4.841581953594006,0.2831075933813446,2
2.660710977189209,0.4663754371752636,4.394917784969549,1.9851426913794659,2.4097750935900835,-0.010346296477802405,33,61.47851988740833,2.379407899175742,67.60055739511662,57.01483499868886,10.585722396427762,2.69423121551653,0.04327870838112763,0
30.0,0.0,30.0,30.0,0.0,1.3526773354174875e-16,0,104.38931202346913,4.604719019550517,116.07200057154635,91.73893555432237,24.333065017223987,6.264915110821759,0.2873857402745366,2
3.3938224888217676,0.4637193094470672,4.714721362096565,2.498652410059644,2.2160689520369212,0.011343237471745643,36,62.458647800430775,2.708269893400002,68.67409748039893,56.098420011394964,12.575677469003963,2.436244636844981,0.054337110296218266,0
6.13423234793532,0.21619763491688818,6.568052726903033,5.475026313563174,1.0930264133398584,-0.0036335016525871435,32,61.732038893416465,2.3560839260654296,66.89239167921133,55.96965212096848,10.922739558242846,2.410729976370351,0.0993686966853256,0
6.260729174983675,0.25904449718242445,6.899776750968975,5.609653510702162,1.290123240266813,-0.0024860343337650757,29,62.36505892227215,2.4879321612781498,69.44698377626412,56.819928294698755,12.627055481565364,2.5201235750416333,0.10038840951626841,0
28.95084179875703,1.057616026080554,30.0,26.34234335871511,3.657656641284891,0.0049277478881680275,21,105.39594279077814,4.466466077577075,116.56709919538277,94.02424957280611,22.542849622576654,6.69800302117573,0.27468648941772794,2
30.0,0.0,30.0,30.0,0.0,1.3526773354174875e-16,0,103.79646008964126,4.487536571080802,115.01759247671046,91.31685693723037,23.700735539480092,5.515697942960888,0.28902719500322116,2
4.294614109168215,0.34005547188051616,5.916569510655702,3.7171879904920906,2.199381520163611,-0.0009780853549751355,32,62.21487136837372,2.5872360054197947,68.51393853521309,57.83834398588574,10.675594549327343,2.5066277244925352,0.06902873775485453,0
30.0,0.0,30.0,30.0,0.0,1.3526773354174875e-16,0,104.3541690234651,4.364810057527784,115.01759247671046,91.31685693723037,23.700735539480092,5.369984275682143,0.287482522195847,2
5.481788633982934,0.26754752877822363,6.048970820934983,4.644583615028318,1.4043872059066649,-0.0033610905219581535,31,62.292129940726774,2.322735737300205,68.7234888359096,55.92900618608405,12.794482649825554,2.1768198422098473,0.08800130210987733,0
6.137319061382857,0.26725771806401505,6.638927490378295,5.568134093061053,1.0707933973172423,-0.006656622373973482,30,61.84510341164707,2.4072381368370244,67.64543461018869,54.21940755024876,13.426027059939926,2.591650905665321,0.09923694235411522,0
30.0,0.0,30.0,30.0,0.0,1.3526773354174875e-16,0,104.8032934629394,4.189937436401376,114.3026149515948,96.91845973344033,17.384155218154476,6.329385639209537,0.28625054349420875,2
15.94841107409445,1.2394526705011386,19.631500507738,13.334177040934044,6.297323466803956,-0.0019492066394325611,32,104.44491987146404,3.655099208353824,113.50065038256771,97.04257192593448,16.45807845663323,5.444818893999736,0.1526968563049752,2
3.9103549767109773,0.22624671498463675,4.3605601027745955,3.230989392324662,1.1295707104499333,-0.0037568613304626527,33,61.71137197040565,2.4617294260108245,67.91675995118847,55.35785960163308,12.558900349555387,2.0655118111316293,0.06336522408254035,0
4.9173342210738475,0.2503451400783562,5.421016569413109,4.127132770925268,1.2938837984878413,0.002818379182901103,27,62.27275494523555,2.6440482700599364,68.84875388772184,55.722149837835936,13.126604049885906,2.7577205128244753,0.07896445478337738,0
15.291072759190417,0.4364563177184538,16.46118035205597,14.145701839807435,2.315478512248534,-0.00043510914934889825,31,79.93799466361449,2.986839338943631,87.72945204031542,71.31409884514538,16.41535319517004,4.457164201409294,0.1912866670254841,1
11.19806896587395,0.9132009037295165,14.16239474750303,9.090524274996458,5.071870472506571,0.002864960373352073,32,79.49488964681407,3.115222486559154,86.34269716106213,72.68684602095192,13.655851140110215,4.364827084639567,0.1408652666197829,1
3.6050274573776084,0.24849807244172903,4.569418541446328,3.101440839519278,1.4679777019270506,0.0008675583216528649,31,62.42840912804594,2.613059642440449,67.85143689763424,56.249888610930924,11.60154828670332,2.738653163311626,0.05774658444742374,0
3.766825994188423,0.4436257644574124,5.589670676536595,3.018484733068063,2.5711859434685316,0.006115575926271881,31,61.445942075361216,2.2062504854486806,66.29836913274717,56.825283504019666,9.473085628727503,2.0955559026872215,0.06130308700069178,0
5.19284019475783,0.23151612223222437,5.971963999070471,4.683462166938533,1.2885018321319386,-0.0034884632061322265,29,62.377328584141075,2.324786491488698,67.69119796721644,57.12634514304525,10.56485282417119,2.327028902980557,0.08324883782902542,0
3.756006412271466,0.28041670545156905,4.3605601027745955,3.161578356936136,1.1989817458384593,0.006946425066574986,32,62.459359241239724,2.3173836509687495,67.85143689763424,56.249888610930924,11.60154828670332,2.4943460392904426,0.0601352046797224,0
21.298930807844645,1.3562804876741508,25.739531913393876,18.163447950321213,7.576083963072662,-0.0049583738169216894,29,104.96126629488448,4.501767465835039,116.68578422186381,95.56153976497194,21.124244456891873,6.118175952155377,0.20292181446329294,2
5.9439535074151015,0.47890847221427624,7.651430934381399,5.2822278893264105,2.369203045054989,-0.004369189795881591,28,61.60910993914158,2.897321375135672,67.85377550523253,56.09765289450039,11.756122610732142,2.3387957270891744,0.09647848210772965,0
29.995960028459077,0.032063651158191174,30.0,29.691153261277545,0.3088467387224547,0.00011307744612548832,0,104.87225859578278,4.162065006984715,115.27596808282745,93.7206887357276,21.55527934709984,6.022587110315651,0.28602377925368266,2
8.866845362551212,0.46239896335988623,9.905697824999919,7.564199350877906,2.3414984741220133,0.0029811355886529855,38,79.73307203566574,2.8506312659662245,88.63024380292526,73.76338602023837,14.866857782686893,3.7228459587665665,0.11120661759248819,1
6.1993229592994465,0.26602000652209107,6.756207853244253,5.547402289415214,1.2088055638290385,0.006414384165478104,35,62.384556986943,2.4339043748298286,67.79764504703328,55.46731538448388,12.330329662549403,2.9309200442610686,0.09937271593071088,0
15.63000933170506,1.4545756218326356,21.20625303408021,13.974308239844996,7.231944794235213,0.006556999421793425,28,80.04974828848415,2.7951511416618877,87.71025113891918,72.47124252362475,15.239008615294424,4.072464729087397,0.19525369499131676,1
23.07906166437897,1.5252784447987542,27.8111657618994,20.256496681157692,7.554669080741707,0.008412445548104958,32,104.03555059305337,4.352133629489453,112.48284843108284,94.06364019051114,18.419208240571706,6.205287577253541,0.22183822079067053,2
10.304202919153834,1.0029926830674878,13.956423055929749,8.688746341655348,5.267676714274401,0.013509088118091981,32,79.97122281786967,2.9125403253626034,85.76315289513411,71.61128613758511,14.151866757549001,3.869610546230904,0.12884888372624037,1
25.386108983984087,1.5564468432585505,30.0,22.557641634447535,7.442358365552465,0.020735726268893744,33,105.16546643329795,3.823924576408229,113.63369578290674,96.09471712355814,17.5389786593486,5.1740751608566855,0.2413920615156818,2
6.704858125131771,0.2856691137913665,7.448356631697731,6.055746988168633,1.3926096435290978,-0.001452638064473054,28,62.26022807461149,2.6723186905064162,68.64809279463695,56.89715349747475,11.750939297162205,2.536610311783645,0.10769086822820384,0
2.5116564500719956,0.2556805692417934,3.1936993589690545,2.0115015272763266,1.182197831692728,-0.006619317455587014,33,61.93539393352223,2.775116980470889,68.97490596108076,56.24284745232997,12.732058508750796,2.123392318465799,0.04055284466608889,0
6.126906700516478,0.29343061030389733,6.911099665182382,5.415613094470955,1.495486570711427,-0.0027477790387978418,34,61.80668059280391,2.8125193838179143,67.6179206780111,55.34084775089771,12.277072927113394,2.6701105756774277,0.09913016752593021,0
5.849294166085263,0.281507775448139,6.420192087210271,5.104629733981615,1.315562353228656,0.0056698000646488575,32,62.401681197461194,2.172374009918886,66.45205169698056,56.86671027771405,9.585341419266513,2.312935824832215,0.09373616159218287,0
27.733385227425398,1.3533593642459076,30.0,23.89199897468101,6.108001025318991,-0.013762876960244752,30,104.7487090286984,4.654630611764992,118.35501296465341,89.87132871002086,28.48368425463255,6.593872547588799,0.26476111466983393,2
4.412626202170439,0.22769228280775705,4.990140120886856,3.781107769260868,1.2090323516259884,-0.0044122678142303005,34,62.633649273026485,2.660527299154679,70.06963671117656,56.21675133301766,13.852885378158895,2.7533344740120578,0.07045136572649607,0
23.22993795928999,1.247231228808837,26.93586017794259,19.468200344784993,7.467659833157597,-0.0014374073869437602,32,104.51404354124745,4.239115716826325,114.56347514548703,96.36574804709761,18.19772709838942,6.241285665578139,0.22226618500178777,2
4.393795257576849,0.38215875908670927,5.765409912006979,3.4389830318949675,2.326426880112012,0.006697775689239577,29,61.52263905312195,2.7917208033986802,67.33804481175135,55.618021126369136,11.720023685382209,2.345579266316308,0.07141753432204812,0
30.0,0.0,30.0,30.0,0.0,1.3526773354174875e-16,0,104.5996688669493,4.236199760630589,113.2549451368009,92.54397948473687,20.710965652064033,5.801964634805576,0.28680778857294653,2
20.205945727946588,1.6240551022729965,25.559157007491873,16.77574682511366,8.783410182378212,0.019661499950111457,34,105.00765033211475,4.572073004511258,115.14827595733139,91.77137793986451,23.376898017466885,6.305119618740392,0.1924235564896113,2
29.99882394313681,0.011701618041992169,30.0,29.882394313680784,0.11760568631921586,2.893389222374322e-05,0,104.99339062348753,4.263889003976333,113.38101507369326,90.0933796093859,23.287635464307357,6.291977887135005,0.2857210675764657,2
8.273031964874093,0.801200408440609,11.030844494227901,6.689925417415771,4.34091907681213,0.0059266534258822865,34,79.84408117632346,2.800602751360102,88.1545642478124,73.02651043190721,15.12805381590519,3.47837664186264,0.10361484206937674,1
12.59384999575065,0.4730118164842755,14.131931745759568,11.30170897605775,2.830222769701818,0.0001164884944857733,35,79.07375030527353,2.6877566306317084,85.89352582562823,72.17055542463673,13.7229704009915,3.61085941961383,0.15926713717084964,1
12.582576445707364,0.6754731546562693,14.26978404542576,11.056319835474556,3.213464209951205,-0.002592793416683183,31,79.59799397087569,2.8028753013312215,86.49722474956869,71.80120728860115,14.69601746096754,4.03671159753647,0.15807655017329564,1
4.164093723995116,0.33049214588419945,5.090061347616232,3.4313845438991755,1.6586768037170567,-0.007735326580323777,32,62.217754784371735,2.7145030342106375,67.70343422706257,56.31541950514732,11.388014721915255,2.4626400114464193,0.06692773905935515,0
16.086343815977912,1.3957876415702417,20.9410976677697,13.136631828158519,7.804465839611181,0.008951868465492271,30,104.48652500311954,4.089689614836582,118.52018582427556,92.8841253367305,25.636060487545052,5.618700503950572,0.15395615522232636,2
19.42113497363312,3.1087457094937454,30.0,15.127647212126764,14.872352787873236,0.0571164655849514,30,104.71608986778904,4.140967700171917,117.65876983068618,96.1976810704467,21.461088760239477,5.707584258042398,0.18546466748986631,2
12.677611225768057,0.8297658110766264,15.302472598475601,11.343743331739393,3.958729266736208,-0.003359966704556845,29,79.94417454557069,2.585649981012606,86.37517391795862,74.01597382957094,12.35920008838768,3.35830511930813,0.15858079890437324,1
30.0,0.0,30.0,30.0,0.0,1.3526773354174875e-16,0,104.99297511018048,4.387062438684335,114.78039167696289,92.88660397176066,21.89378770520223,6.4161820033318415,0.28573339961825406,2
4.823561493311664,0.27578253421788396,5.421016569413109,4.2593029462823315,1.1617136231307779,-0.006833704349565717,26,62.051069892288744,2.741922339139104,70.02476028681973,56.27421193177407,13.750548355045659,2.450422776933974,0.07773534644848654,0
3.528342745744094,0.31735374615465456,4.245722881994733,2.7746608632426315,1.4710620187521015,-0.008687578493475852,31,62.392668447432015,2.701424112102595,67.6465563202521,56.109971728593194,11.536584591658908,2.3842750084043236,0.056550597642193286,0
7.165126277434496,0.671240312590992,9.499467663351307,5.900355255811081,3.5991124075402263,0.005991864282682017,29,80.34769219255325,2.779271992883704,88.51810882045416,73.9412546471565,14.576854173297662,3.7887966099082773,0.08917650268145559,1
29.947858328556,0.20220943988890092,30.0,28.823197021970483,1.1768029780295173,0.00040758914847037627,1,105.31526372852635,4.412033269385105,115.45546172369268,93.12895293763722,22.326508786055456,6.264482185432852,0.28436388975286064,2
2.712214401953538,0.37308908521991024,3.786717979796213,2.0857437508474606,1.7009742289487524,0.008016537452697524,29,62.67971991096397,2.144339486331771,69.71979520405397,57.05092834317211,12.668866860881856,2.453182296195012,0.04327100316554083,0
11.161068646833225,1.2979370714197382,16.545800836410766,9.722055012406248,6.823745824004519,0.005274839457208732,30,80.59240569057347,2.9258589543391125,88.74480953636126,74.19584024009443,14.548969296266833,3.8381676602471306,0.13848784401842024,1
3.6444701006451403,0.20716455704604264,4.046285807376955,3.0869657177325753,0.9593200896443794,0.002041711356583326,31,62.42214403032081,2.8662591230026426,68.32977527792664,55.95664075354515,12.373134524381491,2.412357699979568,0.0583842496741322,0
4.19129654704094,0.2995483235512432,4.962599240668336,3.5240449153653657,1.4385543253029702,0.007692153628712435,33,61.814935834854204,2.3081597858342255,66.95439736283646,56.6720000221612,10.28239734067526,2.1601707118606943,0.06780394451002153,0
16.054236847005246,0.6858697648145305,17.811327761912683,14.391551251461026,3.4197765104516566,0.002739551640284163,29,80.11884883670713,3.0499836097096757,88.85807834584887,74.17460453468713,14.683473811161733,4.222488770399882,0.2003802710563858,1
2.7576598749400603,0.21001369142303827,3.311457964409767,2.217778806904969,1.093679157504798,-0.0007389107439130921,33,61.566163824106454,2.3828822361763673,66.99837516267975,55.17175088152479,11.826624281154963,2.2892959910505404,0.04479180866338922,0
13.841657822303334,1.4100214401926434,17.080874483857304,10.990436765846981,6.090437718010323,0.012870659930516323,32,105.37214842587387,4.06044361759801,113.09507802531957,96.78455342611036,16.310524599209202,5.5108204119667,0.1313597368727922,2
3.1359193379523616,0.24103055015131875,3.729375242266683,2.6400804423733195,1.0892947998933633,-0.005422669200071989,36,62.24187850186553,2.570270581842023,67.51074245233393,55.67507392051718,11.83566853181675,2.4419116907049445,0.0503827866871914,0
3.5381592543367026,0.6619046732023603,5.527755090611661,2.634016949196716,2.8937381414149455,-0.010970309442766358,28,61.95344032710952,2.1210444064865883,68.31950137915246,57.32944165240297,10.990059726749486,2.275461752339544,0.057109971271095135,0
22.609978636405103,1.1763196067899264,25.116285342146295,18.892414634054226,6.223870708092068,-0.003432365095132401,32,105.15709073761867,4.5415697947187,116.77966491420285,93.52282240915913,23.25684250504372,5.978238616735787,0.21501144870780653,2
30.0,0.0,30.0,30.0,0.0,1.3526773354174875e-16,0,105.02112509920413,4.801528872612265,119.24856198701758,94.85600092570684,24.392561061310744,7.052844714505259,0.2856568112939645,2
8.506899358825935,1.0033024060126152,12.070419912652786,6.788054922553575,5.282364990099212,0.018475384384022325,30,79.97860176916008,2.7844331571102567,88.55158371640654,72.70022234467586,15.851361371730675,3.9602071066375273,0.10636469085836811,1
30.0,0.0,30.0,30.0,0.0,1.3526773354174875e-16,0,104.98184124660513,5.000407066614924,118.10614105239644,94.07800858227647,24.02813247011997,7.172059990417795,0.28576370311286026,2
28.19916396555379,1.2281604404991258,30.0,24.744637865071137,5.255362134928863,0.0012205611027696034,30,104.65043514448247,4.829742092368409,121.77931911271858,90.95670454634933,30.822614566369253,6.707139071722118,0.26946054889462157,2
12.639392193228984,0.5458090031073518,14.131931745759568,11.30170897605775,2.830222769701818,-0.00018036355360337647,34,79.78441532625676,2.977702893239231,85.89352582562823,72.17055542463673,13.7229704009915,3.6672557384577367,0.15841931012622332,1
2.922332222666486,0.3984294523264721,4.8218540341015315,2.3398953787133254,2.481958655388206,-0.003166257188362178,31,61.52969209180502,2.5892142337615356,66.68004694827943,55.21603606272994,11.464010885549484,2.766418502640745,0.0474946660030668,0
10.012147608894043,0.53610621468662,11.372417715295546,8.688746341655348,2.6836713736401983,-0.0003136129900035997,35,79.76063026912219,2.8522114770129154,85.76315289513411,71.61128613758511,14.151866757549001,3.803960909555317,0.1255274369019451,1
11.649737140782108,0.6258476419660225,13.59401470929337,10.40167872021725,3.1923359890761205,-0.007408316230442807,32,80.54976517035746,2.5610475269461874,85.78296848788264,74.73844121415047,11.044527273732172,3.4818032419532123,0.14462782072071667,1
25.230143441431252,1.2254263869296915,28.959301304389612,22.557641634447535,6.401659669942077,-0.015701727096369723,29,105.43987165538503,3.8646550258456185,114.595226033513,96.09471712355814,18.50050890995486,5.456510825004281,0.23928465395526724,2
30.0,0.0,30.0,30.0,0.0,1.3526773354174875e-16,0,105.30960163898682,4.459550941895755,116.44307720591016,96.01176917787843,20.431308028031722,6.417306145111523,0.28487430631414856,2
30.0,0.0,30.0,30.0,0.0,1.3526773354174875e-16,0,105.40569558025453,3.637774757468028,115.81028652462834,97.72547792434632,18.084808600282017,4.928237954843122,0.28461459838803294,2
11.946071525978734,0.7290829717729486,14.558830420815058,10.681672691164742,3.8771577296503157,0.004291465571947773,30,80.28688754492984,2.931761938572738,88.52228732196824,73.02775310271421,15.494534219254021,3.891459629184595,0.14879230896204826,1
30.0,0.0,30.0,30.0,0.0,1.3526773354174875e-16,0,104.86277718138346,4.476201037804149,113.77687846277436,93.28562179076705,20.49125667200731,6.76393397633794,0.28608816703395307,2
5.421560238361352,0.3845684714374522,6.720633745441763,4.699822693273167,2.020811052168596,-0.004303597967553275,29,62.10842607987728,2.722153228640481,69.01784163752285,55.29437416152338,13.72346747599947,2.6304793628854304,0.08729186188194261,0
10.493790521778537,0.5252573976007349,12.040987331541396,9.169815457479299,2.8711718740620977,-0.003077225034592758,35,79.89427646591385,3.0974808275120767,87.30226731217273,70.13497173634575,17.167295575826984,4.439087001289666,0.13134595936806132,1
17.212322249270045,1.2121155404315629,19.447989165571805,13.684145758998277,5.763843406573528,-0.012838812296188122,33,104.72786208223243,4.517181426503698,116.54725914871844,94.24412160905513,22.30313753966331,6.171875796242889,0.1643528450089248,2
5.063896320402542,0.24412560081416534,5.581896799284486,4.552787508680271,1.0291092906042154,-0.00298058687332539,29,61.59968797962055,2.34222126291973,68.17799592648429,55.23544221005212,12.942553716432165,2.4621861860998684,0.08220652416082597,0
10.679824724638681,1.2963175157033917,15.422196234024264,8.98716570660262,6.435030527421645,-0.012225350848416115,34,80.14520788231228,2.645216698393928,86.67789976823916,72.3872722244811,14.290627543758063,3.60392247552611,0.13325593474116798,1
6.146588018099273,0.3286482645350406,7.021121194294446,5.495464328006772,1.5256568662876742,0.007429969233473197,30,62.188000544627386,2.4511614647853843,66.86631200152702,57.26160916039458,9.604702841132443,2.426600335964082,0.09883880918232041,0
13.533819484148546,0.5440094783333933,15.2223038586598,12.474609738100005,2.7476941205597942,-0.0025436934512614536,32,80.71836420292716,2.755879664627867,87.09903357308791,73.01130501242152,14.087728560666392,3.524692892962861,0.16766716533621964,1
9.872026820609484,0.8032116488208221,12.388427967506116,8.611179047142342,3.7772489203637747,0.007734017584277542,30,80.20150773329479,2.8031566232296923,88.88929740660012,72.9807488199163,15.908548586683821,3.7118345434541014,0.1230902881570259,1
24.116005973793428,2.422607595525824,30.0,20.21219343445553,9.787806565544471,-0.013234699256872682,29,104.32902365589553,4.842469619060637,115.70952199718671,94.09564941799835,21.613872579188367,6.696709107347995,0.23115337321837656,2
3.286964869945143,0.24804710592437484,3.938302080471248,2.771385199679472,1.166916880791776,-0.006291113999155724,32,61.467661790349005,2.7612276454732196,69.04943897583532,54.48018214740317,14.569256828432145,2.7383080366578922,0.05347470069190961,0
13.732340259548716,1.7368504457086542,20.92193387306168,10.283223253499335,10.638710619562344,0.01591089750876924,30,104.69419364867422,4.549392423295098,118.2423975771906,95.32819978318601,22.914197794004593,6.2967479511721045,0.1311662055917311,2
17.181138259130318,1.426887335274071,22.99626110080572,13.612022469917477,9.384238630888245,0.016309064767400492,33,105.00596238893631,4.537887471192075,117.41292399108835,90.91870338383079,26.49422060725756,6.454971652308698,0.16362059548458527,2
5.954573703473054,0.18874197939950751,6.498956669583154,5.437427526719171,1.061529142863983,-0.0011871381667036922,34,62.098133400813,2.482638186976829,66.33154703069843,55.091440204617605,11.240106826080826,2.3389247625660383,0.09588973583391736,0
25.42974075566555,1.4112782217986717,29.518668761458795,21.964799723044788,7.553869038414007,0.005608689463317022,29,105.05506434268513,4.186561254320538,115.70429154151826,93.95382613966564,21.750465401852622,6.042069354395976,0.24206106266951358,2
25.106234556984713,1.5955071019125582,30.0,22.34466340365832,7.65533659634168,-0.0018763432728697302,25,104.19038432244666,4.389420390730024,114.64763781316958,90.68436303768507,23.963274775484507,6.29008773103188,0.24096498423809798,2
20.30084108991412,1.178723054800721,24.23206096579256,17.827742492111543,6.404318473681016,-0.009408891932143395,37,105.14950684408157,4.1987718274502415,115.77719684801457,94.60945658997707,21.167740258037497,5.972600228068369,0.19306643945511123,2
29.0681156225301,0.973179295313697,30.0,25.59720819776842,4.4027918022315795,0.0031633542160652882,25,105.57249751729113,3.983623331320979,113.71201125909813,95.49922702998705,18.21278422911108,5.6180086994524485,0.2753379528833373,2
29.782597074442407,0.4168161605949575,30.0,28.19991414178905,1.8000858582109487,-0.002943586586177256,10,104.71115178960075,4.236033869337534,117.18644761786192,95.42566146335054,21.76078615451138,6.337905130404117,0.28442621708391913,2
3.573075370645487,0.2683875065935193,4.165686689250656,3.031735333275041,1.1339513559756145,-0.006856600711822656,34,61.837628343905884,2.4348596709400008,68.2015081353927,56.690468985129826,11.511039150262874,2.098357749296145,0.05778157100386344,0
3.0240836356616296,0.30759123577343267,3.9944348168108257,2.3520676587327047,1.642367158078121,-0.004237736915866421,32,61.57732710435278,2.5115874214334664,68.49696053008375,56.59850838068807,11.898452149395688,2.6210286353133596,0.049110341886494796,0
14.461362923447417,0.9041161356747494,18.237358461361122,13.005853362468423,5.231505098892699,0.005911711569738151,30,80.1029002738485,2.5474083393381646,85.22117611454716,74.56605758864643,10.655118525900733,3.4289477945212417,0.18053482075522118,1
6.916706785062265,0.5322243204560305,8.149460884309002,5.717606448069871,2.4318544362391314,0.008462109531841577,31,80.12742430272331,2.8268898866680545,86.7190496356396,73.12514280587185,13.59390682976776,3.8758307191175625,0.08632134077602997,1
3.9371030571373904,0.20860527581992688,4.398530344070662,3.2486081930703135,1.1499221510003483,-0.003127551400985328,33,62.1447993809217,2.3179522970437487,69.12390171511232,56.74524916389363,12.378652551218693,2.188793523890451,0.0633537002774905,0
4.9657740659805745,0.34301681120432675,5.825264086699691,4.215775721105125,1.609488365594566,-0.006035419544328821,32,61.34448535445985,2.4405047916144618,67.48923655412524,55.47967766945648,12.009558884668763,2.233071085285016,0.0809489876121451,0
15.966331599549816,1.6235814469614973,20.97296470910496,12.496336373404246,8.476628335700715,0.008875524736394656,30,104.76976874484748,4.692392794783627,117.4893187215627,92.31182352385215,25.17749519771054,6.45839024418063,0.15239445155251982,2
16.17171510421847,0.6067286596477419,18.348665027682546,15.010533166681562,3.338131861000985,0.006809740768839852,32,80.20214589422088,2.699625600042504,85.66946492497927,73.43841647882618,12.231048446153082,3.5483227252983642,0.20163693529984242,1
4.824800425345408,0.2921247789300573,5.893818643461178,4.3571560312908675,1.5366626121703106,-0.0007441914933764217,30,62.51053327919015,2.5527919255739735,68.59118123489048,56.376744194860116,12.214437040030369,2.460582563590899,0.07718379759476143,0
13.881197712383306,1.4542460470344178,17.548837198005945,11.18296005730983,6.365877140696115,0.011674809945992373,32,105.36027172338642,4.0868534326039745,114.81099745811635,96.78455342611036,18.026444032005983,5.704657408743403,0.1317498270797675,2
18.957698174632778,1.6938621270631944,26.77256192623187,15.957457919055628,10.815104007176242,-0.028647361789884248,35,105.47179299839577,4.106296979985381,116.48507830286417,97.95344973428703,18.531628568577133,6.291772362323952,0.1797418765335605,2
30.0,0.0,30.0,30.0,0.0,1.3526773354174875e-16,0,104.86141201781307,4.174273272035756,113.90152719033985,94.8377145617574,19.063812628582454,6.281670147807682,0.2860918915416849,2
29.931175542673696,0.2412190276090001,30.0,28.535369600634983,1.4646303993650172,0.00013514133012726217,0,104.64796320628135,4.943955230525319,116.05775331281724,92.95262991830505,23.10512339451219,6.806974371643746,0.2860177526595125,2
21.968959863158634,1.887393888654668,27.27734530142452,18.163447950321213,9.113897351103308,-0.02218011812396895,28,105.28940570036873,4.516503269094638,116.35547403288732,95.56153976497194,20.793934267915375,6.201376674737927,0.20865308820361791,2
9.341764515444192,0.8985190377883923,12.864711538766201,7.853928241452374,5.010783297313827,0.006273315896918996,31,79.92402234327432,2.848182214046714,86.0228928129994,73.71397479246801,12.308918020531394,3.6658131234095506,0.1168830612458189,1
13.855773872575474,0.7386162511413206,16.09721807539212,12.261277671413742,3.8359404039783787,-0.0020081416317945366,30,80.01739564124365,2.612297261995558,85.27738529122101,74.86843374298174,10.408951548239273,3.298840092437732,0.1731595184819315,1
3.1505995656972177,0.19879364915842718,3.6237371657153297,2.6740083898860756,0.9497287758292541,-0.000493574635957287,31,61.61449276436358,2.5023256240801586,66.9457117019908,56.60293408415549,10.34277761783531,2.3287917562883966,0.051134065594148445,0
5.481812910909594,0.32594226830667544,6.293472082886881,4.763528109160843,1.5299439737260379,-0.00857898524329346,35,61.81309459638101,2.4832448749151412,68.35675059277423,54.32669029668068,14.030060296093552,2.3331410825120016,0.08868368196124672,0
25.536861962064663,1.3946111623790407,30.0,22.822120853110487,7.177879146889513,-0.010598579215767248,33,104.36441788816428,3.66329939844353,112.04119675603508,95.60657627612096,16.434620479914116,4.737930441266155,0.2446893513528751,2
4.461143606301741,0.29071753681874096,5.406992055259802,3.728959720237527,1.6780323350222748,0.0061464992959656016,37,62.2682132911709,2.8496592431082655,68.91148280662028,55.762804656789555,13.14867814983073,2.7946726568010964,0.07164399456584855,0
9.76140174179398,0.6349623074648143,12.497191448742354,8.664995648569105,3.832195800173249,0.0007479920777348627,30,79.99447332510681,2.7864306496592324,86.41779193543562,71.64921944226823,14.768572493167383,3.433584886038063,0.12202595021904279,1
6.172055642582799,0.24900584980923335,6.72410978918448,5.5543246960967725,1.1697850930877074,0.005572567166708032,31,62.09270046461058,2.498566886713129,67.8206447665718,55.28268201363709,12.53796275293471,2.574370749845432,0.09940066218733502,0
4.04705117677051,0.33029182100588034,5.063758234829191,3.489578375588413,1.5741798592407776,0.007752501180298704,27,61.96038313422703,2.5576593774156136,68.12932790182097,56.53776919137681,11.591558710444161,2.51777070017477,0.06531675413766377,0
14.009637141078874,1.241261159658623,18.461105315196075,12.194866352408544,6.266238962787531,0.008419797838168671,26,80.30544478243937,3.1087020023615333,88.42024256132314,73.31678331638248,15.103459244940652,4.229196429087584,0.17445438481262257,1
29.471334198328076,0.7693804979485738,30.0,26.66270860610972,3.337291393890279,0.0012968616117711544,15,105.34602244229315,4.584280591961017,117.54897141092643,96.67735596395647,20.871615446969955,6.572338417189799,0.27975744347362097,2
29.837796467067427,0.4471462468172231,30.0,27.395574162934185,2.604425837065815,-0.0005061398446207082,5,104.54268801966236,4.43028173801898,117.47479210750103,94.51889875416623,22.9558933533348,5.7051817592061616,0.2854125596621639,2
3.969039583079285,0.22235834139527755,4.629648331892419,3.4313845438991755,1.1982637879932434,0.0038223247891699306,32,62.441700022601395,2.5205658683754217,67.70343422706257,56.059235823338554,11.644198403724019,2.0090157810938742,0.0635639247182368,0
3.459474673919428,0.3607190218193141,4.888363288849102,2.824384419474912,2.06397886937419,0.008360271914770834,31,62.15443564518659,2.3576599478538087,68.85458908763519,56.995859128826176,11.858729958809015,2.2154486981693817,0.05565933601277906,0
7.01810723997877,0.6633154928485242,9.431705834515617,5.561111269307212,3.870594565208405,-0.0037956255192147905,32,79.62579005375324,2.7636523873427166,87.17947362319079,71.85262471835392,15.326848904836865,3.609562210451772,0.08813861874528862,1
5.101307255872278,0.20836653254861917,5.581896799284486,4.651610168867988,0.9302866304164983,0.0017856987148786349,29,62.248848913900225,2.5276995952935977,68.17799592648429,55.23544221005212,12.942553716432165,2.540895975726657,0.08195022499095445,0
4.741218337638743,0.21215684964387757,5.304291473955178,4.12677871718007,1.1775127567751085,0.0038413975109479895,31,61.69176649199315,2.616107625799781,67.49667236352155,56.1579525571743,11.338719806347257,2.6730622565695463,0.07685333927665626,0
30.0,0.0,30.0,30.0,0.0,1.3526773354174875e-16,0,105.08892417302722,4.253651035738272,115.81028652462834,93.12589003126216,22.68439649336618,5.531772334402766,0.28547251720964395,2
4.438377274705585,0.2788709674591863,5.036232898557002,3.7431395116092765,1.2930933869477257,0.0059679446296686655,33,61.929439047048646,2.546656003266171,66.95439736283646,56.6720000221612,10.28239734067526,2.333422455754375,0.07166829332436543,0
7.041354234759236,0.6969780716503926,9.32221046973494,5.592733481439751,3.7294769882951897,-0.0124914737854265,33,80.11582445853615,2.966646984387144,91.82352874254846,72.6271786354769,19.196350107071567,4.033284151533588,0.08788967965390908,1
3.255039956343065,0.27990464621265465,3.9827066686741084,2.6740083898860756,1.3086982787880328,0.006671283943037717,33,61.83393654043541,2.511416692732903,66.83807339059112,56.60293408415549,10.235139306435627,2.3770757865467975,0.05264164123810616,0
4.672521184966792,0.21517416006219883,5.191150116693144,4.208087376168069,0.9830627405250754,-0.0018731208198688961,30,62.00733057411649,2.54484465509944,67.9207733350626,55.32225862490941,12.598514710153196,2.2995045684557396,0.07535433417872198,0
12.495672225768057,0.7412060035249128,14.26978404542576,10.848602555015756,3.421181490410005,0.006118095805804337,29,79.48688415658312,3.0737054761514613,86.49722474956869,71.80120728860115,14.69601746096754,4.327026020105404,0.1572042004307067,1
30.0,0.0,30.0,30.0,0.0,1.3526773354174875e-16,0,105.48866158814624,4.190587810058511,115.42804136817603,92.40469150924089,23.023349858935134,5.085589301053922,0.2843907512329301,2
5.877420816248202,0.39581354212531783,7.339109692526439,5.186674130770526,2.1524355617559134,-0.00897275484094234,29,62.65103138968072,2.6773838677207307,68.62343006235812,56.63853595079455,11.984894111563577,2.4602852874934324,0.09381203456778592,0
13.978900543522725,1.1996598278198418,16.475734432240852,10.990436765846981,5.485297666393871,0.0018036218892454473,29,105.01899696736402,4.027457076819984,115.28770320489997,94.77133301148803,20.516370193411944,5.91822645120145,0.1331083024413054,2
7.933998057948583,0.5703132106854369,9.321266869074016,6.647759839838147,2.6735070292358687,-0.003723244967595982,35,80.08579816675132,2.57868855210977,86.31727160791684,74.81126774473864,11.506003863178194,3.695494198458552,0.09906872554806805,1
8.01309852594392,0.6216548776463308,9.648423678853959,6.647759839838147,3.000663839015812,-0.007152761390303967,34,79.81395589750292,2.5633813511590966,86.31727160791684,74.81126774473864,11.506003863178194,3.576300819925698,0.10039720917776751,1
17.8743528363322,1.3245523003341275,22.595286528064705,15.004931064212142,7.590355463852562,-0.004066637658108816,33,105.41678428305251,4.266993751464777,116.64080439298883,94.0724600464824,22.56834434650642,5.728594378738351,0.16955888749915995,2
9.680428532944635,0.5815501365183248,11.190274657588025,8.484186291647536,2.7060883659404897,-0.0017501194098221732,27,80.4781063587667,2.8427693848751345,87.32609853913985,74.40985848602429,12.916240053115558,3.866152451241097,0.12028648350028724,1
20.21192644325451,1.9189223065479428,25.97680786808929,16.363978905296566,9.612828962792722,-0.0028474429720083834,30,105.25430516793445,4.0844220142839776,117.36163545744284,96.10422439388752,21.257411063555324,5.599732197392127,0.1920294492370331,2
2.909359079361765,0.29003270784831126,3.706618193840835,2.112597154509887,1.594021039330948,-0.005242404818100558,34,61.81402261535309,2.8760393527430543,68.03900256197787,55.21534375850551,12.823658803472355,2.6443848015912996,0.04706632749658367,0
22.556090228945163,1.2668874786143967,25.47173930278039,18.892414634054226,6.579324668726162,-0.0024564693202790565,34,105.00058336525919,4.389716995377452,116.77966491420285,93.52282240915913,23.25684250504372,5.622012959228616,0.21481871139384,2
18.900395274575985,1.6057958162799273,24.688331627802768,15.80742648295892,8.880905144843847,0.015525536804094797,33,105.49986057654529,3.88927769357527,114.95691882296913,92.56313074440361,22.39378807856552,5.778562505370715,0.17915090116836624,2
2.938112114812855,0.3763769962708224,4.394917784969549,2.3838635462180777,2.0110542387514716,0.004932811736103207,30,62.363441883576705,2.3272675729436845,66.96483520789863,57.22770124035656,9.737133967542071,2.589300683555096,0.04711273109629105,0
10.273040621866672,0.8991984495021969,13.492223140900787,8.840582091214891,4.651641049685896,0.005928869783796118,31,79.8550322995206,2.842818118305163,87.85216095028038,73.59481248806951,14.25734846221087,4.010613120417688,0.1286461253273104,1
11.859380995929568,0.5285075254154612,13.057061127227218,10.72006306082807,2.3369980663991488,0.004176751108151532,30,80.59646354437538,2.946855034594606,88.29202366660202,74.54443887426483,13.747584792337193,4.4389718767818245,0.14714517644133068,1
15.908779377934781,0.6806275521335385,17.865719790002238,14.291990917244574,3.5737288727576644,0.01177418246337952,31,80.43191270278137,2.88781846610535,88.84288975005452,73.11502497262984,15.727864777424685,4.190512646096419,0.1977918794363418,1
30.0,0.0,30.0,30.0,0.0,1.3526773354174875e-16,0,105.16144392989082,4.245453000184195,115.81314919525684,92.54397948473687,23.269169710519975,6.111673868005421,0.28527565420958645,2
15.667676885691993,0.615552097264071,17.301986516200074,14.278659847446834,3.0233266687532403,0.008585595973934426,32,80.05383672356994,2.8276030310014795,86.77809947228005,73.11502497262984,13.663074499650207,3.876463945643001,0.19571425094938352,1
6.350592411371641,0.2909093126271833,7.2184626035784145,5.762259303965129,1.4562032996132857,-0.007637416687799196,31,61.66860519179539,2.5976846841450922,68.39012243970437,56.888876288561086,11.501246151143285,2.4602010829769134,0.10297934076247287,0
30.0,0.0,30.0,30.0,0.0,1.3526773354174875e-16,0,104.79942227894303,4.378231616571573,115.49009323227968,95.1099612793985,20.38013195288117,6.20697486411067,0.2862611172978448,2
6.020478364189414,0.30491507385183975,6.725323989595531,5.280240736755139,1.4450832528403925,-0.008072712460751091,31,61.66068851626807,2.76058190807664,68.48309224877816,55.59722620258643,12.885866046191737,2.7186185771748193,0.09763884269573436,0
7.519428111705408,0.870381092294748,10.791916521323602,5.900355255811081,4.891561265512521,0.009582648186298129,32,80.56830976336143,3.0179177247750424,88.51810882045416,73.9412546471565,14.576854173297662,4.119606182786575,0.09332984693933637,1
3.0577176659069134,0.398265126716442,4.386261531446598,2.223686323097622,2.162575208348976,0.009476935648121418,35,62.373955013227395,2.862009768929904,68.67409748039893,56.098420011394964,12.575677469003963,2.6401675683367727,0.04902234620581827,0
19.737483892378275,1.118824705964676,23.139004615186742,17.38350371225018,5.755500902936561,0.004490293184133476,33,104.82129092743426,5.103963399936994,118.97439041756454,93.14407851914211,25.830311898422423,6.856263390227457,0.1882965142811076,2
5.930516018420914,0.3321000718178373,7.021121194294446,5.280240736755139,1.7408804575393075,0.006561696605604092,31,62.350531485282865,2.635300140152296,66.86631200152702,57.26160916039458,9.604702841132443,2.4453010018955634,0.09511572366796939,0
30.0,0.0,30.0,30.0,0.0,1.3526773354174875e-16,0,105.33402559037326,4.319662880352609,114.31639066696391,95.06194946789691,19.254441199067003,5.777094536628597,0.28480825210133737,2
12.25623066272037,0.7593374511348342,15.103747092582491,10.795722807588094,4.3080242849943975,0.0006171042224744539,36,79.85700342262962,2.8757853410587986,86.01446621439533,74.11984205784397,11.894624156551359,3.831620725880721,0.15347721532173125,1
24.967557454200236,1.5422788708018187,29.518668761458795,21.62572813079449,7.892940630664306,0.027606816694021413,29,105.02189859303022,4.049148209109841,115.70429154151826,93.95382613966564,21.750465401852622,5.68048289707805,0.23773667731160722,2
29.7523593881745,0.5323406786275137,30.0,27.546181875044493,2.4538181249555073,0.0028949682672511083,14,104.58128164149089,4.44294186405568,115.83951508279338,95.1182951581963,20.72121992459708,6.450898244948716,0.2844902896263652,2
25.854977496500283,1.1813178135164863,29.227049394173566,23.01867540347246,6.208373990701105,-0.003502620842469465,33,105.01562444597099,4.9973720105830175,120.54280748731692,90.56465591322336,29.97815157409356,6.514206115439976,0.2462012427836493,2
16.384548454505147,1.318945561464405,19.957918705621537,13.520958981226883,6.436959724394654,0.01058533212855969,34,105.0046485481895,4.093697553640882,115.64868216923,97.4566215023284,18.192060666901597,5.761357730448644,0.15603640910192107,2
11.155886298102423,0.7488506042253549,13.571007154872166,9.722055012406248,3.8489521424659188,-0.007623612069526534,34,80.88525044124064,2.8267026929718657,88.28118850940182,74.23395596394315,14.04723254545867,3.674189186155339,0.13792237891733147,1
29.08945068917623,1.0741135503253691,30.0,26.064884013542017,3.9351159864579834,-0.005108001889928711,28,104.41327116398243,4.121335387619924,117.63825719976857,90.82073807594921,26.817519123819366,5.453128951405203,0.27859916738832646,2
4.396594033134818,0.2541616000965775,5.175279000163635,3.899342516930942,1.2759364832326932,0.006113889604662768,35,62.29337987232293,2.2924250927534273,67.6842991653491,55.81121287859274,11.873086286756362,2.6024495122748266,0.07057883151576115,0
25.769871294622444,1.5300019971235705,30.0,22.63200131401932,7.36799868598068,-0.025902869104338998,33,105.39225032563361,4.472371369859063,115.78594038658214,92.7736910803048,23.01224930627734,6.416052064038539,0.24451390847511642,2
3.1597755418660385,0.6451690571681659,5.885294904700205,2.1334989887668425,3.751795915933363,0.003984247654396656,32,62.225074088739454,2.465765908820522,67.11465540954036,53.608155440145346,13.506499969395016,2.5659399284082265,0.05077977868825178,0
30.0,0.0,30.0,30.0,0.0,1.3526773354174875e-16,0,105.29928711829818,4.387464728930952,115.44449186340813,92.40469150924089,23.03980035416724,5.729504012039673,0.2849022109845281,2
6.9035209066059675,1.13879933200368,11.827013050548404,4.824094656536705,7.002918394011699,0.011636213881615419,32,79.98235411684574,3.1012474135613584,87.77111044705684,71.96648532358195,15.804625123474892,4.142147806080239,0.08631304862829628,1
6.073049098679785,0.2847827113019343,6.899776750968975,5.547402289415214,1.3523744615537607,-0.00015577972178326671,35,62.50611313219928,2.631237482711436,69.44698377626412,56.25492663100482,13.192057145259298,2.7510430995128146,0.09715928086387515,0
11.709823730873566,0.6161876506939954,13.378856509487887,10.178174518122932,3.200681991364956,-0.009150590144819162,33,79.79467999344642,3.238486450206759,87.15511109035018,70.91944922698303,16.23566186336714,4.390983961683378,0.14674942721852977,1
23.94717817153089,2.146915761613843,30.0,20.22345638956458,9.776543610435422,0.019636105304278055,28,105.08471132534105,4.6433546709049995,115.96950752381616,95.00458619852883,20.964921325287335,5.956747945727096,0.22788450995032183,2
29.697593801552603,0.6043877316740035,30.0,27.141666248010882,2.858333751989118,0.005145885680336628,6,106.02710751796614,4.3568643558709965,117.09216496710854,96.87316508808095,20.218999879027592,6.407623365839724,0.28009434772542524,2
4.351057769166685,0.252061926104925,5.090061347616232,3.8099339946103963,1.280127353005836,-0.0007891776247084138,31,62.50121636519511,2.7913627215879373,68.12932790182097,56.31541950514732,11.813908396673654,2.6210006986455476,0.0696155683455479,0
6.258455765881192,0.2758095463372849,6.930542436987847,5.655708457192218,1.2748339797956287,0.007481699900126168,33,61.65716106978839,2.268397619501443,67.28104325370333,56.83666483932421,10.444378414379123,2.372504618983537,0.10150411656633472,0
13.35794649899834,0.7349825207177828,15.948219022765077,11.937074892352566,4.011144130412511,-0.010494990431152287,29,80.07999812759263,2.804083578413098,86.6348521709811,72.13575814435372,14.49909402662739,3.5787705709675937,0.16680752553099967,1
29.965561050037167,0.17686478820761545,30.0,28.823197021970483,1.1768029780295173,0.0010581449938960811,0,105.30621319946721,3.7912380952245965,115.45546172369268,96.63059006632965,18.824871657363033,5.491370981110266,0.2845564364632603,2
5.267215297585831,0.37339376714273936,6.704962319819745,4.662381048854691,2.042581270965054,0.004149267534049995,33,61.86813573403885,2.4992878599095985,68.06051302074344,55.9699285311297,12.09058448961374,1.9902389208622733,0.08513615530767867,0
15.320480120223827,0.6289478759754616,16.975600891714727,13.893577219362461,3.082023672352266,-0.0032051575063601462,32,79.45507956628423,3.214593490942498,90.34817243370345,73.68945623089463,16.65871620280882,4.266198547357224,0.19281938940887416,1
5.105817176564859,0.24381107826878645,5.962064014066074,4.483998900954557,1.4780651131115174,0.0042969770078094705,35,62.24292896474687,2.814564549080148,67.67315589277781,56.07015205767655,11.603003835101262,2.1596015939310917,0.08203047606301132,0
29.429241105394258,0.8006389911971686,30.0,26.29135181896352,3.70864818103648,0.006159441868866114,19,105.14647425914363,4.2852927779924,117.45759231186985,94.75142141194652,22.706170899923322,5.747698421447411,0.2798880422083865,2
9.31937883575738,0.7798918462411923,12.037584078126516,7.9654820477478285,4.072102030378687,-0.00962661958484566,31,79.58797131915621,2.773816769211441,86.9833638084746,72.32339980796164,14.659964000512971,3.875326566490052,0.11709531684493334,1
3.5760003271827197,0.23921340552808062,4.569418541446328,3.101440839519278,1.4679777019270506,-0.0015535727437298405,32,61.77178343832069,2.464211668389112,67.15324885114843,56.249888610930924,10.90336024021751,2.7718175427493756,0.05789051360096885,0
3.461197564913819,0.27471990568048354,4.094108373732324,2.774447372278829,1.3196610014534946,0.005027618608668439,37,61.90537800228825,2.7645839571206237,67.61028241509587,54.48018214740317,13.130100267692697,2.5956838439811065,0.05591109562201179,0
14.045331374926977,1.8644457247792856,20.92193387306168,10.283223253499335,10.638710619562344,-0.012927165590162075,31,105.15161229684543,4.267505944664235,118.2423975771906,96.4380830456742,21.804314531516397,6.168912133503346,0.1335721909969815,2
19.86348415285019,2.134412494588194,27.2529970059118,16.638316595358294,10.614680410553508,-0.021459617105602836,32,105.63017243435559,4.288681437784314,116.48507830286417,96.25368442392637,20.231393878937794,6.198299157906478,0.1880474442768425,2
30.0,0.0,30.0,30.0,0.0,1.3526773354174875e-16,0,104.75269068112576,4.196048629807389,115.04006839125962,92.03532790077166,23.00474049048796,6.4020859753742085,0.2863888222683768,2
11.717702901437372,0.7304469535615478,14.352871280374295,9.888405803459712,4.464465476914583,0.005312886556478159,32,80.143320774755,3.29652042067826,89.91909535069796,72.21373067770821,17.705364672989745,4.0023256797186075,0.146209348975705,1
5.855680013666509,0.20926893440154018,6.297485253795954,5.280240736755139,1.0172445170408153,-0.001320781109690581,32,61.706496197260186,2.4099481096023094,66.82850038718215,57.26160916039458,9.566891226787568,2.2203212554311973,0.0948956800277833,0
15.107756587707609,0.7171555688766259,17.304250673165857,13.58221518993973,3.7220354832261275,0.0013799773931225182,31,80.04019624846393,3.0380985341931863,87.52448073772243,69.99270636803695,17.53177436968548,4.010454446934315,0.18875211590008353,1
6.451303543985067,0.6588542180671887,8.809550777346365,5.422991422666469,3.386559354679896,0.006683063836914365,26,61.741938440669635,2.5903820129721082,69.59955278668723,56.084595597406164,13.514957189281063,2.7344717616266014,0.10448819072462713,0
14.827223426058968,0.4755894147788066,15.861174620122766,13.636578762712478,2.2245958574102875,0.003456369728260186,34,79.84067550909272,3.085487746504159,87.71779620683358,72.46344884675744,15.254347360076139,3.8724382901752628,0.18571014267859262,1
12.793550451470457,0.5568272118168516,13.875304581820355,11.416120893142773,2.459183688677582,0.0020043281945063334,37,80.69137951806482,2.5833554453547714,85.68449526806526,74.2406039429904,11.443891325074858,3.3673735899542687,0.15854915815458498,1
3.4652232480177205,0.21574332831179666,4.047109689916611,2.9227383996215086,1.1243712902951022,-0.0029911973335145802,31,61.63234374883297,2.5868580297650903,67.42778525778144,56.17147812275066,11.256307135030774,2.422248950949777,0.056224102168096333,0
13.671591829483695,0.7012014323419177,16.186128557505516,11.955089836278466,4.2310387212270495,0.006000818328622045,32,79.92759682524513,2.8332237082750367,85.82723803487048,73.8551656379509,11.972072396919572,3.984629243870016,0.17104970249919763,1
16.596702736554047,1.1155021769693145,19.652202408454514,14.021154450132409,5.631047958322105,0.0026056837094844097,33,105.02601978371554,4.221530209699704,114.46357073601044,94.66388579250233,19.79968494350811,5.316771745341279,0.15802467438742945,2
8.64650318482937,0.6327101699504456,10.532825564279609,7.262103440098227,3.2707221241813818,0.0031114723388226983,31,80.34983550599284,3.084406315704188,89.24261459462342,73.49897905600592,15.743635538617497,4.496804729079424,0.10761071286292508,1
4.403766838950499,0.2681240034756549,5.0469774381244985,3.824518419592122,1.2224590185323767,-0.005679090632762799,36,61.863702579403935,2.6684446887321225,67.63908396695575,55.43522176052849,12.20386220642726,2.0340519933925467,0.07118498544624202,0
6.2505906041911885,0.6634239982023313,8.809550777346365,5.422991422666469,3.386559354679896,0.008741602413300145,27,61.857755629338975,2.5388586769747308,67.65507082362808,56.084595597406164,11.570475226221916,2.495155900634081,0.10104780620554464,0
28.18394134532421,1.2268941691749178,30.0,25.24204395328192,4.757956046718078,0.020879747977406667,30,104.98238081671707,4.8423669933394935,121.77931911271858,90.95670454634933,30.822614566369253,6.9941925392885675,0.26846353509609827,2
3.7903112487577237,0.4791043222778808,5.768906709930365,3.0558050356192923,2.7131016743110723,0.0022864729840155968,28,62.056193507914756,2.4354456805723337,69.14784393735067,56.897770931968395,12.250073005382276,2.221395645447098,0.06107869293007165,0
6.677511381015521,0.33246773781381717,7.6781286861608855,5.754315365240328,1.9238133209205577,0.007145868378568672,30,62.53024432986386,2.779512770605786,68.59203842890194,54.13835983114262,14.453678597759321,2.8686113552057178,0.10678850443956925,0
16.110432888152875,0.5585658214090765,17.757827038733062,14.939138108726159,2.8186889300069033,6.359616900198894e-05,34,80.30451142651037,2.807969458541653,87.4252390740511,73.02875762594576,14.396481448105348,4.078457909881216,0.20061678231215374,1
14.920127260845932,0.5867698197629645,17.003462253779652,13.646606101522488,3.356856152257164,-0.006280497270130045,34,80.3000706449145,2.9682598217587115,87.63717699085551,72.6908746153627,14.946302375492806,4.003173543295425,0.18580465689772324,1
14.830415009415391,0.4586067311674013,15.854841055660305,13.562342583195734,2.2924984724645707,0.001524561439748654,34,79.86122229864684,2.551257350994102,85.56957505053424,72.86588964696848,12.703685403565757,3.4130268305321088,0.1857023270725015,1
4.9702242415697775,0.1899728716186841,5.686610251039208,4.517614537653317,1.1689957133858906,-0.0014295845492609206,31,61.68731065921667,2.4640900580081064,66.7435034478943,56.03327568079748,10.710227767096818,2.38021921313799,0.0805712570038247,0
6.6250123406877615,0.43212060793344803,7.921463846792112,5.603099245362525,2.318364601429587,-0.009603332568933141,33,61.62984974873683,2.5401366995349313,67.8239318714815,56.68903938083996,11.134892490641548,2.202231240671025,0.10749680974724003,0
30.0,0.0,30.0,30.0,0.0,1.3526773354174875e-16,0,105.6477863845346,4.445932246987681,116.44307720591016,97.06224679831921,19.38083040759095,6.272176105843042,0.2839624070005994,2
30.0,0.0,30.0,30.0,0.0,1.3526773354174875e-16,0,105.15256902394502,3.746645525393478,113.62412056111138,97.72547792434632,15.89864263676506,5.318197256729996,0.2852997315535749,2
4.848976472695746,0.3255651989293333,5.825264086699691,4.215775721105125,1.609488365594566,-0.0036484576006198203,28,61.39673047622593,2.2507572238369624,67.48923655412524,57.53157228038385,9.957664273741393,2.328460552573019,0.07897776243305996,0
21.54126840539243,1.3313782784860004,24.706204120079924,18.072062953093766,6.634141166986158,-0.014310194898949226,33,104.84468703596252,4.425681722412541,114.04417670996462,89.21172837677142,24.8324483331932,5.958497168142333,0.20545884401891312,2
30.0,0.0,30.0,30.0,0.0,1.3526773354174875e-16,0,104.75771093146417,4.070952291133994,116.42412566351726,93.77322806550677,22.650897598010488,5.277304309251762,0.2863750978030806,2
9.814827029687288,0.5125291767949992,11.09066148616006,8.720268469464196,2.370393016695864,0.0032200594122421284,34,80.05017851660418,2.8213978525056618,87.2216994649496,72.4184227864831,14.803276678466489,3.4496108275421338,0.12260843247267768,1
30.0,0.0,30.0,30.0,0.0,1.3526773354174875e-16,0,105.12357946976215,4.7382159848560965,117.01144856087195,90.37500392715337,26.636444633718583,6.651998361771251,0.2853784076411784,2
5.298989647639266,0.45405857264770616,6.720633745441763,4.603254769489398,2.1173789759523647,-0.008316993079596704,30,62.209154122527586,2.3639450331985588,69.01784163752285,57.427578156756695,11.590263480766154,2.516385950710434,0.08518022206220836,0
28.089311243365902,1.2413860902648286,30.0,25.144925612710942,4.855074387289058,-0.0007432538802161088,28,105.79024138204568,4.177188142490769,117.01831480702332,95.2838988124814,21.73441599454192,5.500579102054709,0.26551892320962406,2
5.907733489446063,0.3663852425211798,7.103220215803253,5.209808224541242,1.8934119912620107,-0.0026763753208747815,29,61.693780091124644,2.424927706272507,67.41404447943567,57.03716708855328,10.376877390882392,2.02875412607798,0.0957589790244832,0
4.406450269966582,0.3689334287956459,5.916569510655702,3.7171879904920906,2.199381520163611,0.0026286985005482912,32,61.67713866548033,2.329251546682604,67.37151236135709,57.46476863546692,9.906743725890173,2.317890445873456,0.0714438168479593,0
10.416615100155056,0.5293891643134374,11.727373478871307,9.2422988806527,2.485074598218606,0.00834442429716314,32,79.51290655400693,2.7912874945914106,86.89948203779794,73.61530171873142,13.284180319066522,3.4837432533191226,0.13100533511593523,1
19.960218526706477,1.932681099031764,25.440244526210808,15.80742648295892,9.632818043251888,0.01647280431968035,30,105.2596550939659,4.202450833083194,117.36163545744284,92.56313074440361,24.798504713039236,5.799698948088472,0.18962838439152674,2
12.255205891785076,0.6214084384146411,14.250442798934328,10.691226418966352,3.5592163799679764,0.0006868678006011648,33,79.84091428474866,3.140382136078519,89.3163210688702,69.40708537188505,19.90923569698515,4.498971820231649,0.15349530811461132,1
20.287560300805534,1.7624570584248505,25.354454087501008,16.77574682511366,8.578707262387347,-0.012703587984902417,34,105.06344540088772,4.6775634177499406,115.14827595733139,91.77137793986451,23.376898017466885,6.215528511296394,0.19309818015482613,2
29.99882394313681,0.011701618041992167,30.0,29.882394313680784,0.11760568631921586,-2.7522482847040977e-05,0,104.71114535542087,4.366659696040283,116.1396728227027,93.88236472930613,22.257308093396574,6.57307891368461,0.28649121881744904,2
29.94557406023015,0.2072711817973883,30.0,28.823197021970483,1.1768029780295173,0.000223316017850544,1,105.08378154139767,4.536076060053311,115.45546172369268,93.12895293763722,22.326508786055456,6.045285521520057,0.2849685587634145,2
13.24389120502266,0.5439873208617264,14.733443974641164,11.73782185716951,2.995622117471653,0.008447911584334335,35,80.00850055362085,3.137682364793646,87.58481021343998,73.56048593317489,14.024324280265091,4.404683376012801,0.16553104917415237,1
29.302668825165185,0.8464498014298255,30.0,26.29135181896352,3.70864818103648,0.005555719652771099,22,105.04840806565748,4.315011703408783,117.45759231186985,97.23689564481231,20.22069666705754,5.932105532335799,0.2789444322459981,2
8.512135498194114,0.6005722401302963,9.937443326524757,7.358744969655355,2.5786983568694026,0.009191848915143026,34,79.39837383886754,3.0134446001820994,86.63254488268296,72.42807714826726,14.2044677344157,4.107850185038444,0.10720793108761724,1
3.677459792819514,0.34781366196657004,5.011274093757251,2.9239509036054505,2.0873231901518006,-0.003974583174736583,30,62.45810733334828,2.3488021518112596,69.04155843661694,56.49528455423376,12.546273882383176,2.5571339152778876,0.05887882119631866,0
4.982832235972247,0.2591022185120765,5.471617733310619,4.367600634657831,1.104017098652788,0.004190704712126684,29,62.31190101426962,2.3399737870745034,68.17799592648429,57.53157228038385,10.646423646100438,2.4327354804480295,0.07996597880820847,0
9.243586695508569,0.7501706517875505,12.248577013191873,7.738431888886783,4.51014512430509,-0.0066177033438794795,29,79.97700730440734,3.0020087170411256,86.75335431150614,74.0729482456884,12.680406065817749,4.460377402103816,0.11557805038575289,1
10.9891167075972,1.1639693225861334,15.397410128564385,9.543082652854237,5.854327475710148,0.021692035896561664,32,80.11737905594423,3.0101553396049225,86.23798948491063,73.0457244576965,13.192265027214134,3.4506051107565927,0.13716270676754205,1
22.26004751773485,1.7368975412434007,29.102939809738857,18.3229801643247,10.779959645414156,0.018618302323536867,32,104.70444818866748,4.647534015556344,114.65011214444267,91.59579260643558,23.054319538007093,6.690749964838774,0.21259886939115985,2
10.692868486784487,1.171526942778351,15.397410128564385,8.823048148268615,6.57436198029577,-0.012429818568653371,30,80.47142021991442,2.9410912734651786,86.03738285624893,72.60178155757659,13.435601298672339,3.197342365016915,0.13287783817763993,1
20.584291225590746,2.4236252099257416,29.305662855555344,17.065779843706846,12.239883011848498,-0.027213196343151207,27,105.00749699749412,4.2737798771603,116.26738645703269,96.45934240116296,19.80804405586973,5.889891852742766,0.1960268706343424,2
4.159528672998602,0.355883005154598,5.7053472636998706,3.5240449153653657,2.181302348334505,-0.0035849278200429753,31,61.75168414902109,2.4241025624592742,69.71192968680019,56.6720000221612,13.03992966463899,2.2487123980980623,0.0673589500102013,0
4.523089353469745,0.2533471607597862,5.161978947462087,3.760347909445373,1.4016310380167138,-0.0026138433990568364,35,62.404412851006064,2.4209759956666175,68.12762222980395,56.17888007551057,11.948742154293377,2.505139531456261,0.07248027942813255,0
6.539384929816498,0.6036560880196288,9.206841119802643,4.824094656536705,4.3827464632659385,-0.004098097772211533,32,79.66195826548305,2.782342160311011,87.32409557875476,71.85262471835392,15.471470860400842,3.883224955679515,0.08208918020737115,1
14.97427842874265,1.0087236850746009,18.25185644524706,13.206512071449128,5.045344373797933,0.00079764530350995,32,79.85311931746178,3.0645278622123757,85.91793781302766,72.86605171109119,13.051886101936475,4.506156311632455,0.18752277142347523,1
25.548598893341044,1.4692529669562278,30.0,22.822120853110487,7.177879146889513,-0.002097057044512892,34,103.87416696879741,3.585736358881693,112.42590295296571,95.95662115851063,16.469281794455085,5.242429442188609,0.24595719410253708,2
10.906915074262898,1.258512879858586,15.397410128564385,9.019524630264314,6.377885498300071,-0.014171132182237586,31,80.00872684179086,2.9113304227017123,86.23798948491063,72.60178155757659,13.636207927334041,3.298628491515167,0.13632156601502546,1
3.2391330700972194,0.2552501812717417,3.9634399814039165,2.627023550690715,1.3364164307132014,-0.004856308350447394,32,62.53175257908245,2.4970184497688948,68.43430599336773,57.42500116524918,11.009304828118552,2.2366311732965034,0.05179981185080255,0
15.066405663306984,0.8945332734185029,17.28975423726482,13.2507948965006,4.038959340764219,0.0007323125225620471,30,79.86755970075873,2.9166556769152265,85.46363706772092,71.71554341919204,13.74809364852888,3.8237655812221907,0.18864236657679537,1
14.314695056506087,0.6888682809587499,16.47024152252975,12.960704649708259,3.509536872821492,0.003120257179684425,35,80.13433774282292,2.2483752686247116,85.70237455670055,73.6726118962245,12.029762660476052,3.5529510790030145,0.1786337203386252,1
4.512274559294014,0.31746705023029076,5.417286933094733,3.848643578253294,1.5686433548414387,-0.0024545070665589067,34,61.83366167949293,2.416782202298031,67.39378448309589,56.20781751800741,11.185966965088475,2.180211398435475,0.07297440202892115,0
29.250692450241818,0.9405948740551971,30.0,26.530842680202724,3.469157319797276,0.003409881792563447,15,104.91330513797979,4.261448321804186,116.56709919538277,94.02424957280611,22.542849622576654,6.465054929294028,0.2788082229700389,2
15.279220168945425,1.7870188515319685,21.515774718554304,11.698257059030333,9.817517659523972,-0.017889141286174207,30,104.82832302521865,4.43230662466479,114.8977254075561,93.67627283464148,21.221452572914615,5.858657139131914,0.1457546928373069,2
30.0,0.0,30.0,30.0,0.0,1.3526773354174875e-16,0,104.68628515668925,4.385623196646745,114.5216708537277,93.77322806550677,20.748442788220927,5.89903065993443,0.2865704869413123,2
10.111830712980554,0.7670472676239697,12.388427967506116,8.730509646983654,3.6579183205224624,0.002079849130870644,31,80.40147539333954,2.39993361350647,86.91004325477678,74.47984256516227,12.430200689614509,3.314865403007546,0.125766729251482,1
4.612516880433967,0.24965141067270183,5.227552105355415,4.041553285156,1.1859988201994156,0.004267893134830147,32,62.12014808843395,2.89378674252477,70.02476028681973,55.58759970034527,14.437160586474455,2.542144135593704,0.07425154234365423,0
14.407794870058124,1.394102956521054,18.364922835081906,10.652745438546013,7.712177396535893,0.0037983632955579144,35,105.93907882376472,3.888014217388228,115.689970845724,96.32995111381648,19.360019731907528,5.834492612146278,0.1360007552833785,2
10.946891788616492,0.5630477440314744,12.931874943333021,9.821951001406534,3.1099239419264872,0.006400201214025298,35,80.25671988421965,2.8512322358996722,86.71784654985863,72.60714121219698,14.110705337661656,3.874629560657958,0.13639844324575323,1
29.47741164593516,0.7872910468190776,30.0,26.752353816362056,3.2476461836379436,0.0026085236000168606,14,105.16094897086884,4.685540576214107,116.4456949174629,94.59588549073736,21.849809426725542,6.446667142118711,0.28030758236874853,2
4.976133443602115,0.1846119717209666,5.686610251039208,4.517614537653317,1.1689957133858906,0.00019519739878008725,32,62.36223889714709,2.499623945313357,66.7435034478943,56.03327568079748,10.710227767096818,2.4398923062400897,0.07979401400285112,0
4.2550777077869455,0.611173172473459,6.391691745245265,3.304668445094825,3.0870233001504404,-0.0003720191035620507,29,62.521182668121334,2.4154409804232175,67.61933533160725,56.79746323437627,10.821872097230973,2.3439561694473072,0.06805817577565393,0
3.0814648109676575,0.240472756671812,3.5895514703183524,2.5024147096922906,1.0871367606260618,-0.003855366811634359,31,61.74264401700078,2.420463800274236,69.57752144283668,54.76340193862997,14.814119504206715,2.311667585223555,0.04990820866386886,0
27.248192515113946,1.2941804345845924,30.0,24.32704215863528,5.67295784136472,0.015130389948511569,27,104.32574120417569,4.065512640631735,113.95618518670413,94.929691462129,19.026493724575133,5.507118830121284,0.2611837878113205,2
26.334952335854304,1.5098381989651868,30.0,23.01867540347246,6.981324596527539,-0.027076074093609778,29,105.03029802062908,4.661034278364888,120.54280748731692,97.37172989704852,23.171077590268396,6.247585463360834,0.25073671675143794,2
8.36084262290189,0.8572073639568519,11.573157826924366,6.6065201479730105,4.966637678951355,0.00957846444365132,30,80.37205315569939,2.7794617424517027,87.84831706986645,72.79834968866834,15.049967381198115,3.7458161900167544,0.10402673803390654,1
20.029745788610906,2.1306286403625063,29.305662855555344,16.338560992696056,12.967101862859288,0.022555857398697206,27,104.29787210244632,4.544984473750138,119.24355608053429,93.17870990251816,26.064846178016126,5.9742098958058545,0.19204366486876237,2
8.662602791923318,0.5114735207694968,10.259118762431076,7.3869962759631855,2.87212248646789,-0.0014198037959551356,34,79.61169984350835,2.9899364983232957,86.02913525658981,70.7819038127376,15.247231443852215,3.902252760974108,0.10881067355854236,1
13.547785339729256,0.9781308148930968,16.65596113688204,11.818253400142236,4.837707736739805,-0.01583807398071676,30,80.35947228318132,2.776902928592004,87.94800254233127,73.63044263978446,14.317559902546805,3.3803424914281823,0.16858977275756626,1
10.872700196146441,0.5538594214195172,12.134062850555804,9.008769816420251,3.1252930341355523,0.006234260925777902,34,80.50783901268582,2.788466701593508,88.10775793568644,72.11129979131839,15.996458144368049,3.635160185469407,0.13505144585214562,1
15.27943458751323,1.0377072561880945,18.876835606659505,13.795488756417356,5.081346850242149,0.021897312977687107,31,79.98683879530029,3.1938491617680747,86.3764619064972,70.72312633338167,15.653335573115527,4.576419383585411,0.19102435633931608,1
11.244467801837384,1.2757928087747181,16.545800836410766,9.814168180330443,6.731632656080324,-0.004942577770637174,30,79.82389237128083,2.8666439959042562,88.74480953636126,74.1083839193606,14.636425617000654,3.8842225169333857,0.1408659403461638,1
5.341913950507478,0.3255394272361003,6.387251638106595,4.685268462676567,1.701983175430028,0.007663892848837011,31,61.8743093129732,2.3822979630545094,66.72055761635293,56.4056421307308,10.314915485622137,2.456225743572975,0.08633492516501534,0
25.58945818599266,1.2883820823264738,30.0,23.433706879840717,6.566293120159283,0.009724186930182248,38,104.27348187998173,4.219243470365815,112.51166032432558,91.93877838782548,20.572881936500096,5.834181879968064,0.2454071493463588,2
4.098562999521512,0.3343475909523518,5.3607543124487265,3.5106966128542596,1.8500576995944669,0.007733968282916498,30,62.376962661170275,2.5357368279831296,68.33389058723532,57.40907877390087,10.924811813334443,2.0823874118974217,0.0657063563046252,0
12.611906652495488,0.6618185699527122,15.097892934805428,11.153985882015565,3.9439070527898625,0.0020245512726243193,31,80.2690692723897,3.105373709893005,86.83079321733092,72.35278632326644,14.478006894064478,3.859347780675647,0.15712037787029942,1
21.423520308743026,1.4616781716639289,26.562047198435756,18.3229801643247,8.239067034111056,0.021509265551162185,32,104.89127865301772,4.754281325141367,122.02212947816898,90.3239412883037,31.698188189865277,6.472394347863769,0.2042450085422966,2
25.14260667137994,2.1406486873369053,30.0,20.71853014611376,9.28146985388624,0.01678142770541221,29,105.45796369557365,4.630224873518606,118.06344676223979,94.15176558491468,23.911681177325107,6.6009605257229556,0.2384135398778016,2
17.212182344628985,1.2812660078243103,20.597260227051365,14.027943211787532,6.569317015263833,0.01427917297358598,35,105.14950938457106,4.033007959278626,113.5010256452763,95.3989394225656,18.102086222710696,6.1341651375955815,0.16369246306214458,2
7.3727858917054325,0.5014834266814134,8.517512106757104,5.526215018314249,2.991297088442855,0.005517234059997935,32,79.69155769128196,3.46457086938109,88.03790131974839,70.7636907799123,17.27421053983609,4.525683192528984,0.0925165226127268,1
14.443847536974788,1.1069565083790676,19.480117047996135,12.551078924356078,6.929038123640057,-0.007463710282852067,32,79.44322082402658,2.9435624592207006,85.6526153191008,72.7292970111407,12.923318307960102,4.104454451675464,0.18181346633913117,1
11.346008166539555,0.5344732571949761,12.681340668191641,10.195415432927877,2.485925235263764,-0.008904866595749204,31,79.8752999837364,2.820310299570194,86.09796514459592,74.17279253255003,11.925172612045884,4.295861494997747,0.14204651534082788,1
30.0,0.0,30.0,30.0,0.0,1.3526773354174875e-16,0,105.04649050962702,4.2864859327244895,115.81314919525684,92.54397948473687,23.269169710519975,6.134675837380049,0.2855878341948302,2
29.99882394313681,0.011701618041992167,30.0,29.882394313680784,0.11760568631921586,-5.575067038240828e-05,0,104.89974723428128,4.317820164931086,116.1396728227027,93.88236472930613,22.257308093396574,6.737646661007262,0.28597612909554326,2
9.648758896574355,0.5912393274906388,11.190274657588025,8.212402637745248,2.9778720198427777,0.0017919516324220518,30,80.09267466091393,2.9210262533508407,87.32609853913985,74.59619311129762,12.729905427842226,3.5375033346434197,0.12046992832932726,1
25.50093006728668,1.252268606802803,28.959301304389612,22.70782237903142,6.251478925358192,0.0012213436269218566,26,105.46817006672286,4.197849981344694,119.51170324251902,96.99046464503762,22.5212385974814,6.01048842934172,0.24178792340253913,2
4.35963891579075,0.2580097501128834,4.965734701319627,3.701550519860021,1.2641841814596058,-0.00393240470499193,29,61.57123483054384,2.577098349786753,66.70192566012314,55.04282575297653,11.659099907146604,2.569741133055617,0.0708064221382422,0
6.1281446345096295,0.26195319601309336,6.95049426862394,5.422991422666469,1.5275028459574713,-0.006641379178482104,31,61.83565013629654,2.7335498573137738,67.88047376689185,55.17128419478825,12.709189572103604,2.3458326325878756,0.0991037455237939,0
8.272993025260302,0.5558363377095773,10.191521529139836,6.859554762975819,3.331966766164017,0.00782341359423507,31,79.75365798949582,2.7693380346446212,87.7820512849518,72.70236809753291,15.079683187418894,3.610226023974045,0.10373183036467229,1
9.835086609158019,1.5117596001350286,15.667485420694101,7.408538186896983,8.258947233797118,0.022247416955251065,27,80.05711525188505,3.0853663059333285,87.03470233580728,70.99744684893558,16.0372554868717,4.485313065883219,0.12285087284700238,1
14.795556600231572,0.8272541274139246,17.662326835097765,13.206512071449128,4.455814763648638,0.007342061843611644,30,80.17114257790716,2.849968659108493,85.91793781302766,73.2194501685571,12.69848764447056,4.201055149019363,0.1845496514073525,1
2.7073321937092323,0.3787139304129553,3.699218441148392,1.9914126240123131,1.707805817136079,0.00977116491592059,36,61.78607455565468,2.2159077700227043,66.99440631640535,56.5439959533105,10.450410363094846,2.041241590950246,0.04381783709940543,0
6.257027279647101,0.2138965671833171,6.892107886855974,5.762259303965129,1.1298485828908449,-0.002596870849624513,32,62.30872281151136,2.2789340813440027,68.39012243970437,56.888876288561086,11.501246151143285,2.3709956040080358,0.10041976302668444,0
29.990491641129257,0.05007376601360184,30.0,29.677587122624587,0.32241287737541313,0.00012215700116217012,0,105.26859374774867,4.9560445055203415,115.61448160163886,89.8538989937981,25.76058260784076,7.576244682411166,0.2848949557367455,2
6.423112093251937,0.303999607923188,7.558772529439507,5.791113450994405,1.767659078445102,-0.007918947949967801,35,61.70205841915783,2.602141545327971,67.76308717446635,55.713821342606884,12.049265831859465,2.4017010498447617,0.10409882836516199,0
13.891546022392358,0.47351893072933543,14.802706527392647,12.814433433159094,1.9882730942335538,0.00042913470554921526,33,80.12597405945397,3.372465100677397,91.51514132222468,71.72754694846577,19.787594373758907,4.8031754794614585,0.173371319501382,1
15.85410202580836,0.5758164897658163,17.70609741754404,14.784284656344248,2.921812761199792,-0.004874505320430017,30,79.67498293893857,3.103567571166283,87.38784201654977,72.14254975949423,15.245292257055539,3.929674408815801,0.19898469057688986,1
10.243883784222678,0.4991254669802116,11.438424110160483,9.058803259555718,2.3796208506047645,0.00779342924264741,31,79.84168414782461,2.8652704080825027,87.0690854083077,73.80607100889243,13.263014399415269,3.8656381076863195,0.12830244959454976,1
8.690247673338947,0.5027133732442481,9.910430417713487,7.3869962759631855,2.5234341417503012,-0.004699824367069186,33,79.88737295832537,2.9437265026369164,86.02913525658981,72.83633582818797,13.192799428401841,4.134032237290903,0.10878124092390826,1
3.0666889365257783,0.39789563749151435,4.383771214380917,2.2425599238932885,2.1412112904876284,0.0058411973203144445,31,61.77465184486321,2.3634520593376185,66.99440631640535,56.5439959533105,10.450410363094846,1.8904580419305632,0.049643159375209425,0
26.975550724015875,1.4341314736672428,30.0,23.994448640232463,6.005551359767537,0.002554305656555682,32,104.63861796574301,4.283147949314896,114.21561841571574,95.8655046594913,18.350113756224445,5.83336257174609,0.2577972739954379,2
3.5958542498326476,0.43690358767175397,4.83423459033731,2.6881218126346154,2.1461127777026947,-5.587415271060424e-05,29,61.70549371201024,2.6955190677455017,67.86590340100445,56.43270372670394,11.433199674300504,1.9547027558602255,0.058274457835806925,0
9.440664468143474,0.5295611829825734,10.673586990397544,8.220398870448882,2.4531881199486616,-0.003538493141113735,34,79.88034392576273,2.695451393264141,86.96092598793116,73.10908663500001,13.851839352931151,4.00216579053646,0.11818507389918273,1
5.527895644685692,0.4164965139574227,7.10865076125698,4.785400288118571,2.323250473138409,0.007416780032329613,32,61.689513832057834,2.483764182108637,66.85721415658878,56.39590635498244,10.461307801606338,2.523710371560143,0.08960835013429289,0
12.370143968238624,0.7184976168186293,15.103747092582491,11.087511843188084,4.016235249394407,0.005975358081461572,35,80.3892065559197,2.954583323853294,89.24151917899319,74.11984205784397,15.121677121149219,3.7313096602701146,0.15387816778307964,1
29.75725511219825,0.43847732994873334,30.0,28.322621106137305,1.677378893862695,-0.0022380955274375223,12,105.04091537384687,4.166238722413484,116.8328174768428,96.63168152417896,20.201135952663847,6.0501440833662565,0.28329203646977347,2
15.035247929644221,0.6314061256330908,16.89504309499392,13.473907099609066,3.4211359953848532,0.010954130197281168,37,79.8181835331471,2.892824229160821,87.63717699085551,73.0262637141919,14.61091327666361,3.648867444244529,0.18836870341745676,1
5.055437950413704,0.3038935569892006,5.820603576204252,4.465350405447314,1.3552531707569377,-0.0006587843542851096,32,62.33013558120738,2.4740754162571066,67.78519635015002,55.81452363046709,11.970672719682923,2.5136592028962723,0.08110744220537976,0
28.834504230281183,1.2152457626906137,30.0,25.865160062811295,4.134839937188705,0.010432887481772827,27,104.24243647288945,4.310776182317985,117.63825719976857,90.82073807594921,26.817519123819366,5.445456344118043,0.27661003454356325,2
15.780708117972324,0.9164850786422316,19.444079753791517,14.50470113280588,4.939378620985636,-0.007900030767512486,31,79.74754911967311,2.8917158427939227,87.6375779157921,71.85786900813363,15.77970890765846,3.7914019853733194,0.19788329665664983,1
9.664068993215704,0.8107107551304135,12.19507830106399,8.202497552778649,3.9925807482853415,-0.0014879044402823635,30,80.38079227010107,2.83101142185992,86.98933718592231,72.83039084214496,14.158946343777345,3.8472391214674393,0.12022858446721016,1
10.338204048772646,0.8144728021255836,13.492223140900787,8.844606245668949,4.647616895231838,-0.014477289316621178,35,79.80105618393728,3.0638183011986713,88.83339117003501,71.64790715202442,17.185484018010598,4.681168911443846,0.12954971291850964,1
5.118068776475681,0.44549976190619306,7.0189176838482625,4.347244460651884,2.671673223196379,0.0021754329977610076,34,61.803709692978835,2.8310687234950698,67.7344706034689,55.47967766945648,12.254792934012428,2.7051937205338663,0.08281167455948751,0
3.933354426010286,0.26556502879412125,4.548845489894791,3.297891038143755,1.2509544517510363,0.004866380392870362,35,62.36763084733697,2.6935277765072354,69.06525280911521,55.5448322663637,13.52042054275151,2.693537809209267,0.06306724032168357,0
12.625071626091108,0.5717179895619737,14.238733168262721,11.153985882015565,3.084747286247156,-0.004913504980964861,28,80.33849698119344,3.1425448895773505,88.04190983032578,72.18831171990252,15.853598110423263,4.132749787201287,0.1571484648498971,1
6.144416954480762,0.23476946463644088,6.760907880732453,5.61606477189625,1.144843108836203,-0.004961280496782123,32,62.33253737947526,2.385521442980509,67.22025423433934,55.78425153127535,11.436002703063984,2.150724172962179,0.09857479118007463,0
14.937198146524809,0.7531040342705301,17.67992593208132,13.503387654808053,4.176538277273268,0.006715930836677414,30,79.48228879417165,2.816548594684632,86.23074538423862,72.83441620661095,13.396329177627663,3.711886915990169,0.18793115026261029,1
5.846191322275214,0.17163518267062172,6.211284166611045,5.486711861532477,0.724572305078568,9.351345220464336e-05,33,62.07172177518033,2.6262370903023013,67.12242588302271,56.03439688641032,11.088028996612394,2.657749214114078,0.09418445406211347,0
3.541131535969796,0.3822297024927305,4.714721362096565,2.7944540922131687,1.9202672698833965,0.005563243329311297,35,61.91131974410697,2.918552842026537,68.67409748039893,56.098420011394964,12.575677469003963,2.589522177318004,0.05719683401047229,0
11.242331400168366,0.4519267913083727,12.242191453846672,10.195415432927877,2.046776020918795,-0.00216452439716586,34,79.79960192004351,2.8493356106723606,86.09796514459592,74.17279253255003,11.925172612045884,4.372390364424906,0.1408820468872859,1
15.869447288072568,0.9266109906181357,19.12386653546765,14.278659847446834,4.845206688020815,-0.011022118655798167,29,79.76549612765182,2.704965993868148,87.30076858169807,73.66263322427604,13.63813535742203,3.5820437275293586,0.19895127416652436,1
30.0,0.0,30.0,30.0,0.0,1.3526773354174875e-16,0,104.77935863079855,4.024058737354319,113.14987129733748,94.8377145617574,18.31215673558009,6.0760575887635655,0.2863159319326655,2
3.138750930843033,0.4067541728933239,4.049366825795902,2.3050914163295864,1.7442754094663155,-0.011161183631839924,27,61.70495294629447,2.2565596399270276,66.98683892637001,56.60005466503337,10.386784261336643,2.444460947254057,0.05086708165400912,0
6.083667178202193,0.21761666334965246,6.711873636922544,5.430634699515816,1.2812389374067275,0.004766865017790048,35,61.62195161953556,2.694442507089721,68.65688502737171,54.87101958445504,13.785865442916673,2.5232665608499905,0.09872564759126981,0
16.491754594992024,1.198149396510282,21.490713875775725,14.271307457765463,7.219406418010262,4.200594190672135e-05,31,104.61121467687295,4.321446511248256,114.46357073601044,94.66388579250233,19.79968494350811,5.2566667320655895,0.15764805416211178,2
30.0,0.0,30.0,30.0,0.0,1.3526773354174875e-16,0,104.695465556481,4.487674514606128,117.14137266129002,91.8657417792253,25.275630882064718,6.659805281220821,0.28654535852147556,2
6.595892320011713,0.5573703388071524,8.3221906201368,5.117309556639197,3.204881063497603,-0.0027187412003723153,33,79.75562352161187,3.2078053049831174,88.90356085816225,71.4708891526401,17.432671705522154,3.8364010470937253,0.08270128106418857,1
25.69015608230819,1.6509471073458801,30.0,22.651222944426532,7.348777055573468,0.0063075812638324034,33,105.43146217536358,4.161569675516699,115.78594038658214,92.7736910803048,23.01224930627734,5.842498906614776,0.24366688376104478,2
20.672081083309628,2.0398207970014606,28.931283354773733,16.77574682511366,12.155536529660072,0.024415652517394998,32,105.4997718222566,5.003207570803229,115.77979798085846,91.77137793986451,24.008420040993954,6.552765958881976,0.1959443184596941,2
16.66392892033012,1.5820076170533595,21.15433106034411,12.362148221939814,8.792182838404296,-0.005419939896650701,35,104.72524776107721,4.243110022036297,115.64868216923,95.83215713568077,19.816525033549226,6.359787119447543,0.159120452015804,2
6.869227581405109,0.46320954384414975,8.26039850823356,5.761577672802301,2.4988208354312595,-0.0004275820835666106,31,79.80653520826809,2.7196944936415814,86.17885218547214,70.63075812290556,15.548094062566577,3.8233525686967753,0.0860734960790523,1
2.8515649054448535,0.46260039162604905,4.460976547058739,2.232299481150234,2.228677065908505,-0.009298450831327337,32,61.38499099474511,2.596405419820569,67.31186736516283,54.90271244651387,12.409154918648959,2.139538980346461,0.04645377986998782,0
3.5955688606623912,0.2707083092266715,4.3404107626658694,2.980949548346372,1.3594612143194973,0.006899896399286415,30,62.39721272646379,2.5866773460759047,67.4987369957342,56.26873557460887,11.230001421125337,2.1684051453089364,0.05762386885453902,0
4.325943532987294,0.21160270616250756,4.923481060859288,3.817367813596108,1.1061132472631798,0.00024030949064306924,32,61.970268499165094,2.46891781168683,68.66418906026298,55.74904784931355,12.915141210949436,2.567097222906172,0.06980675681982594,0
5.656449815703626,0.231484751691358,6.180701236475854,5.071553239194128,1.1091479972817258,-0.0035364097393566214,31,62.07519295808026,2.49759231790051,68.7234888359096,56.216877037925016,12.50661179798459,2.1417177561417984,0.09112254759161058,0
16.13922506869665,0.8268674955820585,19.72867699139595,14.602254327854503,5.126422663541447,-0.004047230778926777,33,80.41662065195759,2.4434109806323265,85.66946492497927,75.34916743324878,10.320297491730486,3.5215453476654233,0.20069513910379214,1
30.0,0.0,30.0,30.0,0.0,1.3526773354174875e-16,0,105.2637966355461,3.7166801903595683,115.81028652462834,97.72547792434632,18.084808600282017,5.011764494070815,0.2849982679122858,2
24.41685371251354,1.9779615592041815,30.0,20.921954049320455,9.078045950679545,-0.033074796046235366,26,104.89024995874766,4.484061033173412,116.12122466809959,94.19338529140316,21.927839376696426,6.820994273264378,0.23278477732040564,2
11.232513361618501,0.6235049143166691,12.817654305609418,9.84729096998629,2.9703633356231283,0.0032766514445840777,33,79.84102578815575,2.552622798281918,85.62429839870181,74.05822366185001,11.566074736851803,3.468678145461456,0.14068598330307072,1
30.0,0.0,30.0,30.0,0.0,1.3526773354174875e-16,0,104.5791254603236,4.288685716861636,114.31639066696391,94.4713341464189,19.845056520545015,5.677710302164825,0.2868641287741272,2
20.564937301250314,1.923078008262006,27.26843556305815,16.684337801611935,10.584097761446216,-0.02361333635672677,32,104.79363969349139,4.96278900231074,118.97439041756454,93.14407851914211,25.830311898422423,6.869888725259911,0.1962422258178838,2
10.35050696177038,0.5511573893287319,11.589806623673788,8.961500962554474,2.628305661119313,0.0008316964176581267,28,79.6317791128973,2.828157265864321,86.26594951335385,71.49094011026963,14.775009403084212,3.795707333441919,0.12997960044464701,1
8.751304794307464,0.6937406366362692,10.532825564279609,7.262103440098227,3.2707221241813818,0.008465266336791333,30,80.64929202205707,3.046768330924112,89.24261459462342,73.49897905600592,15.743635538617497,4.475045324967583,0.10851062007343372,1
24.4064473585558,1.2442691088565565,28.846215240480344,21.242551080028157,7.603664160452187,0.004329029862205915,33,105.1794530283936,4.152784072421332,117.55751318679981,94.84329309711346,22.71422008968635,5.635965449243727,0.23204576962309753,2
13.88499275820413,1.4888984593365497,20.035076110669344,11.937074892352566,8.098001218316778,-0.0264516045119565,28,79.61440030544637,2.775478241125826,86.6348521709811,72.13575814435372,14.49909402662739,3.516325627373665,0.1744030292325299,1
5.79774191300515,0.20234344270134416,6.158343081180811,5.266504823769904,0.8918382574109067,-0.0033057147901293786,33,61.735018029474396,2.3861188928135935,67.98291726071653,56.87991907254477,11.10299818817176,2.5592823297482115,0.09391334131179438,0
30.0,0.0,30.0,30.0,0.0,1.3526773354174875e-16,0,105.2041528725216,4.350487970633229,115.96435396108521,90.7035802996103,25.260773661474914,6.546679016036689,0.2851598429882504,2
14.159365305078083,0.6815441997751541,16.464309220836153,12.814433433159094,3.6498757876770593,0.012302474290493623,32,79.5815277647407,3.040808554662337,85.57775799548317,71.72754694846577,13.850211047017396,4.611202590654169,0.1779227607820411,1
29.480141139143747,0.7231469136507119,30.0,26.66270860610972,3.337291393890279,0.0003453187296478349,16,104.67825738936375,4.318138585559368,117.54897141092643,92.79773328556033,24.7512381253661,6.1511655856863205,0.2816262096135447,2
6.751231609923616,0.4606642069319298,8.041550042107554,5.592733481439751,2.4488165606678027,-0.0006631727822222153,33,79.87012722600441,2.916064960254361,91.82352874254846,72.6271786354769,19.196350107071567,4.101716547370112,0.0845276170187182,1
20.533481050732263,2.1501804377380607,27.79250389069639,17.01365256680137,10.778851323895022,-0.031205411235659595,30,104.2959745447651,4.185232783537184,113.07994974173565,91.77137793986451,21.30857180187114,5.3003083986357495,0.1968770217976344,2
11.742452881063075,0.672852507771951,13.949008625913073,10.361753530148423,3.5872550957646503,-0.002534816648366609,33,79.88373400262728,3.0848094840437246,88.04566807771585,72.33766987815702,15.70799819955883,4.378766808018185,0.14699428964703365,1
9.822926191957913,1.5564855083675058,15.880544157303925,7.962347125059905,7.91819703224402,0.007709728961900997,32,79.90688488774134,2.6859515173946553,88.81453730228513,73.71798043649166,15.096556865793474,3.8694251177495853,0.12292965847471309,1
16.769669523642055,1.5333240753410984,21.15433106034411,13.938281987850608,7.216049072493501,0.014281754316122972,34,105.0358026236015,3.987765263132956,115.64868216923,97.4566215023284,18.192060666901597,5.536010519635771,0.15965669747942898,2
14.41299394359397,0.6735980223873569,16.918918171038936,13.191308899213421,3.7276092718255143,0.0024795249363848467,33,80.69219822342336,2.889967120655518,88.26707663176249,74.52303099700912,13.744045634753377,3.987437872339072,0.1786169429300938,1
13.102289990850899,0.5193201499482223,14.590504717467006,11.73782185716951,2.852682860297495,-0.0005593706445833835,32,79.83806024601805,2.781134229704193,87.58481021343998,72.77947568500744,14.805334528432539,3.934065395458855,0.16411082366437577,1
15.333994661341158,3.130947233711245,28.63819375960055,11.534130851565264,17.10406290803529,-0.02871741663990513,29,105.4888653013588,4.1417376054451145,116.43520042981346,95.21089361918487,21.22430681062859,6.403248640396101,0.14536126132529725,2
23.429185079860584,1.3697928569683864,28.254906162187826,20.22345638956458,8.031449772623247,-0.025007822776728972,30,104.41784411809887,4.508880668912137,115.14622904063782,96.10959472728541,19.03663431335241,5.278930445774165,0.22437912842734556,2
24.36089130802845,1.6306363888873334,29.243527377352418,20.323165553322706,8.920361824029712,-0.0059110081080743886,33,105.58894708295084,4.907164924372911,118.30186752514493,92.98384269969998,25.31802482544495,7.2548317672325195,0.23071440477738728,2
13.211006825323466,0.485551729408743,14.585729161546213,12.073771489422608,2.5119576721236054,-0.006436394458842275,31,79.83532756603185,2.901284633683132,87.79716827956017,72.70568977574035,15.091478503819815,4.227620886655537,0.16547820448182454,1
19.02604748458303,1.5990021815318272,24.688331627802768,15.80742648295892,8.880905144843847,0.007225489575773251,32,105.13828784955565,4.009976838578193,113.76234223272252,92.56313074440361,21.19921148831891,5.765846628092673,0.1809621184895615,2
7.609478044668239,0.5944624596007053,8.95032460784772,5.965538038685718,2.9847865691620026,-0.009092775878914886,35,79.74726134760867,2.628822151731793,87.47890077068728,74.336185759818,13.142715010869281,3.140482362902205,0.09541992816630425,1
6.403198217194552,0.4237188897889761,7.946588068842482,5.6269570447840795,2.3196310240584026,-0.011508053184471538,36,61.956818935175946,2.5606307789194056,70.66317165212145,56.333766274799,14.329405377322452,2.2714279885315922,0.10334936854238286,0
30.0,0.0,30.0,30.0,0.0,1.3526773354174875e-16,0,105.00090395792387,5.028618668780335,116.56200515788939,90.37500392715337,26.187001230736016,7.15540412326107,0.2857118232649676,2
12.829470751165962,0.5126144047574468,13.76734246553109,11.515634596210617,2.251707869320473,-0.0039762610470800135,37,80.4804979217961,2.573403606206446,85.68449526806526,74.2406039429904,11.443891325074858,3.6488391965798153,0.15941092467173343,1
4.210695296308202,0.2975470442323169,5.031646753697048,3.589035937872489,1.4426108158245592,0.007154881224191116,31,62.07817926332805,2.2526953472677436,66.88722871353885,55.77455119283781,11.112677520701034,2.484078965965603,0.06782890990758665,0
4.9394249208193735,0.35547707999799094,5.825264086699691,4.215775721105125,1.609488365594566,-0.0060432826727380515,29,61.89581563255894,2.19054172454814,67.48923655412524,57.72854986996759,9.760686684157655,2.316274275468898,0.07980224172728818,0
6.385985957610924,0.2730307495559967,6.995335306809339,5.731474456746127,1.263860850063212,0.007358485859103288,32,62.229605095931674,2.3061654340039826,68.03763235049365,56.83666483932421,11.200967511169445,2.661088945441974,0.10261973935310535,0
5.337415523381879,0.3693143067497323,6.528437868167755,4.751550367860119,1.7768875003076356,0.0003167896720771328,29,62.31227851716387,2.408702777317518,68.02349680213433,55.36154358341346,12.661953218720875,2.2880540274543892,0.08565591829956554,0
4.479791066327632,0.24040487466310642,5.036232898557002,3.9386380569209547,1.0975948416360475,-0.004223099206422644,31,61.94054668695294,2.259978918538078,66.7408825721637,57.03788724492697,9.702995327236728,2.4017320236274626,0.07232404674508953,0
3.9363642516678516,0.4597330498416654,5.50217780782936,2.9239509036054505,2.57822690422391,-0.007744321897983937,29,62.491118160892256,2.7724072450939192,69.04155843661694,56.14037692495396,12.901181511662976,2.3873432925637847,0.06299077860220623,0
2.9720215639632106,0.19405473168505585,3.3800251463113438,2.551591787774564,0.8284333585367798,0.0008084974070064374,36,61.28346684981388,2.707719737018084,67.51074245233393,54.65086662046778,12.859875831866148,2.245026680765575,0.048496301992026335,0
3.829686644546941,0.23181714823072783,4.379721885017798,3.227241071378991,1.1524808136388067,-0.003501010421889065,29,61.87423259333008,2.483257092071439,67.26217278360932,56.63265719351533,10.629515590093987,2.201969783345071,0.06189469221902045,0
16.69153292938793,1.9092453429311282,23.014180083922458,13.136631828158519,9.877548255763939,0.011370394675080817,30,104.98479307064616,4.121073506172758,118.52018582427556,92.8841253367305,25.636060487545052,5.9642842135113625,0.15899000495401167,2
7.6924766941175315,0.9181619410585614,11.369998486593708,5.965538038685718,5.40446044790799,0.006963341766679902,30,79.9983896507449,2.695781121271251,87.47890077068728,73.43685008604176,14.042050684645517,3.4591408228718077,0.09615789307188899,1
10.849863552402821,0.7102091460141725,13.023332018935402,9.090524274996458,3.9328077439389446,-0.01485117160140671,29,79.59651897737677,2.6942807690699144,86.34269716106213,72.84055526924271,13.50214189181942,3.72925899141447,0.13631077785167758,1
2.592198111378581,0.24623181595240545,3.05770896537439,2.0828335829605775,0.9748753824138126,-0.00561103814031981,32,62.18586905116986,2.523901136207023,67.61727512954812,56.978515582911655,10.638759546636464,2.168298436651639,0.041684680285820265,0
4.769795539938867,0.5148073015846989,7.0189176838482625,4.083899735834876,2.9350179480133862,0.010928682835603913,36,62.197979348796224,2.84283507203459,69.64666609426962,55.02862854050966,14.618037553759962,2.8363169683660603,0.0766873058126747,0
29.020960784162586,1.0596020266974997,30.0,26.34234335871511,3.657656641284891,0.014837823886533923,16,104.96682929836305,4.403862035676679,116.56709919538277,94.02424957280611,22.542849622576654,6.6111582566111515,0.27647744246131783,2
3.9868740141078787,0.24035270660861194,4.671314884753255,3.4473186251499675,1.2239962596032878,0.004688803838687691,32,61.63034981484026,2.8461902187946984,67.22118455189117,55.60003041760688,11.62115413428429,2.3396951951652256,0.06469010741291871,0
26.793940123077206,1.4559616867732348,30.0,23.264777989248582,6.735222010751418,0.0032418017688152904,34,104.54786395220366,4.166980633074167,114.21561841571574,95.8655046594913,18.350113756224445,5.5137793000204285,0.25628395314745683,2
30.0,0.0,30.0,30.0,0.0,1.3526773354174875e-16,0,104.16311738528475,4.493057843723438,115.01759247671046,91.31685693723037,23.700735539480092,5.6309717363396015,0.2880098106225489,2
6.017670749004558,0.20438265656177765,6.516999461180412,5.568134093061053,0.9488653681193595,0.0007633479043309239,32,61.680157720305004,2.376277618313129,67.64543461018869,55.65405741559301,11.991377194595678,2.5381379291693262,0.09756250427779056,0
3.354059352166696,0.1928606549066002,3.787206204288271,2.932225483133756,0.8549807211545151,-0.0005793839440135369,34,61.77528759758135,2.298254679541719,68.3294159818816,57.233963501421385,11.09545248046021,2.628927065444167,0.05429451530394009,0
3.945367564332051,0.32112641839574246,5.063758234829191,3.4260175555995462,1.6377406792296445,0.0067129604544053575,29,62.51461610339596,2.7674303008076007,68.22312053960843,56.53776919137681,11.68535134823162,2.7702832331823153,0.06311112100081516,0
13.570524903682719,1.1168831620500317,16.475734432240852,11.47896228244858,4.996772149792273,-0.009523757935318306,28,104.70094403664831,4.325885668291647,115.7293220976004,94.77133301148803,20.957989086112377,6.388319493156826,0.12961224847524203,2
10.92967790392144,0.8136653683528907,13.735307589930741,9.160572223339473,4.574735366591268,-0.012878571608914325,32,79.71019581203372,2.621580122112429,85.2986907054749,71.88187111207806,13.416819593396838,3.703939091625104,0.1371176880881996,1
3.78402967465647,0.25260997499538224,4.37569028234992,3.1969176762702185,1.1787726060797015,-0.005160050043073803,30,61.782703731366325,2.2778978194114847,67.01448172710079,56.690468985129826,10.32401274197096,2.419238071930056,0.061247394252316775,0
5.2014058780524275,0.21581261361564974,5.743660788805421,4.685268462676567,1.0583923261288541,0.0038261894092879653,30,62.361176341719045,2.556867773092366,67.69119796721644,56.4056421307308,11.285555836485642,2.371489684274179,0.08340775623190064,0
30.0,0.0,30.0,30.0,0.0,1.3526773354174875e-16,0,104.66203320889932,4.352248688444814,115.04006839125962,92.03532790077166,23.00474049048796,6.519218735352977,0.28663689012695615,2
3.370980884364272,0.24702616053341217,4.0561274937238725,2.6856340138495662,1.3704934798743063,-0.0049019299713848686,32,62.366199755822024,2.3047326948418916,67.60608440626426,57.91935122057776,9.6867331856865,2.7859976114292255,0.05405140674774202,0
29.995960028459077,0.032063651158191174,30.0,29.691153261277545,0.3088467387224547,-8.086058164169673e-05,0,105.03411664109593,4.3711575778893685,116.03867229922106,91.75705050429183,24.281621794929237,6.060311675192642,0.28558301532989483,2
4.357747229508869,0.27577896655712064,5.254303820309136,3.659840992012896,1.5944628282962405,0.0014696898899894542,33,62.32104502164354,2.7847362735941137,69.58174523454927,56.89106266886888,12.690682565680397,2.731129808575094,0.06992416699802283,0
29.998058341074717,0.019319262378041886,30.0,29.805834107471533,0.19416589252846705,-5.243003398612513e-05,0,105.1892586023069,4.52750316446119,119.31148042145973,93.4783942058747,25.83308621558504,6.483426344508528,0.2851817614696552,2
30.0,0.0,30.0,30.0,0.0,1.3526773354174875e-16,0,105.12142421638238,4.01738655176431,114.15113578368708,93.27722371601601,20.87391206767107,5.4170592577603855,0.2853842586156711,2
21.32065339242075,1.6570669271980443,25.466956052321116,17.913256198511867,7.553699853809249,0.016915428738457656,31,104.40317293433858,3.8818478759229613,116.24883101824567,93.94654819586202,22.302282822383646,5.389391107560427,0.2042146094699168,2
23.93223321526542,1.3269419828452276,27.298820832039066,21.130068198326395,6.168752633712671,0.016830893766387914,32,105.12502501383526,3.825405250969362,114.99210188026477,98.07745159861979,16.91465028164498,5.189016503607031,0.22765495641461964,2
30.0,0.0,30.0,30.0,0.0,1.3526773354174875e-16,0,105.5265067579303,4.170781151417383,119.31148042145973,94.79500822561226,24.51647219584747,5.887636875534102,0.2842887596433845,2
30.0,0.0,30.0,30.0,0.0,1.3526773354174875e-16,0,104.59737698094264,4.891591961780121,113.64430352819329,93.12589003126216,20.51841349693113,7.0799793600366625,0.2868140729633387,2
30.0,0.0,30.0,30.0,0.0,1.3526773354174875e-16,0,105.17129266313552,3.8769267768892592,113.90152719033985,96.70433294845512,17.19719424188473,5.462043070846843,0.2852489396592405,2
17.887182835189027,2.222887847331727,27.04377705099991,14.449712101310606,12.594064949689304,-0.009925491830397145,31,105.67548176252426,3.867242419950611,115.49647113460189,94.86497514417695,20.631495990424938,5.288338182989838,0.16926521050663576,2
3.887467620974141,0.3166107700428963,5.201490864321807,3.3790685461574554,1.8224223181643513,0.0002771873526274751,37,62.51651585607948,2.440810153573878,68.13525102377503,56.16775465079267,11.967496372982353,2.559041298016956,0.06218304884009386,0
4.156520333203364,0.29123063607750593,4.889521752037906,3.5143220227851737,1.3751997292527323,-0.006790117505575176,32,61.64331072401805,2.278060956977857,67.1980174221007,56.230340795994344,10.96767662610636,1.8375500761232788,0.06742856957154464,0
4.735488795804709,0.3783315238296428,5.708901104087575,4.106952489137666,1.601948614949909,0.0014040976286825596,33,61.58201096674052,2.566958453036207,67.181484006799,55.722149837835936,11.45933416896306,2.6321871898500766,0.07689727315765962,0
8.314828161716653,0.8889053483453666,12.070419912652786,6.835605258721618,5.234814653931169,-0.015420964722564086,33,79.50818944579089,2.7984202177189097,84.25121519103038,72.41903331234298,11.832181878687408,3.9836140376957117,0.10457825936040825,1
5.653001861529176,0.3706057367017389,7.10865076125698,4.819529734252869,2.2891210270041107,0.0038175704939329446,30,62.29256598841378,2.502490417465542,66.85721415658878,56.39590635498244,10.461307801606338,2.5474876334703445,0.09074921992828802,0
3.9264578914222508,0.2111169098686691,4.3605601027745955,3.4131794303569434,0.9473806724176521,0.0010699624687760128,33,62.445392316356866,2.641331814213344,67.91675995118847,55.35785960163308,12.558900349555387,2.0962344438605265,0.06287826343778925,0
16.125448587706657,0.651238342550289,19.17804122834036,14.921694179194507,4.256347049145852,-0.004393756088890033,32,80.19305629374303,2.6576829115539775,85.66946492497927,73.79965536789453,11.869809557084736,3.5504174634003234,0.2010828509585309,1
6.03719863913305,0.23915533616231183,6.563730235791231,5.542275365616449,1.0214548701747814,-0.005377759357225244,34,61.81509657198245,2.5130112706726484,67.22025423433934,55.78425153127535,11.436002703063984,2.3204057551268744,0.09766543896663517,0
8.144707575603347,1.2293145261262792,14.275791742396928,6.5505589614163675,7.72523278098056,-0.018433022408209515,28,79.96010260384176,2.7768584495814945,86.04032163092155,73.92470007736662,12.11562155355493,3.3703420446577925,0.10185964260321477,1
11.030968179404537,0.7451671013798267,13.720953726479895,9.763961193091689,3.956992533388206,0.010529906799325639,30,79.41828854567547,3.2286580746416838,88.51763901488971,71.71100382950317,16.80663518538654,4.053926155288808,0.13889707575558333,1
30.0,0.0,30.0,30.0,0.0,1.3526773354174875e-16,0,105.15853928725595,4.6118471072684875,115.09147018033434,92.92702376131895,22.16444641901539,6.8440200417748915,0.28528353396738493,2
2.403092034127514,0.19362820876331727,2.917059669868015,2.0115015272763266,0.9055581425916883,-0.00037894693896098585,32,61.482536024776685,2.5444356355439512,68.97490596108076,55.28242683405989,13.692479127020874,2.333504829762273,0.03908576565666278,0
15.867005672963089,0.822394169810833,19.31867004799888,14.265198856544671,5.053471191454207,-0.004525964171718235,34,80.13239936009309,3.2098181390061167,89.70556290661578,71.22686599010649,18.478696916509293,4.4408148770883855,0.19800986369634638,1
5.578180593064328,0.2393916927666871,6.0449800534343545,4.999473355175694,1.0455066982586603,-0.004587955287398116,32,61.570933763784524,2.0961436254803165,65.78331267578801,55.471542687970526,10.311769987817485,2.43846054850288,0.09059762718342494,0
10.47653775481046,0.47606449424132835,11.727373478871307,9.616383713128627,2.11098976574268,3.4812177389930095e-05,33,79.7138444325106,2.997882389855416,86.89948203779794,73.0457244576965,13.853757580101444,3.965122773875621,0.13142682676976583,1
28.20123151264655,1.2929166534405725,30.0,25.215657472100023,4.784342527899977,-0.010473834334705459,31,103.90663171029934,4.35693448137681,118.64977657031723,91.62244347507607,27.02733309524116,6.04492053885675,0.2714093487301626,2
6.74874288137151,0.39202574991830613,8.001257320200008,6.129785329444935,1.8714719907550723,-0.007975460591640166,31,61.90636870303897,2.3369193047572785,67.15691392358463,56.304530429778204,10.852383493806421,2.4620010539988693,0.10901532287783652,0
14.906126121121767,0.9275177072888483,18.88268130187318,13.36575808757095,5.516923214302231,-0.0034133250635447103,31,79.70317006758414,2.4357758787622954,84.66391763837062,72.23353304671977,12.43038459165085,3.30188135764035,0.18702049016948333,1
11.952263462097442,0.6601566367174487,15.17330323034524,10.572297008540561,4.601006221804679,0.005541197237475435,33,79.96506054964615,3.308092681073521,89.91909535069796,73.29731289065792,16.621782460040038,3.9755508814767433,0.1494685707792134,1
26.48751566845814,1.5274980472071542,30.0,23.01867540347246,6.981324596527539,0.009914048405698183,27,105.40598174460848,4.331930814920681,117.64515871426671,96.23244904592697,21.412709668339744,6.12207602244995,0.2512904389178325,2
12.176328034338221,0.7144849824485447,14.663159457305802,11.021899735418668,3.6412597218871348,0.0013628649587773256,32,79.54927879702205,3.1151794411033045,87.33218610538516,72.48159600398498,14.850590101400186,4.34917958666907,0.15306647735098722,1
23.774817527111068,1.691589337369084,29.22363920447511,20.22345638956458,9.00018281491053,-0.026700036661608133,29,104.76864976551036,4.589108190389824,115.14622904063782,95.02265428173128,20.123574758906543,5.811174576822221,0.22692682738010111,2
3.947075257992282,0.2947230600068481,4.664084691980658,3.2835231321561333,1.3805615598245242,-0.007553839106672096,34,61.83434718051175,2.7702829843106804,67.79791022152932,55.96959681716236,11.828313404366959,2.4910566357788673,0.06383305353959043,0
29.986975792607726,0.07701551604787335,30.0,29.326002270471754,0.6739977295282458,0.00036809763277045686,0,104.66908171846484,4.852331830621242,115.61448160163886,91.12204401575491,24.49243758588395,7.315244406241228,0.2864931555124604,2
3.5238677573354953,0.6786546800074094,6.483753780540865,2.576880282937742,3.9068734976031227,-0.015460736453842407,28,61.96224704699229,2.5992911069592797,68.20704596411151,54.95866850750308,13.248377456608438,2.5877372341533036,0.05687120574874861,0
6.333404968394834,0.24100063495182766,6.873992747490254,5.754315365240328,1.1196773822499262,0.0011437434521296606,35,61.56098531388168,2.7329501355805723,67.76308717446635,54.13835983114262,13.624727343323727,2.7540749589304037,0.10288017375327017,0
16.137400750181783,0.4925323671587651,17.206085618998245,14.90441298728043,2.301672631717814,0.0005101630112597973,34,80.36747347501424,3.025098902937008,87.44170249332208,73.02875762594576,14.412944867376325,4.326512270626739,0.2007951706283716,1
8.00937861394867,0.4207551626114778,9.36833720813407,6.835605258721618,2.5327319494124527,-0.0035929076681307528,35,79.81127412780596,2.7213142731269895,86.87488826334163,72.41903331234298,14.455854950998656,3.8617130508734547,0.10035397381037747,1
14.410437373120384,1.364285321108875,20.189282177392446,12.876185325582743,7.3130968518097035,0.025532204505069576,32,79.95391516070258,2.929179591336904,86.11546853316649,71.98246700210679,14.133001531059705,4.1173042968165605,0.18023429076514863,1
12.87318916276202,0.9463977470094654,16.64645146098703,11.504794029350995,5.141657431636036,0.01612883708033914,31,79.96617495241786,2.7910697282821704,85.81396631190515,70.98349870333271,14.830467608572434,3.7441886299846847,0.16098292821232235,1
7.688770916673885,0.6565932331149777,9.709239148827665,6.2154019772583755,3.4938371715692895,-0.0009755657563127399,29,79.81027581583906,2.8565665468694754,85.86106719576416,73.07759068234445,12.783476513419714,3.517902906920505,0.09633810611151745,1
3.217957200580818,0.28104305491186937,3.9806526577317083,2.5745548248215324,1.4060978329101759,0.0066379866507492785,31,61.46389645936878,2.1490412321915953,65.94807280094612,55.378540031887724,10.569532769058398,2.2768254650353024,0.05235524159053004,0
5.1637108930390045,0.2154996157429417,5.644974678366252,4.561439865554323,1.083534812811929,0.004342776426305966,30,61.95494121007281,2.996040397226126,67.93336512566695,55.47617908126469,12.457186044402263,2.702353264528982,0.08334623048360255,0
12.473251188343632,0.6453333846988105,14.250442798934328,11.059940910092532,3.190501888841796,-0.0056468239210952995,32,79.64546797523785,2.8912388607647563,89.3163210688702,71.42266253604906,17.893658532821135,3.905149553183232,0.1566096772212067,1
7.849404410603123,0.5589704635163049,9.32365290500667,6.763625968843943,2.5600269361627266,0.00023228658183370045,33,79.6769604182477,2.7637081039384945,84.63158980673147,70.67690508914913,13.954684717582339,3.7379800900145614,0.09851535840328174,1
8.174102002227642,0.5480259543692106,9.648423678853959,6.817810099032652,2.830613579821307,0.003038047131783216,30,80.16127952685349,3.0987664880660626,89.01808723963498,72.18631078496855,16.831776454666425,4.301623284133778,0.10197070142223305,1
22.419932837270835,1.1672432045912864,25.24249732397921,19.360333971394514,5.882163352584698,-0.007532631477140529,33,104.97376506527854,4.0725300946988465,116.07630513498877,96.94638904993745,19.12991608505132,5.931577480186007,0.21357653133382745,2
29.723790996215723,0.5240771665688068,30.0,27.67266295547961,2.327337044520391,-0.00098644626291559,15,105.28930243727098,4.278437519478575,115.969384775023,95.1182951581963,20.851089616826698,6.126006907651236,0.2823058945766936,2
4.869673841169106,0.26323904106847157,5.6274556748500375,4.2846992135823205,1.342756461267717,-0.004718532317714122,30,62.353347009164224,2.2397357173447836,68.40539789816054,57.434861428029855,10.970536470130689,2.1066157827221432,0.07809803317142486,0
11.437206273537525,0.6831631582034224,13.59401470929337,9.995847704484252,3.5981670048091186,-0.006522756686329855,30,80.43740515250961,2.5888444064251153,85.78296848788264,75.0347441438684,10.748224344014247,3.732416574710873,0.14218765647232012,1
10.669309496995238,0.5603360523663834,11.827287603452204,9.008769816420251,2.8185177870319524,0.005667762735148175,35,80.03192471196728,2.992234086292194,88.10775793568644,72.11129979131839,15.996458144368049,4.069117477303482,0.13331316724020603,1
4.348142360908797,0.2764676655458111,5.031646753697048,3.658427668968423,1.3732190847286252,-0.0016185058052358315,31,61.767592332349324,2.122625340020167,66.98422758702836,56.36251689491358,10.621710692114775,2.2920722992810947,0.07039520444827757,0
6.4633724959156975,0.3339101464313817,7.512079229779468,5.603099245362525,1.908979984416943,-0.004828070397728647,32,62.23398117707526,2.213032012607661,67.8239318714815,56.68903938083996,11.134892490641548,2.1151138306501336,0.1038560006898702,0
6.2576592808291345,0.4278163838402684,7.53373366608562,5.583171487338136,1.950562178747484,-0.009929222959166402,31,62.31129562526153,2.343814870408425,68.26304846266427,57.278466372390504,10.984582090273769,2.129898239708501,0.10042575936852238,0
4.170584989817319,0.23991021334726179,4.729903618933809,3.3549921927613138,1.3749114261724955,-0.004088315391569362,34,61.86360532592887,2.219379253656869,68.18872074249512,56.501775055456406,11.686945687038715,2.3545108344632184,0.06741580773426885,0
15.957180734672255,0.976784407653813,18.73509573703053,14.200918802504422,4.5341769345261085,-0.00013270816270383604,31,80.13646948917858,2.724956376390183,86.73609383925915,71.85786900813363,14.878224831125522,3.8847348521315,0.1991250754776762,1
21.107152024051064,2.00218688273312,29.456435960073318,18.21887552289587,11.237560437177446,-0.006696525519725209,30,105.8214634924214,4.16500856394411,115.15591315057443,95.6276653793529,19.52824777122153,5.676504448458938,0.19946002566958135,2
4.865143540470021,0.30515016857397953,5.581896799284486,4.165478162458538,1.4164186368259477,-0.007568727780826072,30,61.633240891409834,2.470750977647753,68.74121158329793,55.23544221005212,13.505769373245805,2.4280922300943666,0.07893700527779804,0
15.720294711475034,0.9839063145657516,18.876835606659505,14.01393756108592,4.862898045573585,0.0003995676483983423,31,80.27181930959868,3.4273687194646345,90.34817243370345,71.55050169902658,18.79767073467687,4.6272601111044835,0.19583827364128237,1
5.369771696455365,0.32104989733156913,6.53458697890985,4.76026505464279,1.7743219242670598,0.005935883680143534,32,62.1639446809925,2.7019324325534484,68.31290166849762,55.531592989244075,12.781308679253542,2.5415129843315647,0.08638080542717622,0
5.791137378110423,0.28235029297209,6.556527606525214,5.259964773556685,1.2965628329685295,0.0040040920040522975,33,62.337539113662686,2.7250942134621794,67.49012936583074,55.872946914208605,11.617182451622135,2.345602318537365,0.09289967758675104,0
12.605357483636858,0.5276968378323201,13.714282592345402,11.504794029350995,2.209488562994407,-0.004069883578305504,31,80.13095518485282,2.8229152633955317,85.81396631190515,70.98349870333271,14.830467608572434,3.863022905694064,0.1573094604606709,1
5.202051191987214,0.300270895987601,5.962064014066074,4.483998900954557,1.4780651131115174,0.008194550412294681,33,61.53503648838046,2.5847772379144636,67.25960779957427,56.07015205767655,11.189455741897717,2.2747332926121784,0.08453803563489348,0
18.710768683042257,1.4671604929893693,24.058907703666943,14.971604264293976,9.087303439372967,0.0026771882556763872,37,105.06209046551118,4.585047463200293,116.52373401053205,94.10021204001362,22.423521970518436,6.824806223268827,0.17809248247437048,2
3.195272875903062,0.4682949870434054,4.921909668615403,2.4372033095759917,2.4847063590394116,0.0034937162293014815,29,62.409334652159444,2.6040278788953515,68.33144220319842,57.03153740667618,11.299904796522242,2.4409524549878077,0.051198636269932825,0
29.970793757658825,0.13027800834776104,30.0,29.042329669021175,0.957670330978825,-0.0004584954990487424,2,104.62902541817002,4.550916601020847,114.88614588788795,93.4945059430333,21.391639944854646,6.255790105281253,0.286448175842474,2
5.352088363775448,0.6643648665731516,7.899962750813651,4.353039011213843,3.5469237395998077,0.013883066507554106,33,62.27549653958377,2.4781340379215875,67.41990489870392,56.12670295965032,11.293201939053596,2.4569546188736475,0.08594212130338316,0
3.7847319315573817,0.2755136544368713,4.613679291717997,3.1728933714495655,1.4407859202684312,-0.003165157325233073,32,62.13019106495319,2.3863315254577904,68.91750075475152,55.93950420451691,12.977996550234607,2.4914741459139185,0.06091614729921781,0
4.349866307010831,0.3283692165398086,5.848684467115945,3.7237841603734334,2.124900306742511,0.0012949041936782004,27,62.42165104167388,2.218018966299309,66.73347123777096,56.89652847030742,9.836942767463533,2.183377712527951,0.06968521602258745,0
20.72887268090595,1.0961230045196801,23.55684270721502,17.72875669924643,5.82808600796859,0.006223439873147325,29,105.28791102463045,4.771657692175732,115.38036946259784,93.01285974314565,22.367509719452187,6.338707882092812,0.19687799180647403,2
7.349612379167795,0.41238587438098967,8.316911761401698,6.4659019995590485,1.8510097618426498,0.00483571533295951,30,79.72535965954275,3.229084012669792,88.58547227952462,69.54261240382672,19.0428598756979,4.485358166324208,0.09218663068271843,1
13.411878237333877,0.5179499558659513,14.874164856173596,11.958682071401872,2.915482784771724,0.006377946522597034,35,79.9738050304271,2.8734750703246705,86.87473909566008,72.69353665897563,14.181202436684444,4.18579702881223,0.16770338818476577,1
29.81807221927434,0.38368867053407174,30.0,28.322621106137305,1.677378893862695,-0.00024726098454331424,7,105.09587247342853,3.946411314643417,116.8328174768428,96.87316508808095,19.959652388761853,5.734909493945092,0.28372257857310895,2
5.729700407999966,0.4231210602289496,7.262604106809612,5.106769659702136,2.155834447107476,0.0018542948329531306,29,62.32075573815475,2.436753000386221,68.40872986520736,56.35098238849854,12.057747476708826,2.1796984797338705,0.0919388773161681,0
7.193167215551241,1.178372269717811,12.49396217733367,5.453737057238936,7.040225120094734,0.004273536666547215,28,80.50831488249925,2.5480751380986093,86.4920132076198,71.4708891526401,15.021124054979708,3.5947702668058743,0.08934688468765845,1
29.706848520486492,0.5193375354372233,30.0,27.67266295547961,2.327337044520391,-0.001076658653467956,15,105.24683449193459,4.157570680082963,117.18644761786192,96.04154330230585,21.14490431555606,6.1351645432400606,0.2822588287964537,2
15.127584860082596,0.7719745886381592,17.67992593208132,13.503387654808053,4.176538277273268,0.003851956873118701,33,79.77307805124079,2.6337341729772676,87.52490957724471,72.83441620661095,14.69049337063376,3.334872776784668,0.1896327061710338,1
27.779933961486336,1.3000936766887765,30.0,24.627505415505887,5.372494584494113,-0.003364334780205466,28,105.37903783418032,4.531174530714229,113.89482117346734,93.78829634609141,20.10652482737592,6.7605815421745215,0.26361916249017586,2
11.913410433789613,0.5373120671737127,13.378856509487887,10.6903074635318,2.688549045956087,-0.002209141818990014,30,79.95056184625442,2.9615533205876856,88.29202366660202,73.13577539936925,15.156248267232769,3.9844009471305935,0.14900971312358613,1
29.983529251054456,0.10096279959263961,30.0,29.075367369261738,0.9246326307382624,0.0001931478024205072,0,104.93878940853789,3.7260986466117387,115.45546172369268,96.63059006632965,18.824871657363033,5.333634490302999,0.2857239838035619,2
12.16402782385836,0.9493598247911311,15.103747092582491,10.795722807588094,4.3080242849943975,-0.005641032936926796,33,80.18563037598602,3.030096780109477,88.52228732196824,73.68717410136689,14.835113220601343,4.050393404801638,0.15169834813449184,1
29.935689969549358,0.19722940574971298,30.0,28.964240552900463,1.0357594470995366,-0.0004582140725975596,2,104.95685743029456,4.180042238640141,115.53404204622805,93.82290915983238,21.711132886395674,6.167256362826332,0.28521899776021475,2
7.567155444753642,0.5976660074784845,9.338925976722656,5.912539341142732,3.4263866355799246,0.0010356895207177797,30,80.56179886884291,3.25327397990128,89.78609054990176,73.70404329123292,16.082047258668837,4.240856578601837,0.09392982104512566,1
4.191116450524909,0.19569305072134593,4.746938189263971,3.72773229205814,1.0192058972058309,-6.919190354223405e-07,33,61.72147999264731,2.775301480413769,68.59671155815398,55.93045490856144,12.666256649592547,2.5637399556960285,0.06790369224977255,0
11.989814229651076,0.5048243971752218,13.378856509487887,10.896784825653477,2.482071683834411,0.003238020495407903,30,80.3348153003944,2.996783296316629,88.29202366660202,73.13577539936925,15.156248267232769,4.2083944503108,0.14924804439482128,1
8.580378663650484,1.1889075294656857,14.063280412031194,6.689925417415771,7.373354994615423,-0.017615174191068516,30,79.99911906232343,2.9715988348997917,88.1545642478124,73.02651043190721,15.12805381590519,3.7928551534175727,0.10725591302711739,1
15.474326247879741,0.48167233251157765,16.975261340323044,13.964445417217503,3.0108159231055414,-0.0029137061791105275,34,79.4688522486522,3.005829396812007,89.70556290661578,71.22686599010649,18.478696916509293,3.677007327486714,0.1947219019187519,1
30.0,0.0,30.0,30.0,0.0,1.3526773354174875e-16,0,104.55639472530449,3.8566277517419696,112.45275846008971,94.59418037249246,17.85857808759725,5.433546188248307,0.2869264935147289,2
21.80373391382135,1.3793969901371843,26.562047198435756,18.3229801643247,8.239067034111056,0.01370481524938755,33,105.40338048093386,5.047772709899609,122.02212947816898,90.3239412883037,31.698188189865277,7.019065308457705,0.20685990911748284,2
11.525855584498638,0.7493632996054556,13.819136187072388,9.517804287553245,4.301331899519143,0.006590253214505497,31,80.16119501072995,2.899441126754461,87.64890078672433,73.98841693788977,13.66048384883456,3.6922002055452636,0.14378347826741317,1
7.136987174695488,0.7478069516579904,9.685715964170623,5.6787869148068175,4.006929049363805,-0.008584402200335121,33,80.26960522927047,3.0671201093610825,86.77096512652645,72.33325745332637,14.43770767320008,4.248128252462403,0.08891269697163373,1
16.07045247432655,0.5207735641315495,17.513051231755515,14.939138108726159,2.5739131230293566,0.004945254088070149,34,80.55377781923066,3.000405216852337,87.44170249332208,73.02875762594576,14.412944867376325,4.333526473978128,0.1994996722672685,1
3.909146196901159,0.26769548773032026,4.671314884753255,3.2528607266035836,1.4184541581496717,0.005905030938453555,32,62.1508206443389,2.598837818128119,67.22118455189117,55.60003041760688,11.62115413428429,2.399560456832227,0.06289773961913872,0
3.2907222718537246,0.3341103973119643,4.612778142212247,2.771385199679472,1.8413929425327749,0.0034650755761511907,30,61.293712824257426,2.545312388038055,69.04943897583532,54.82451746764875,14.224921508186569,2.235373148957248,0.053687761216247236,0
12.245230381314771,0.6285704591555955,14.250442798934328,10.691226418966352,3.5592163799679764,-0.003640044260994469,34,79.58222893421184,3.078198571882185,89.3163210688702,69.40708537188505,19.90923569698515,4.357741417196123,0.15386890253562288,1
15.600148589057103,0.9995803772779926,19.444079753791517,13.893577219362461,5.5505025344290555,0.0070189306458559916,30,79.87331468959582,2.7876979241118707,87.6375779157921,74.01228733172123,13.625290584070868,3.358702097487582,0.1953111430816582,1
25.75042045035783,1.5918028029001734,30.0,22.20981565509513,7.790184344904869,-0.013234670472673057,32,104.52541183845365,4.486202472773044,113.84425137742244,93.50846379791233,20.33578757951011,6.792893334206847,0.24635559670216925,2
29.997998844454415,0.01991124627555907,30.0,29.79988444544124,0.20011555455876007,-0.00010206913973875833,0,105.23937628507478,4.4952720844845,114.48118378043267,90.7035802996103,23.77760348082238,6.669254288037166,0.2850453852762276,2
12.145239663986699,0.8055636788567057,15.103747092582491,10.795722807588094,4.3080242849943975,-0.006814616999305168,35,79.9431946886634,2.8751336538203702,86.01446621439533,74.11984205784397,11.894624156551359,3.7467913662926806,0.15192336957964508,1
20.207829580336835,1.9325005456686184,27.43662593858947,16.944602183672067,10.492023754917401,0.030803541354812815,31,104.78061779848595,4.577710905855354,119.73292467561832,93.60432972585143,26.128594949766892,6.660839737742676,0.19285846764467507,2
12.846344614520865,0.511412657516562,14.20832543132247,11.336406298948146,2.871919132374323,-0.0039312824358494446,36,79.95539831089356,3.1781401739634894,87.899413524088,73.44022608537207,14.45918743871593,4.896690924208933,0.16066888196718204,1
25.808885120657543,1.2268598433371947,28.64721255291186,22.718248491209106,5.928964061702754,-0.00933195808776747,35,105.26555806539504,4.140989521602307,117.01698719066363,96.04869461345262,20.968292577211002,5.3011993781345215,0.24517881584254983,2
5.697480647736203,0.3764487988959582,7.1072042824947514,5.10982218481923,1.9973820976755219,0.00817881621869358,31,62.289855716664945,2.649718895516487,67.74395621145324,56.036261868436306,11.707694343016932,2.254313977605812,0.09146722994808089,0
7.105366712240716,0.6646532195159871,8.943180015351425,4.916818785639139,4.026361229712286,-0.0015086135649651081,29,79.486422826619,2.8168863015685948,86.17885218547214,72.46247683218037,13.716375353291767,3.97831089603912,0.08939094716022711,1
13.826852898930758,1.634581178564151,19.103917565133376,10.64332884493684,8.460588720196535,-0.010189555020318434,33,104.88865616389354,4.305011771104655,114.28944833800395,94.51841546591794,19.77103287208601,5.512841678420876,0.13182410064918307,2
3.629294870713431,0.4986576870386495,5.768906709930365,3.031735333275041,2.7371713766553234,0.004036229101395525,31,62.52718494028939,2.1708275559937587,68.2015081353927,56.897770931968395,11.303737203424305,2.0672622071553413,0.058043470470256604,0
20.28227751702544,2.218094959189371,27.43662593858947,16.182700178924907,11.253925759664561,-0.028972423407332235,27,104.17297038082448,4.565573695680795,119.24355608053429,89.6249516092967,29.61860447123759,6.295406957431832,0.19469808001232533,2
5.951286510411414,0.324452713313805,6.764377930781235,5.34272933790122,1.4216485928800147,0.002055895933696998,32,61.74398551373779,2.5498650075941556,67.887885042871,55.96965212096848,11.918232921902522,2.5488943811458036,0.09638649602074652,0
3.068967126178576,0.21599538366002513,3.5122738033213023,2.4926588473321716,1.0196149559891308,-0.0035042309433611887,30,61.494929628000094,2.5078660436265516,67.64412090196055,54.719447585869304,12.924673316091244,2.3629872765471984,0.04990601818454939,0
11.4462499878405,0.7828432472692592,14.377466161273476,10.062991549231494,4.314474612041982,-0.004211336842075776,24,79.74087211217541,3.0133940253047604,87.514260865057,72.90334100905203,14.61091985600497,4.091861779212515,0.14354307322091267,1
17.58869230462242,1.6849577305381984,24.254841773841626,13.612022469917477,10.64281930392415,0.017922019252611814,30,104.4476490361309,4.706621672890463,117.41292399108835,90.91870338383079,26.49422060725756,6.788149778171575,0.16839720471009237,2
3.5277877494867136,0.3872544587260795,4.80480197625094,2.7794045307128843,2.0253974455380557,-0.007586442500431944,31,61.943701149675455,2.3770763104534667,66.39890395429148,56.43270372670394,9.966200227587542,2.115607700817392,0.056951516087341204,0
2.9005393298226254,0.33280653909645963,4.236706257014514,2.217778806904969,2.0189274501095453,0.00879455088302357,33,61.42086321209565,2.375229089568187,67.86534162454511,55.17175088152479,12.693590743020323,2.4038498258450876,0.04722400713553328,0
15.099260749771549,0.8731399086845459,18.25185644524706,13.806723875751562,4.445132569495499,-0.012071627588499969,30,79.78438161308664,2.8403027019063005,85.91793781302766,71.96794124668682,13.949996566340843,3.8550662453084468,0.18925083149411864,1
11.462291101989335,0.5133920550559283,12.583075883100685,9.92777965022487,2.6552962328758145,-0.004145377478843772,32,79.6877085053842,3.0470388675355395,84.96440033604839,71.38916517353643,13.575235162511959,3.8720009523145893,0.14384013762140913,1
30.0,0.0,30.0,30.0,0.0,1.3526773354174875e-16,0,105.17435935725592,4.550460887339474,118.21753331005354,94.31496003767691,23.902573272376628,6.407130284737015,0.2852406223160863,2
18.658278411865865,1.4619109478854408,22.626948092788236,15.51018623490397,7.116761857884267,-0.0201663091520903,32,104.90127074805055,3.9692569526871377,113.04504227966251,92.13598111719942,20.90906116246309,5.5778888871631205,0.17786513071718413,2
16.12765139793789,2.330663764412606,24.971864739715766,12.210376232689713,12.761488507026053,-0.01610748154028329,25,105.80614658406319,3.928596859272221,119.70474855417443,96.68154989411568,23.023198660058753,6.035639335399615,0.15242641156672337,2
13.807457164353485,0.6158230183468225,15.502840370007101,12.616464968170215,2.8863754018368866,0.002333955130596671,31,80.30001536097778,2.6582072960559224,87.96048103965495,73.87878078750369,14.081700252151265,3.537451750569261,0.17194837299016158,1
15.329781860569282,3.13952860387271,28.63819375960055,11.534130851565264,17.10406290803529,1.0636666084926515e-05,28,105.09436250396031,4.048101081337788,112.06327755417226,95.21089361918487,16.852383934987387,5.884678846209681,0.14586683195423325,2
15.735780088983601,0.6024575720966617,17.70609741754404,14.642444651446999,3.063652766097041,-0.009770806084641585,31,80.23693543115998,3.1574318357778584,87.38784201654977,72.14254975949423,15.245292257055539,3.9246650725557086,0.19611641207767522,1
20.689947679207194,2.4723837607255894,29.305662855555344,17.065779843706846,12.239883011848498,0.002247697075979742,26,104.8007011945278,4.199239334433966,116.26738645703269,96.07521641718911,20.192170039843575,5.521298082297435,0.19742184208654592,2
22.03411570661085,1.26713120693557,25.765353788800486,19.07047391388287,6.694879874917614,-0.004344566728713786,32,104.92584254488888,4.614706949413817,116.59814511443811,94.59097036460238,22.007174749835727,6.388302206787166,0.20999703182928733,2
27.456487282226316,1.6513502672258844,30.0,23.873141662367864,6.126858337632136,0.013951766868605282,24,104.63996064584718,4.261458079565498,119.16178392548623,93.16449119400507,25.997292731481167,6.03056401395492,0.2623900740249934,2
15.724343360783347,0.8933874889053443,18.73509573703053,14.28682262812535,4.44827310890518,-0.00339034941592585,32,80.33287459831632,2.4555406810828977,86.79050655466217,74.02421407581504,12.766292478847134,3.5369212075913166,0.19573982934967799,1
3.6548114035651236,0.3400119734751428,5.011274093757251,2.9239509036054505,2.0873231901518006,-0.0034335835186772314,32,61.88126330223351,2.59901627559547,69.04155843661694,56.49528455423376,12.546273882383176,2.590904097503747,0.05906167956935567,0
5.5494357936496,0.5098172548992467,7.262604106809612,4.705755556979574,2.556848549830038,-0.012237778337853986,32,62.369371632958234,2.619300248085459,68.40872986520736,56.35098238849854,12.057747476708826,2.258434986699912,0.08897693786833247,0
2.9465666855527117,0.35082285204510366,3.9944348168108257,2.117503610009984,1.8769312068008417,-0.007689744077033132,31,62.088838107453604,2.840493569509797,68.49696053008375,56.59850838068807,11.898452149395688,2.6204214292540327,0.04745726813241358,0
15.580874515015232,0.528131804958412,16.975261340323044,13.964445417217503,3.0108159231055414,-0.00535021583009894,35,79.71226838706887,3.1339354078646995,89.70556290661578,71.22686599010649,18.478696916509293,3.880931881739284,0.1954639434408425,1
21.55842789210633,1.8178203726947373,26.88787569891792,17.019288707439838,9.868586991478082,0.002955265542679601,30,104.96398612972058,4.582631211678185,114.3857618963411,94.2051292112445,20.180632685096597,6.530154153351819,0.2053888050714306,2
26.803927488133983,1.008500532683063,28.994231557034947,24.32704215863528,4.6671893983996675,0.0014644549609588943,32,104.3138043959075,3.8728677195030246,113.95618518670413,94.929691462129,19.026493724575133,5.070319250702394,0.25695474713441496,2
30.0,0.0,30.0,30.0,0.0,1.3526773354174875e-16,0,104.46615317422895,4.2776974678962185,115.29290257563045,93.44543042260844,21.84747215302201,5.407441607283715,0.28717435074680664,2
4.700563086992499,0.36592881923945153,6.169971952397169,4.084931942105463,2.0850400102917055,-0.007601759166398953,31,62.005900361689754,2.2485165829049913,66.25229640982488,55.43522176052849,10.817074649296387,2.0161310413920366,0.07580831797885507,0
19.34013230484399,1.9223249962109512,27.2529970059118,16.575679023844383,10.677317982067418,0.03177150285721669,36,105.5170335655463,4.281057436116805,114.830389742023,94.10021204001362,20.730177702009385,6.133956091988386,0.18328919481555428,2
11.73148073132161,0.5230216731271835,13.199017056342937,10.567805290109373,2.631211766233564,0.003481702018148881,30,80.1371065528957,3.037398206655132,86.55442212798722,72.33766987815702,14.216752249830208,4.31488624827183,0.14639261497650224,1
16.110494897845083,1.324415931855967,19.957918705621537,13.382201846498127,6.5757168591234105,0.00822787907800661,34,105.30321065404502,4.4121637397004205,120.77055838562204,96.81735466293478,23.953203722687263,5.8544303904827455,0.15299148662980241,2
11.272862739971618,0.6903818445725082,13.59401470929337,9.995847704484252,3.5981670048091186,-0.009317130267772014,30,80.36740662914588,2.6087629604866436,85.78296848788264,75.0347441438684,10.748224344014247,3.8433385763891215,0.14026659652865828,1
30.0,0.0,30.0,30.0,0.0,1.3526773354174875e-16,0,104.99984779388926,4.758747461987987,118.10614105239644,94.07800858227647,24.02813247011997,7.120383775327553,0.2857146971600775,2
11.246495600427881,0.5282840345197815,12.931874943333021,9.770856540132133,3.161018403200888,-0.004392036950793121,35,80.06911435691913,2.5971547667640054,87.09095621512489,72.16630182522762,14.92465438989727,3.3845874119864354,0.14045984585061388,1
8.217460247788916,0.8362848298462996,11.573157826924366,6.694825830355077,4.878331996569289,0.002171838467962372,32,80.11684160371168,2.8014308223401754,87.84831706986645,70.67690508914913,17.171411980717323,4.014592687877319,0.10256844854003538,1
24.00030957338673,1.1777279031526433,27.298820832039066,21.17663563824349,6.122185193795577,-0.011385677828301143,33,105.42167697232843,4.071332776005307,114.32815440239993,93.93948696474381,20.388667437656125,5.437992846545828,0.22766009833088072,2
24.78095118193811,2.2339517428657794,30.0,20.71853014611376,9.28146985388624,0.027107685187004425,29,105.31432717437468,4.396273024571536,118.06344676223979,94.37986193063756,23.683584831602232,6.310932017864233,0.23530465048314164,2
15.248567499512312,1.3584803463347643,19.63339103653695,11.67861814210946,7.954772894427489,-0.008539351848479192,36,104.37745206072992,4.417089378565711,116.9501385238457,94.94077122182622,22.00936730201947,6.475282946467431,0.14609062639840656,2
18.684153783483872,1.409010687663823,24.058907703666943,14.971604264293976,9.087303439372967,-0.004017010802260176,37,104.93499523910174,4.126990351549577,116.20905447880052,94.10021204001362,22.10884243878691,6.130670627295969,0.17805455237174372,2
21.400401270754724,1.8860641975489312,27.26843556305815,16.684337801611935,10.584097761446216,-0.00819078638529499,32,104.76239528364847,4.272178675558325,114.3857618963411,94.41885829987281,19.966903596468285,5.743531687117891,0.20427559916453478,2
4.069693276420486,0.2647775115903788,5.031645416350342,3.4389830318949675,1.5926623844553744,-0.0014498051551414554,29,61.587171294915706,2.576648565236388,67.91341980912837,56.747153295216975,11.166266513911395,2.1974152153546043,0.06608020996535438,0
5.551324236513076,0.3096360841184643,6.362856806869254,4.644583615028318,1.718273191840936,0.008085262448442154,30,61.53475691281164,2.5237626669263444,66.76570541876686,55.92900618608405,10.836699232682804,2.29278397986043,0.09021444830218925,0
15.53883093763709,0.4096103436437608,16.847708682053636,14.591802843350507,2.2559058387031286,0.0031428216217398246,34,80.43492457356734,2.5633984458568593,86.53380276824444,74.32958445385611,12.204218314388328,3.3988979463628595,0.19318512234371343,1
17.545863714514017,1.1748566849118458,20.688484557796112,14.612812649319054,6.075671908477059,-0.0013840813997393563,33,105.33076512240618,4.44561926286574,117.65876983068618,94.0724600464824,23.586309784203777,5.912785148883536,0.16657871541657404,2
15.818549509162965,0.8645868489177673,19.31867004799888,13.964445417217503,5.354224630781376,-0.013988466356366183,35,79.67371734616658,3.214850890760164,89.70556290661578,71.22686599010649,18.478696916509293,4.093564150065581,0.1985416249864791,1
2.8490353488688123,0.26654785730004643,3.5122738033213023,2.1618234421110962,1.3504503612102061,0.005905282523567467,33,61.49765350804146,2.4772577804032045,68.18666399847379,56.213921505329864,11.972742493143926,2.5077316515145744,0.046327544874028834,0
9.256171383049637,0.47863454304438596,10.471723831501407,8.387232501296825,2.0844913302045818,-0.006443294467299077,37,79.68834589160137,2.848696902597291,87.15121860394643,71.88074015814388,15.270478445802553,4.204692206637545,0.11615464172748671,1
22.888034925958323,1.6332497630912286,27.918115199821475,19.558909722190805,8.35920547763067,-0.014677224517453324,32,104.73771202666124,4.196662925888446,114.74737860141784,95.74124867851398,19.006129922903853,6.02529899466805,0.2185271595545734,2
5.4649944492733935,0.2806197881253479,6.16228589062105,4.874409191717876,1.2878766989031734,-0.007515784031398319,32,61.44823076698566,2.8171644584173645,67.98967182812427,55.985884697583195,12.003787130541077,2.339110880751136,0.08893656159215269,0
5.63463207084351,0.26498053653293907,6.3373638415321825,5.104629733981615,1.2327341075505673,0.004924349809339125,31,62.317727839289354,2.5972965309717044,68.41343051234996,56.41543065629988,11.997999856050079,2.303012910298416,0.09041780205717402,0
29.99371576990301,0.03897176860642806,30.0,29.683566075084634,0.3164339249153656,0.00015898345611250363,0,104.51265841447315,5.157499976664899,115.61448160163886,89.8538989937981,25.76058260784076,7.84160238047281,0.2869864372214933,2
14.881322870486333,0.5898937056514848,17.003462253779652,13.473907099609066,3.529555154170586,7.385803353459953e-05,35,80.218699110518,2.8393843364254825,87.63717699085551,73.0262637141919,14.61091327666361,3.5481957839998928,0.185509399304454,1
25.54756193910914,1.340306059288884,30.0,22.63200131401932,7.36799868598068,-0.0009765015426663401,31,105.0762172064421,4.514683928479593,115.78594038658214,92.7736910803048,23.01224930627734,6.288418660927765,0.24313362600199528,2
11.64510275526151,0.8237564729509569,14.352871280374295,9.888405803459712,4.464465476914583,0.003537544660944852,31,79.90059934531611,2.985433625376569,88.51714361940896,72.21373067770821,16.303412941700742,3.895315030478338,0.14574487181489823,1
15.131327802232182,1.5296363057135098,20.091697123536527,11.360085845335636,8.73161127820089,0.012208878922968439,31,104.21602954100749,3.526367845461353,114.05092305207519,93.83912744340937,20.211795608665824,4.798372762450508,0.14519194142860992,2
13.970538672859185,1.8171333234188944,20.92193387306168,10.283223253499335,10.638710619562344,0.0027698757734426786,31,105.06512128207301,4.100878514315175,118.2423975771906,96.4380830456742,21.804314531516397,6.202307513482161,0.1329702794743993,2
3.1685999149756054,0.27601548287922045,3.736282099271809,2.551591787774564,1.1846903114972451,0.00578875486601528,31,62.143224697129966,2.8605599432471407,68.00937790998546,54.65086662046778,13.35851128951768,2.3644092791945828,0.05098866174759809,0
26.125344890511624,1.1145268081395867,28.791566715924933,23.22844460328102,5.563122112643914,-0.009632640196258443,33,105.09626379136978,4.1311860136668095,112.84879888347947,96.57431562330552,16.27448326017395,5.988402924956305,0.24858490396755725,2
16.032467692749307,2.3583694599222444,24.971864739715766,12.287985943314776,12.68387879640099,0.011005864348276918,28,105.20700050305577,3.9943405663816103,119.70474855417443,93.83912744340937,25.865621110765062,5.74779208344747,0.1523897408318746,2
15.256445645038518,0.669952577218308,17.81371305633457,14.197102630685148,3.616610425649423,0.0014230524452430765,35,80.20056238759838,2.7038730647144726,88.30308055269124,73.44744635159154,14.855634201099704,3.4604057696908157,0.19022865925899046,1
9.211984423158585,0.49999572473504517,10.956667830479141,7.980477489356111,2.97619034112303,0.003777618078340536,31,80.40921749761996,2.9925270777640502,89.43930777083614,74.33653437563494,15.102773395201197,4.284471945636549,0.11456378503953811,1
5.381413160818741,0.29465890688273466,5.971963999070471,4.683462166938533,1.2885018321319386,-0.007659238341472489,31,62.3461756922969,2.5495699060132115,67.69119796721644,56.27178808879407,11.419409878422371,2.218757915716456,0.08631504682922496,0
6.0514748203927375,0.5523841188091712,7.912423046346491,5.2221390108353685,2.690284035511122,0.011568459151949545,29,62.23455972685996,2.4725677064814455,67.74395621145324,56.036261868436306,11.707694343016932,2.5863846660669734,0.09723656357039197,0
13.935745541804792,1.105848153734774,18.461105315196075,12.498557141268389,5.962548173927686,0.0003844387240992163,30,80.51387938212342,3.2275135365190746,88.74376385818691,73.31678331638248,15.426980541804426,4.113012769817485,0.17308500690396436,1
9.944097167251261,0.6641531048994767,12.123330245521704,8.584812546729815,3.538517698791889,0.0056415746947689185,29,79.98136491811744,2.9146330980068695,87.25144665174787,73.01963770125226,14.231808950495605,3.7196360748630184,0.12433017432375104,1
20.498729648450297,1.22580075082769,24.23206096579256,17.827742492111543,6.404318473681016,-0.01153454912473156,34,105.08522632592754,4.088749248527451,116.95188489440392,94.60945658997707,22.342428304426846,5.574537623779688,0.19506766241150506,2
29.93459329104964,0.24987496856078992,30.0,28.36208975947883,1.637910240521169,7.46554799245476e-06,3,104.81632021193107,4.028632673360095,113.24980721934462,93.35534673691807,19.894460482426553,5.407605804016735,0.2855909551578713,2
12.174446977922333,0.567047971386556,13.623314946373315,10.681672691164742,2.9416422552085724,0.00642660165162524,29,79.9831308690002,3.040950140139187,87.27240031143526,69.90151029385129,17.370890017583974,4.106742371481593,0.15221268151717493,1
28.196380319218363,1.0510543724135029,30.0,25.809334878321692,4.1906651216783075,-0.008601378808361228,30,104.89807695067128,4.772896915303154,118.32872539013269,94.43404279954798,23.894682590584708,6.478363295021536,0.26879787380353926,2
24.199324956563743,1.3624589498492765,27.265010723962135,20.894710423534313,6.370300300427822,0.019050176087446486,34,104.83849058364558,4.071021294026897,117.10748730924597,95.74064059014147,21.3668467191045,5.798097477416562,0.23082481053493858,2
5.564092169138926,0.3239592027732022,6.387251638106595,4.751550367860119,1.635701270246476,-0.006148733959097616,29,61.77588297812102,2.417697932201924,68.19930937177955,53.66192059635631,14.537388775423238,2.8248712344287408,0.09006900121590398,0
15.433511980302406,1.5103072537485258,21.20625303408021,13.653877995487813,7.5523750385923965,0.03049931527535347,30,79.92133455050012,3.078791383415498,86.8107865301843,65.414834001949,21.3959525282353,4.29457803291702,0.19310878470681198,1
28.951377926862182,1.1078979983977488,30.0,26.34234335871511,3.657656641284891,0.003432487649539148,18,105.43024144170244,4.53066970590264,116.56709919538277,94.02424957280611,22.542849622576654,6.7796856731393635,0.274602213334289,2
6.487725349215626,0.3774099689412343,7.742794851117893,5.7815615504697195,1.961233300648173,-0.00904522278329088,27,61.75723255125099,2.301978286376372,67.13062834662142,54.21940755024876,12.91122079637266,2.7001151163562485,0.10505207205940667,0
10.7868057620273,1.2592166674718304,15.397410128564385,9.019524630264314,6.377885498300071,-0.007347841453785376,31,80.12780987263432,3.0406437284397736,86.23798948491063,72.60178155757659,13.636207927334041,3.7387515643957,0.13461999828216034,1
13.657662847477932,1.486514066255897,20.035076110669344,11.690688859113191,8.344387251556153,0.019073170058562648,32,79.86317292111954,3.2170158595562515,87.34187631200034,73.19165238297862,14.15022392902172,4.40576120350537,0.1710132740400167,1
6.042763900623839,0.2786430609415153,6.899776750968975,5.547402289415214,1.3523744615537607,-0.0016641006061680617,34,61.876346189572985,2.453469032147664,69.44698377626412,56.25492663100482,13.192057145259298,2.6741908799413237,0.09765870441754404,0
4.273788330806647,0.2423276676857785,4.842031777810278,3.701550519860021,1.140481257950257,-0.003167421931307979,31,62.20171468258576,2.41296605444076,67.41761325775877,56.17829527730737,11.239317980451403,2.597092208044909,0.06870852811545765,0
17.79800322606461,1.422513876524328,22.565358939885254,14.612812649319054,7.9525462905662,0.0158296080476844,33,105.13978878997952,4.109514591096409,117.65876983068618,95.20716163051223,22.45160820017395,5.46815813373517,0.16927942562579548,2
21.50602761131771,2.0569230338156443,29.456435960073318,18.363900469902166,11.092535490171151,0.004432991029839876,30,105.4653552338531,3.74989501324818,114.64247466009152,94.96235904074891,19.680115619342615,5.582268195392917,0.20391556411786466,2
14.585652560747072,1.3109595105849783,20.189282177392446,12.80581265599308,7.383469521399366,-0.007225719289336589,31,80.30233492877896,2.6868759521166097,86.11546853316649,71.98246700210679,14.133001531059705,3.616940427421946,0.1816342251075143,1
3.359832569021528,0.5780854769307764,4.83423459033731,2.5859632191201563,2.248271371217154,0.015067973382808348,28,61.730977000790766,2.344010911899613,67.86590340100445,56.85567493986118,11.010228461143264,2.161460433474333,0.05442701019540771,0
5.7512299044465,0.2544685482423935,6.53458697890985,5.125298855864368,1.4092881230454823,-0.002236644780978878,34,62.32770473060733,2.422312175166897,68.31290166849762,54.32669029668068,13.986211371816935,2.1407932841157975,0.09227405111467529,0
19.708443254013144,2.960853477563166,30.0,15.498088879858932,14.501911120141068,0.027107332927852355,28,104.86541805722818,4.395619006171329,117.65876983068618,93.98267566969058,23.676094160995603,5.922238857652346,0.1879403470772158,2
9.506352393393826,0.6843228425919419,11.381852178085266,8.091871553146442,3.289980624938824,0.0015331972390440851,38,80.36899697898454,2.7924301723374763,86.36531460504668,73.62803122413771,12.737283380908963,3.9372507833922636,0.11828382376845877,1
2.649791340672549,0.5728168010769729,5.104526174573568,1.9211324324384011,3.183393742135167,0.009587053140292805,33,62.16881700815578,2.3287029031082693,67.60055739511662,56.93285278607532,10.667704609041301,2.6191296565442936,0.04262251439821373,0
15.247306006324912,1.4999631627157881,19.217409295173734,12.671933601516173,6.545475693657561,-0.010770791335542262,35,105.47110571514482,4.24590143942251,119.60145460548779,95.82362412447364,23.77783048101415,6.393960249992941,0.14456381924108055,2
12.800616398882617,0.5018920985889268,14.176626781107657,11.680478177143122,2.496148603964535,-0.004888194131897078,31,79.63858236880299,2.6552392301561833,85.73454797264475,72.68937511783506,13.045172854809692,3.481256922923408,0.16073385358455577,1
12.847850799882094,1.0590463771036922,16.503820426537505,11.330786718071126,5.173033708466379,-0.003525614387176082,29,80.51222911727842,2.53614588183871,86.37517391795862,75.38351754673545,10.991656371223172,3.382508316293396,0.15957638710500538,1
4.867934837702729,0.27856262764020917,5.471617733310619,4.215775721105125,1.2558420122054939,0.005509410357801379,28,61.55787618325027,2.304767369487495,68.1506011764691,57.53157228038385,10.619028896085247,2.332704524858948,0.07907899135656486,0
13.944884146635118,1.3098491008496373,16.785300213094462,10.990436765846981,5.794863447247481,0.010835523975168359,31,105.62904976425487,4.031378066371108,114.30038074317875,96.78455342611036,17.515827317068386,5.641076802043306,0.13201750887412217,2
6.594817119697214,0.4843331896067483,8.218072496720403,5.603099245362525,2.6149732513578776,0.010667333410049523,35,61.67986614968584,2.2087523345444677,68.33586502166322,56.71207182434862,11.623793197314605,2.0296994859356814,0.1069200928026124,0
7.884479033996285,0.5424644373938066,9.32365290500667,6.763625968843943,2.5600269361627266,-0.002491821767147004,32,79.86271151822791,2.862411028206345,85.46011703929982,71.06429071526976,14.395826324030054,3.7543971338452944,0.09872540996146013,1
13.801215620210353,0.8862085742867919,16.65596113688204,11.862854281377714,4.793106855504327,0.00243342271299911,28,80.15803893722327,2.9858559680477317,87.57298963354702,73.56700233589206,14.005987297654968,3.5961661993775165,0.17217506354969436,1
7.22638176212787,1.1576252047362336,12.49396217733367,5.59495220667012,6.899009970663549,-0.012110239740524645,29,80.4043703270082,2.642107932045697,85.87229746241611,71.4708891526401,14.401408309776016,3.5187923882032033,0.08987548366913847,1
2.6527705323635082,0.28148685351696573,3.400986000296899,1.9914126240123131,1.409573376284586,-0.00697217399725663,34,61.860319180908334,2.7551900071000204,67.84098178719918,54.86259452621534,12.978387260983844,2.570141593818227,0.042883233138877624,0
14.387699594073629,0.6281464961214237,16.464309220836153,13.174262884488375,3.2900463363477783,0.0020459281390875395,36,79.86391332768343,3.0238271276678104,86.64770873390621,73.03328010210448,13.61442863180173,4.384660303396893,0.18015269743780118,1
28.072343160836372,1.06456715773401,30.0,25.092294760752726,4.907705239247274,0.006328370753572419,28,104.73159681382414,4.632977405425965,116.71801700681561,89.57775651543105,27.140260491384566,6.307863058085857,0.26804081811812996,2
10.374026950808133,0.8684995322570196,13.492223140900787,8.840582091214891,4.651641049685896,-0.0036215565613019764,33,79.40916521569643,3.041459944352073,88.83339117003501,71.64790715202442,17.185484018010598,4.626560305972729,0.1306401697082364,1
3.020314792667382,0.38217069677238813,4.383771214380917,2.299926713902784,2.0838445004781327,-0.005750396348280247,31,61.69699651491399,2.142646320062582,67.36895725032335,57.50724842454191,9.861708825781434,2.027565134841285,0.04895399961622578,0
14.433521414258879,0.8119269194656251,18.237358461361122,12.903245599175406,5.334112862185716,-0.014103888298322953,30,80.3394551918693,2.6979041671421498,87.25550644797221,73.26671128710679,13.988795160865422,3.8091191730019656,0.17965669794662628,1
19.855886581992138,2.870588095939364,30.0,15.210035608648756,14.789964391351244,-0.016200769204679742,26,104.8295671029408,4.031170616698474,114.67636237586716,93.98267566969058,20.693686706176578,5.572327819909145,0.18941112647238997,2
28.36625894064244,1.2878138943401698,30.0,24.678488135390722,5.321511864609278,-0.004579864179841749,25,105.61692899609562,4.703275069025929,115.91259154766885,93.6797197649386,22.232871782730257,6.327610828954023,0.2685768175773625,2
16.311952224713963,0.7320242476329041,18.592987441484535,14.764826596645175,3.82816084483936,0.003981596065184836,31,79.92615440892348,3.192436213705869,92.63081317055101,73.29557779843046,19.33523537212055,3.9963215323684333,0.2040877875491155,1
21.38216925339087,2.3079892645001334,30.0,17.813056402853935,12.186943597146065,-0.029129598333671694,30,105.34958663165466,4.259416095597599,117.31811598163361,95.8159969770357,21.502119004597915,5.723737194774643,0.20296395775322537,2
15.676351439744572,0.8063806113349914,18.73509573703053,14.28682262812535,4.44827310890518,-0.004210930334103616,31,80.12626287707695,2.5358366726192143,86.79050655466217,72.2780461134351,14.512460441227077,3.361737785893171,0.19564560583773039,1
5.342161993160736,0.40696296523381026,6.647654015274356,4.522407948717004,2.1252460665573523,0.0023733392363532876,27,61.75900333681538,2.741117010177,68.29102914605069,55.69416234235328,12.59686680369741,2.3811537925415913,0.08650013144684394,0
7.721012979860836,0.6160019469917998,9.462821205431204,5.9664851828120735,3.496336022619131,-0.011489686484314008,30,80.3630298170378,2.787534402303932,86.04032163092155,73.92470007736662,12.11562155355493,3.3326378229761993,0.09607667731496136,1
2.900572581450141,0.5100150036084309,5.104526174573568,1.9211324324384011,3.183393742135167,0.002017339639619568,29,62.379293197571,2.1243697015324576,67.81783172024566,56.93285278607532,10.884978934170341,2.2265262079541457,0.04649896442020158,0
4.432544253337897,0.23515408581811892,5.231630803103963,3.9345248310424026,1.2971059720615603,-0.00517157374584289,34,61.489739700785485,2.377885138916074,66.52401626223515,55.89828237725487,10.625733884980278,2.428772267988525,0.07208591551730636,0
22.9918615810604,2.3925973733808332,29.681822008080392,19.16290052237104,10.518921485709352,0.05193090093542627,33,105.046420729653,4.318845250458714,118.2273560201978,93.42971921409153,24.79763680610627,5.797969554803059,0.21887334382728577,2
30.0,0.0,30.0,30.0,0.0,1.3526773354174875e-16,0,105.00368819898034,4.256325326557237,116.44307720591016,96.01176917787843,20.431308028031722,6.002362065224832,0.2857042474303019,2
4.476203264547226,0.30016526390949877,5.191150116693144,3.746525413483581,1.4446247032095636,-0.007413338821285235,34,61.822596837081655,2.546410252710847,67.8209606136103,55.32225862490941,12.498701988700887,2.374284841106822,0.07240399823286568,0
8.994567456448202,0.8096852746311152,12.02871413822856,7.496031849124357,4.532682289104203,0.00869339764847117,31,80.2465134719363,2.701660050406462,86.0228928129994,73.71397479246801,12.308918020531394,3.464804245411628,0.11208670576706195,1
9.308958473185571,0.5151853562046977,10.693746933880691,8.202884044089288,2.490862889791403,-0.001583330319709185,38,79.83538108724174,3.067988148359519,85.99124259908638,71.56464000882663,14.426602590259748,4.696502483669645,0.11660191546416121,1
22.924450227150377,2.0880108582618226,30.0,19.35322181131301,10.64677818868699,0.01844762057094338,31,104.12572771885216,4.647603934669167,113.80307026760184,92.91800760563173,20.88506266197011,6.245486905789841,0.22016124649699437,2
9.9731245854291,0.5437801069282707,11.087257744647028,8.844606245668949,2.242651498978079,-0.00867025238594743,35,79.60747051963493,3.3156744846714292,88.83339117003501,71.64790715202442,17.185484018010598,4.957632362232923,0.1252787507887279,1
9.358745233644628,0.9979935008243608,13.398036484806896,7.700270405772473,5.697766079034423,-0.006441204084020174,31,80.47173205207783,2.704705176557869,85.69420037742317,74.1510772162654,11.543123161157766,4.054188824637973,0.11629854209288687,1
3.5162213159488647,0.3418141150550902,4.5716428560989515,2.7853341580432427,1.7863086980557088,-0.00013820250367333996,36,62.36059835788322,2.648538475688207,67.98571655980061,56.63336994806537,11.352346611735236,2.3673005099852777,0.056385303415214326,0
4.9153370190234495,0.2319745327305658,5.421016569413109,4.276183481518597,1.1448330878945123,-0.0039457742922044455,27,61.47335908847285,2.4870994939063755,66.13829398943147,56.27421193177407,9.864082057657406,2.3855246754515074,0.07995881487443122,0
4.776540606034403,0.1689596646266897,5.304291473955178,4.4563296586611045,0.8479618152940738,-0.00023916302719301948,31,62.35899073958365,2.37573214907341,67.49667236352155,56.1579525571743,11.338719806347257,2.439508545127801,0.07659746369828484,0
23.680020021393,1.1851163716884443,27.83967224054878,21.477005755293284,6.362666485255495,0.00567263963403169,35,104.76712556158033,4.313049619216058,114.99210188026477,92.81196770634666,22.180134173918105,5.931310219577345,0.2260252886431345,2
9.389345648472066,1.1870745091683192,12.502774646790908,7.281433462110321,5.221341184680586,-0.022810806932943965,29,79.82598356542972,3.1022866526651702,87.03662276216407,72.42213460567424,14.614488156489827,3.997777405071006,0.11762267261202457,1
7.518343492117667,0.4930965820370488,8.813919093964952,6.247219089570581,2.566700004394371,0.007540508089730969,33,80.27204974946794,3.3918138316731934,88.03790131974839,70.7636907799123,17.27421053983609,4.244018026086811,0.09366078755833332,1
5.601183514526634,0.21457939243065877,6.0449800534343545,4.999473355175694,1.0455066982586603,0.0006914584658549841,32,62.212001794773684,2.2413009340102152,66.93371705142027,55.471542687970526,11.462174363449748,2.3971310599336406,0.09003380799367514,0
5.437401909493539,0.4160157938593376,7.10865076125698,4.763528109160843,2.345122652096137,0.0033142796190518205,33,61.55159324098567,2.372039355329177,68.35675059277423,56.39590635498244,11.96084423779179,2.462660442494821,0.08833892893505119,0
28.931049481357164,1.0222301601388606,30.0,26.34234335871511,3.657656641284891,-0.011127261350133125,26,105.17837900649032,3.9040378065095633,113.65782523788577,96.53842737818617,17.119397859699603,5.369369619144583,0.2750665058690949,2
13.867764243514907,0.5714493978603874,16.186128557505516,12.678558098226667,3.507570459278849,-0.004549035557836423,36,80.13904687328596,3.0325824567508013,86.45985413179605,71.80045136096035,14.659402770835698,4.087898896078961,0.17304628157602148,1
3.0328862404745056,0.44681421342756306,4.049366825795902,2.3135013177534147,1.7358655080424872,0.011459479455492506,30,62.42037385400745,2.5295215218728626,68.82201166644421,56.57785137503747,12.244160291406743,2.277172265727873,0.048588081176506925,0
5.404958956270615,0.6060117909010502,7.899962750813651,4.620566668433206,3.279396082380445,-0.012088543060860709,31,61.691985657102876,2.2630132332495645,66.68736330823485,56.373643811036594,10.313719497198257,2.445858754100095,0.08761201007048973,0
8.128527188672857,0.521368278918247,9.648423678853959,7.127772169905851,2.5206515089481076,0.0019015365516425189,31,79.80942920635007,3.0440254537240157,89.01808723963498,72.18631078496855,16.831776454666425,4.305128587319581,0.10184920713825754,1
18.66199034218243,1.541485116641855,22.626948092788236,15.491715910807729,7.135232181980507,-0.022571978335873454,32,104.6132468063692,4.069808258840488,113.04504227966251,92.13598111719942,20.90906116246309,5.743419580878005,0.17839031607855527,2
4.98060275026811,0.28267337338442977,5.581896799284486,4.34809323534897,1.233803563935516,-0.006240759229553961,29,62.159320138950314,2.6337967575146033,68.74121158329793,55.23544221005212,13.505769373245805,2.5166418489270086,0.08012640194596916,0
9.445444871076438,0.9591791787508143,13.398036484806896,7.817868893149623,5.580167591657273,0.0015082265746846906,32,80.2525108726897,3.0623811476436247,85.69420037742317,71.56464000882663,14.129560368596543,4.553819238672571,0.11769656364227482,1
10.158067924086788,0.7119665526662478,12.123330245521704,8.584812546729815,3.538517698791889,0.010126702191269954,27,80.01429181859511,2.8908150569212143,87.25144665174787,73.01963770125226,14.231808950495605,3.737146197611709,0.12695316756865818,1
28.51349884110123,1.2728409886614254,30.0,24.85065878549314,5.149341214506862,-0.013330987064714141,28,105.04801623380102,3.797086908099094,112.91742630863006,96.18180677417102,16.735619534459033,5.371859482508932,0.2714330036105291,2
28.73706428969608,1.1952220268768483,30.0,25.44133961896639,4.5586603810336115,-0.0017124474143137857,24,105.19889631640557,4.2428810527856,113.75296383034573,95.63854067199506,18.114423158350675,6.099378885970635,0.27316887365524306,2
14.298189430229366,0.4841038032056424,15.21785018468362,12.86211134064971,2.35573884403391,0.0022272559184517075,30,79.52304724741,2.7114194729816714,86.47841030016224,72.95669044279238,13.52171985736986,3.58561303416251,0.17979931284506623,1
6.542730942699678,0.23274462579012462,7.21920295385943,6.125005939266024,1.094197014593406,0.00037132736268617094,33,61.61027197824417,2.6627584385285976,68.1501258123816,54.291765753341764,13.858360059039839,1.960973808159354,0.10619545453093591,0
29.998058341074717,0.019319262378041883,30.0,29.805834107471533,0.19416589252846705,8.738338997681012e-05,0,104.81006739496087,4.740735427428849,116.51533246452206,93.4783942058747,23.036938258647368,6.67877453057872,0.2862135174650548,2
8.690311149421857,0.5537381837412096,9.961770706503847,7.358744969655355,2.603025736848492,0.0010532739219676923,34,79.79566581851276,3.1803959005885454,86.63254488268296,72.42807714826726,14.2044677344157,4.326294456280405,0.10890705593308843,1
6.077321653857697,0.2907371516660725,6.899776750968975,5.547402289415214,1.3523744615537607,-0.0037028735537454113,30,62.35589413538562,2.3558311235949088,69.44698377626412,56.25492663100482,13.192057145259298,2.58384978945815,0.09746186211684979,0
26.89554477303877,1.2855899299719296,30.0,23.2329191122315,6.7670808877685005,0.0012808687359777374,33,104.82075888626518,4.498545099640787,116.7264502188275,95.24279386482937,21.48365635399813,6.580849550140628,0.25658605034175996,2
9.35950180292225,0.7574105099382378,12.248577013191873,7.873159606963791,4.375417406228083,0.0070143283892481955,28,80.1075605240272,3.1233222522454036,88.70022596028053,71.96161045269062,16.738615507589913,4.3326387252577145,0.1168366833899318,1
23.763292130777312,1.6312162164284956,28.396541669052745,19.840251202419495,8.55629046663325,0.01929495612214778,33,105.37496186374979,4.488645249343462,118.5399063901486,97.52917814849977,21.010728241648835,6.487425975513174,0.22551174856880696,2
30.0,0.0,30.0,30.0,0.0,1.3526773354174875e-16,0,104.78429519802455,4.491756005177392,118.10614105239644,94.07800858227647,24.02813247011997,6.641138828880698,0.28630244309991915,2
16.45646034402723,1.8411412851328466,22.488421848937016,13.13514336722258,9.353278481714435,-0.00576154071245443,30,105.06271197181597,4.173389248553979,114.3057065521412,95.60599108240758,18.69971546973362,5.682821428273346,0.15663464114468306,2
22.789607572049167,1.6094326795367688,27.918115199821475,19.360333971394514,8.557781228426961,0.00996460407746226,31,104.61607040919301,3.9995293873641247,116.07630513498877,95.74124867851398,20.33505645647479,5.5895736394210935,0.21784040697638507,2
14.64822582148371,1.4425741286804108,18.364922835081906,10.652745438546013,7.712177396535893,-0.003340783454038274,36,106.24361125485869,4.057185142518213,115.82658128927625,96.32995111381648,19.49663017545977,6.188095516130024,0.13787394376562928,2
7.752614224524072,0.7611943256884138,10.465461116654438,6.080493339494934,4.384967777159504,-0.0001523995665705046,31,80.85355318978546,2.6871070420328356,87.21526009258065,73.55748255514534,13.657777537435308,3.5064005959763174,0.09588464356590387,1
23.147585193598264,1.511069189084149,27.8111657618994,19.80993524534677,8.001230516552628,-0.00944457896428202,32,104.1384402957615,4.218458752082594,112.48284843108284,94.06364019051114,18.419208240571706,5.909792933487298,0.2222770468386143,2
5.3278807302718985,0.33508599448216675,6.528437868167755,4.849531745084406,1.6789061230833484,0.0029475763665751968,31,62.21418296576601,2.7523917908688706,68.02349680213433,55.837546144712796,12.185950657421536,2.1708260168074345,0.08563771781051761,0
29.039928655911964,0.9948672154649371,30.0,26.34716011850837,3.65283988149163,-0.01948016522186587,18,104.96552390508248,4.785384329062265,116.03416687681958,92.8115090241049,23.22265785271469,6.597249494450479,0.27666158657494444,2
6.76116107553507,0.8748506437719711,9.419328401893003,5.161248899587869,4.258079502305134,-0.002351944637511417,32,79.82201522156421,2.6361131036334866,86.88020663174436,74.40058058471836,12.479626047026002,3.285486581286822,0.08470296035579865,1
5.477019938387269,0.42613766264074604,7.147317336614706,4.874409191717876,2.27290814489683,0.007174432025310135,32,61.311187285577205,2.5869516997730715,67.98967182812427,55.985884697583195,12.003787130541077,1.9574288679496228,0.08933149220459129,0
11.297008823462527,0.48394461783032944,12.519914305345086,10.195415432927877,2.324498872417209,0.007618909616677346,34,79.82735290571566,2.8366208318769233,86.09796514459592,74.17279253255003,11.925172612045884,4.333813996965939,0.14151801695450736,1
23.68395627396062,2.2512589897129884,29.681822008080392,19.16290052237104,10.518921485709352,0.0009194977299860974,30,104.9296358787243,4.056866532632259,119.93725730609398,93.42971921409153,26.50753809200245,5.503398551217371,0.22571274406804717,2
14.233095775536817,1.0947977431421054,16.75399496025744,11.600574043491992,5.153420916765448,0.001805919709053857,31,104.67972185612005,4.307909759379278,115.689970845724,94.96420764690063,20.725763198823373,6.602462182039152,0.13596803074364164,2
4.5166466112543775,0.2746914253670514,5.094086938922764,3.781107769260868,1.3129791696618964,-0.007450463107700973,36,61.884516899181016,2.9485966567504382,70.06963671117656,55.76227399570192,14.307362715474639,2.6592139423671437,0.07298508196529316,0
3.0778013679512424,0.23753992997861745,3.706618193840835,2.5295689034811355,1.1770492903596996,-0.004153720976110294,34,61.768847669001616,2.4988322369988802,66.88014030487005,55.21534375850551,11.664796546364542,2.5958595411020284,0.04982772763734257,0
29.1282388436454,0.8874914786108385,30.0,26.545025306704034,3.4549746932959664,-0.008328071386829916,25,104.93900438183515,3.9232391374336357,113.71201125909813,95.49922702998705,18.21278422911108,5.531443096906279,0.2775730410028021,2
9.271528418408588,0.7232632025974703,11.381852178085266,7.700270405772473,3.681581772312793,0.014837194693665323,36,80.21193308385232,2.923449769527969,86.36531460504668,70.71296186161972,15.65235274342696,4.021026893528395,0.1155878925536975,1
25.58928599206838,1.6333478832013129,30.0,22.557641634447535,7.442358365552465,0.024937933932145512,34,105.12957342620146,3.707166915468574,113.63369578290674,96.09471712355814,17.5389786593486,5.094462711712669,0.24340711100311235,2
6.200698728655477,0.6066584577101037,8.809550777346365,5.422991422666469,3.386559354679896,0.004394577927796218,30,62.45193696824988,2.306272773673392,67.88047376689185,57.043623071427184,10.836850695464669,2.2883968791897527,0.09928753102598463,0
10.106917558508188,0.6339872207381628,12.45665037795803,8.688746341655348,3.7679040363026832,-0.0063294911094528205,33,79.79169684615127,2.7475831509676913,85.76315289513411,71.61128613758511,14.151866757549001,3.538753740573178,0.12666628021872195,1
12.811325384200538,0.7186239972602606,15.371190750162176,11.370299935893899,4.000890814268278,0.0049169060313349056,30,80.23648262539857,3.1441821877485876,87.89250828511847,72.35278632326644,15.539721961852024,4.315510111618415,0.15966957679766963,1
29.9913448136021,0.044724103006117594,30.0,29.65246465643185,0.3475353435681505,8.62174112651098e-05,0,104.73378086760582,3.8089566024420023,112.02790252316098,94.68147103325296,17.346431489908014,4.930544012394534,0.28635789025086694,2
7.265431283782973,0.4620398217429292,8.316911761401698,6.074519381165518,2.24239238023618,0.00763723490970959,29,79.66458788876763,3.263072135229794,88.58547227952462,69.54261240382672,19.0428598756979,4.614027372782182,0.09120026080756401,1
3.3112590956361942,0.22886422115929334,3.736282099271809,2.7339695402119033,1.0023125590599058,0.0015200141219599732,33,62.42744734687999,2.6395269542181854,68.00937790998546,56.23803212413157,11.771345785853889,2.493913408562629,0.05304171775910308,0
29.82745785595817,0.4583902680099244,30.0,27.395574162934185,2.604425837065815,0.00422600183883421,7,105.68735751646241,4.4097074215881715,117.47479210750103,94.70354354187447,22.771248565626564,6.420021318745006,0.28222351541988905,2
5.628248758572106,0.45356334384148894,7.162018673100082,4.834253686789835,2.327764986310247,0.002276664210933276,35,62.495219534125724,2.451819273242402,67.16974651909491,55.72601330015959,11.443733218935321,2.550774813522833,0.09005886706966307,0
4.041851693010879,0.3041703643857254,4.944374258618398,3.4834224902102378,1.4609517684081599,0.006794226645540226,35,61.62958299763526,2.9593591964907153,69.06525280911521,54.260226816507746,14.805025992607462,2.588859589083178,0.06558297867410505,0
2.524308501854025,0.3630271971337028,3.786717979796213,2.0828335829605775,1.7038843968356354,0.00493731906050615,30,62.445237967383974,2.4069069659895614,69.71979520405397,56.1933618933529,13.526433310701066,2.5866323459446,0.04042435490033927,0
6.370047297153266,0.36531665427933085,7.6565016300274005,5.655708457192218,2.0007931728351824,-0.006252017559692779,31,61.65245993435844,2.81021085882205,70.24032895365812,54.291765753341764,15.948563200316357,2.789715745414646,0.10332186583655557,0
6.027056760234282,0.31653186427289093,6.853258139510041,5.259964773556685,1.5932933659533566,-0.004483846471465806,31,62.31425402246798,2.4176773024522236,66.39756819067307,55.74147056682769,10.656097623845383,2.3133391672794565,0.0967203532813025,0
5.359672967038943,0.2782240064562767,6.201038134776185,4.763528109160843,1.4375100256153424,-0.0050857390030716034,36,62.295523067832185,2.11254972876471,68.35675059277423,56.909044837416744,11.44770575535749,2.296058081255301,0.08603624493475513,0
6.2885995269916295,0.23326770318235665,6.95049426862394,5.564390232844634,1.3861040357793062,0.004212958728992445,33,61.64332719752348,2.8293765302449305,67.79764504703328,55.17128419478825,12.626360852245035,2.8802168720674612,0.10201589873345407,0
4.510862797291523,0.38122146563002907,5.8910520115726115,3.8608490434563953,2.030202968116216,0.009387344283725606,37,62.10083626189322,2.585212868607588,67.75878810531631,55.93045490856144,11.828333196754876,2.6038259314535455,0.07263771305156802,0
3.6260367198360246,0.6184857713209788,6.483753780540865,2.9539169209187914,3.5298368596220735,-0.006123138489021038,30,61.46286401496457,2.307194566002116,66.73182241720379,54.95866850750308,11.77315390970071,2.4206945467638534,0.05899556942152276,0
3.096478638000788,0.3986553822422229,4.657986248838752,2.5859632191201563,2.0720230297185953,-0.009245021870642387,32,62.452289028141,2.3564959634603455,67.33876330912592,57.22331574323959,10.115447565886335,2.7366061840505744,0.04958150672466158,0
11.516443001167238,0.5387181855875476,13.163053437243967,9.92777965022487,3.2352737870190964,0.002906278356235987,33,79.61081697177302,2.979039442530999,88.07094521390421,71.38916517353643,16.681780040367784,3.8874115898893065,0.14465927237741147,1
4.536652571828097,0.2289379608763377,5.08430369917589,4.092880001735542,0.9914236974403483,-0.004766108843524513,29,61.83149016770677,2.317939289598946,67.10793409265423,55.04282575297653,12.0651083396777,2.642549196196672,0.07337123019600555,0
4.685692092043862,0.20725692371644608,5.191150116693144,4.2095491497518385,0.9816009669413059,0.001790456643530597,31,62.73035775601354,2.7261101906084586,69.21922839394304,55.32225862490941,13.896969769033632,2.1871515333202516,0.07469576429920666,0
13.577722254058223,1.6153925139499419,19.103917565133376,10.64332884493684,8.460588720196535,-0.016608871167251744,31,104.9763357091951,4.603340806396044,115.8482630344119,94.51841546591794,21.32984756849396,6.224998105438211,0.12934078935971216,2
7.7104513489291024,0.7940152669068924,10.465461116654438,6.080493339494934,4.384967777159504,0.0005191515914681962,29,80.20026400619656,2.9423576305134174,87.21526009258065,73.55748255514534,13.657777537435308,3.6788548041331817,0.09613997345686283,1
9.499066415912784,0.6756921260031712,11.381852178085266,8.091871553146442,3.289980624938824,-0.006101390431979964,36,80.27572857223396,2.781042054813443,86.2158791444762,73.62803122413771,12.58784792033849,3.9909099783654964,0.11833049000651318,1
20.519552045812517,2.171041475252666,27.43662593858947,16.59921670909831,10.837409229491158,0.008902993903790813,30,104.39339596301123,4.621881154488595,116.36908412078415,89.6249516092967,26.74413251148745,6.275356147116218,0.19655986530530303,2
7.607021511001151,0.5285224009114341,9.338925976722656,6.35813640708909,2.9807895696335667,0.0048192969165807426,31,79.88420232200755,3.2247138007576317,89.02057394478105,69.54261240382672,19.477961540954325,4.440730564806374,0.09522560399504502,1
30.0,0.0,30.0,30.0,0.0,1.3526773354174875e-16,0,105.58701182448742,4.558110437486294,115.92747142321106,94.38024907622179,21.547222346989273,6.161574643161705,0.28412585219990705,2
16.02818095845785,0.8770142866296473,19.72867699139595,14.602254327854503,5.126422663541447,0.004345118890614731,32,80.04161805275751,2.501352626905573,85.32514003321027,74.6757927900935,10.649347243116779,3.656321518700342,0.20024808528539706,1
10.910273784462943,0.6857591947749663,12.988222064875169,9.637330310997063,3.3508917538781056,-0.005194721910184445,34,79.74918259226469,3.102233266072787,85.89694429957319,73.5948887450315,12.302055554541695,4.181382597018292,0.13680734137974537,1
15.324968173753232,0.8489301286017468,18.662668100389087,14.001718803470736,4.660949296918352,0.015716922771273397,35,79.46024207270722,3.0659102690567313,87.71779620683358,72.75316798067016,14.964628226163427,3.9532657153729094,0.1928633437445022,1
6.283044782008611,0.8871356202850704,9.24717950518752,4.592812322457788,4.6543671827297315,0.015431125669619282,33,80.22313612955185,3.252661090148416,89.62241436409843,73.78692431973309,15.835490044365343,4.294566346879928,0.07831960961414612,1
12.461147235543882,0.7649821289131828,14.902226922321926,11.063771815126287,3.8384551071956388,0.013511843022292228,32,79.63788561814673,2.844618171956531,85.44057063928089,72.34147539539009,13.099095243890801,3.338406742313043,0.15647260072700644,1
12.848001352561573,1.0251822382059164,16.86886559118498,11.378155497496559,5.490710093688422,-0.0018363471724622423,31,80.13696699471262,3.089309289938769,89.3475954048507,73.22046911605125,16.127126288799445,4.32407697942265,0.16032552358867977,1
6.660378793081885,0.44003523876219464,7.572475440316038,5.673323823756088,1.8991516165599496,-0.0012237189418241553,33,80.15031268966474,2.851405055853031,85.95041223439341,73.21667154267267,12.73374069172074,4.0030208079714,0.08309859920037631,1
5.024303921627164,0.49883641658084504,7.0189176838482625,4.267411267190114,2.751506416658149,0.009033506926521235,34,62.36614966226064,2.5637374064419216,67.7344706034689,56.73267565316274,11.00179495030617,2.8123793151750904,0.08056139216986338,0
29.870827113797095,0.3574356783929738,30.0,28.00069998703744,1.9993000129625607,0.0033339166611109556,5,105.59661553464126,4.058147624414199,117.39414038075189,94.70354354187447,22.690596838877426,6.161902782746895,0.2828767444835497,2
21.15712746304959,1.181422473630011,24.049194357066238,18.3229801643247,5.726214192741537,-0.004912273537982704,30,105.04984603759345,4.818363235014682,122.02212947816898,90.3239412883037,31.698188189865277,6.591727415123826,0.2014008402647006,2
20.816412570808566,1.8915789785509438,28.931283354773733,17.831264470753315,11.100018884020418,-0.018118344623462727,30,105.88065746331903,4.647554905152515,115.77979798085846,93.77649061236752,22.003307368490937,6.2993505468714055,0.19660259836804983,2
21.5578086398595,1.8776313445630208,27.376693712196094,17.913256198511867,9.463437513684227,-0.006823991894932466,32,104.60858457393743,4.0688074878841585,116.24883101824567,94.96235904074891,21.28647197749676,5.515102227745554,0.20608068182532133,2
3.848637180138711,0.2631338442098545,4.548845489894791,3.297891038143755,1.2509544517510363,0.0044092686090378575,31,61.77522059483925,2.453953021860256,67.27630823666041,55.5448322663637,11.731475970296714,2.5808841722119076,0.062300661669503904,0
14.532980284297958,0.8871268508582563,18.237358461361122,13.005853362468423,5.231505098892699,-0.0037095985272382467,31,80.46409157451235,2.5171115915832476,87.25550644797221,74.56605758864643,12.689448859325779,3.512754002777099,0.1806144805627423,1
4.361051054103192,0.23460720796624857,5.023894015257324,3.9345248310424026,1.0893691842149211,-0.004457434132844022,34,62.329921473146335,2.8687769237013088,68.51393853521309,55.89828237725487,12.615656157958213,2.5988087740102177,0.0699672144784404,0
15.03281683339177,0.7663754061122914,17.304250673165857,13.58221518993973,3.7220354832261275,0.010679712132268461,30,80.34138510634376,3.1145673720412237,87.5455659742654,69.99270636803695,17.552859606228452,4.425050448636219,0.18711174354763563,1
17.48666814601961,1.1221044287489272,20.597260227051365,14.598707167691456,5.998553059359908,-0.0007518342416533808,34,104.88888504044334,4.230605092880962,116.54725914871844,95.0677348024912,21.479524346227237,6.349133725109074,0.1667161203263905,2
30.0,0.0,30.0,30.0,0.0,1.3526773354174875e-16,0,105.03233682118744,4.055649586384678,114.78039167696289,92.88660397176066,21.89378770520223,5.8668405522649225,0.28562631873503164,2
6.078792924954743,0.4031114007821141,7.2750428915350795,5.349027236592651,1.9260156549424288,-0.005172045900847413,29,62.34309440264775,2.721169844499412,68.27090228948586,54.78627565211511,13.484626637370752,2.5519194906975553,0.09750547170772296,0
22.415803663513138,1.3000213542379553,25.476389801446086,19.498987974031543,5.977401827414543,-0.012361140788205056,32,105.48535024188531,4.320038081377024,115.08411313557761,95.46516029865802,19.61895283691959,6.059404363724977,0.21250157865154307,2
15.925351828353808,1.208916342902054,19.631500507738,13.334177040934044,6.297323466803956,-0.00822454696817003,33,104.38908017442743,3.754556071466122,113.50065038256771,95.79832069913967,17.702329683428047,5.369370030810526,0.15255763964186608,2
10.089908824318504,0.48624915272749153,11.655239498268571,8.84546844826318,2.8097710500053914,-0.006200989481108136,29,80.04493554215011,2.805894472040456,87.0690854083077,73.1826644844817,13.886420923825995,4.2691103102055905,0.1260530554484899,1
8.747885022083562,1.2117898961838416,12.991310678290978,6.972243612919868,6.019067065371109,0.01686466556738001,26,79.91132151495206,2.844449169972196,87.7820512849518,72.70236809753291,15.079683187418894,3.907392533787375,0.10946990672625598,1
21.82741706718559,2.088073592247567,27.27734530142452,18.471314735380417,8.806030566044104,0.029428750765192906,31,105.81132705432029,4.175847149575102,115.76234080940358,95.68453163061591,20.077809178787675,6.1863005418301515,0.2062862027020402,2
11.5577483557481,0.8250279527930052,14.377466161273476,10.065330714055717,4.312135447217759,0.013597186928793411,26,79.23116434104966,3.016258270866066,86.03474743648097,71.83759896546843,14.19714847101254,4.0661816522489165,0.14587376452180026,1
30.0,0.0,30.0,30.0,0.0,1.3526773354174875e-16,0,104.77498698640773,4.824926441612429,121.80687788397893,86.76215559505424,35.04472228892469,7.102797554978876,0.2863278782135661,2
2.9085281973567167,0.35217263055530457,4.131619013635593,2.112597154509887,2.0190218591257056,0.002852343098292599,35,62.41501183300813,2.7889928233735883,68.03900256197787,56.10076566369143,11.938236898286434,2.531737885149611,0.04659981734103792,0
10.585510542830177,1.3414082548082276,15.422196234024264,8.688746341655348,6.733449892368917,-0.024549751848187844,33,79.60970655910276,2.7112989945819317,85.66331634279976,71.61128613758511,14.052030205214649,3.4986851005620996,0.1329675848259011,1
30.0,0.0,30.0,30.0,0.0,1.3526773354174875e-16,0,105.32416490251076,4.73709945514643,117.15367466494071,91.17827988562078,25.975394779319927,6.005014997804141,0.28483491649740045,2
11.189577326259489,0.5658097999170979,13.227704016368154,10.06669610278473,3.1610079135834237,0.0014644801091403404,37,79.6296682663623,2.9557574521346455,87.59586960458871,74.1083839193606,13.487485685228108,3.6188658477961955,0.14052020345369268,1
5.720517995175739,0.445821729694949,7.162018673100082,4.841662378463094,2.320356294636988,0.004635908115185387,33,61.56154379275067,2.40682241981091,67.12242588302271,55.683159404263044,11.43926647875967,2.9772483586960967,0.09292356152585328,0
5.913283253267529,0.24881662014351158,6.498956669583154,5.301148066361076,1.1978086032220778,0.0035373106736408576,35,61.50623401020748,2.6207697408915562,66.33154703069843,55.091440204617605,11.240106826080826,2.376578195463378,0.09614120019354411,0
12.690730999832837,0.5459874707009208,13.76734246553109,11.346891529312044,2.420450936219046,-0.00016867732151260742,32,79.79017226617,2.8856104705335324,89.36543915808689,72.98095430477277,16.38448485331412,3.6725089626493888,0.15905130268984569,1
2.6776010884464045,0.2583379749355885,3.352611777782184,2.232299481150234,1.1203122966319499,-0.002928687431924531,33,62.094170066983594,2.288695457689204,67.31186736516283,56.658790313413284,10.653077051749541,2.0268063909248424,0.04312161741490943,0
22.04471400021097,1.0201131349889638,25.1066705788302,19.813181506805847,5.293489072024354,0.011979021552673833,28,104.49291822457201,4.456426492158947,115.1310771571092,92.91800760563173,22.213069551477474,6.218029590339195,0.21096849589237096,2
9.04780183474616,0.8611337050404831,12.19507830106399,7.3869962759631855,4.808082025100805,0.01694337327125323,31,79.77572083681406,2.981506228067293,86.53629816053333,70.7819038127376,15.754394347795738,4.31550311047167,0.1134154806302345,1
12.6908137028462,0.540739204321028,13.746484613295122,11.346891529312044,2.3995930839830777,0.0005529690837124909,31,79.4075512767059,2.807095474988808,89.36543915808689,72.22446836979367,17.140970788293217,3.6976915751110377,0.15981872427730068,1
27.264778968820952,1.3129392562992075,30.0,24.343874170651716,5.656125829348284,0.008834237879521891,32,105.78946544835975,4.337737208109699,116.9792941941217,95.04805247435407,21.93124171976764,6.1623362848520555,0.25772678400008786,2
17.532342247606216,1.2208426657114733,20.806303272346625,14.903495496754362,5.902807775592263,0.001395407741802379,33,105.34006144286366,4.252072488809741,116.55192891465538,95.35977994750428,21.1921489671511,5.954490477376507,0.16643565459357632,2
13.725791786645953,0.9334087401090725,16.65596113688204,11.862854281377714,4.793106855504327,-0.011233719327827827,29,80.01918974482429,2.9184114308292664,87.57298963354702,73.56700233589206,14.005987297654968,3.6133942564005745,0.17153124967755,1
8.461504109557254,0.5838093610498426,10.093648575247144,7.446280678494956,2.647367896752188,-0.000937125882302105,33,79.85775267294758,3.119281883214111,88.23509731116535,73.5637784661087,14.671318845056646,3.8239974019545464,0.10595720165396603,1
3.0590083332594658,0.38699576657210943,4.8218540341015315,2.3398953787133254,2.481958655388206,-0.0024490969576475307,32,61.7076637754803,2.663537047932318,68.43293772488657,55.961922789796574,12.471014935089997,2.795540530169507,0.049572582990937794,0
29.997998844454415,0.01991124627555907,30.0,29.79988444544124,0.20011555455876007,-6.004067043416134e-06,0,105.28023301794923,3.9276367387158477,114.48118378043267,95.18332879606608,19.297854984366595,5.762614805404774,0.2849347660011855,2
6.502556560759039,0.31218351259302324,7.150839591481393,5.754315365240328,1.3965242262410653,0.007157663257471997,32,61.66628995396658,2.7792887719884902,67.99037430661976,54.13835983114262,13.852014475477134,2.828808479513821,0.10544750560096355,0
4.7724726233285395,0.32327883160854604,5.893818643461178,4.175931209858407,1.7178874336027707,-0.005805180304894154,30,61.955081195805924,2.3721286035225604,68.59118123489048,56.376744194860116,12.214437040030369,2.5859442506423855,0.0770311724911506,0
30.0,0.0,30.0,30.0,0.0,1.3526773354174875e-16,0,104.98501108544822,4.518006793496539,115.3194410344569,91.8657417792253,23.453699255231598,6.463813320202618,0.28575507497758573,2
6.629201747229578,0.7652441264143416,9.24717950518752,5.320312354845889,3.9268671503416304,-0.0009951484089098022,32,79.97779541478637,2.96991180601213,89.67026894927676,73.78692431973309,15.883344629543672,4.130762662393583,0.08288802698249842,1
8.109984134822094,0.4473552148277451,9.644495446223162,6.859554762975819,2.784940683247344,0.004921786717561322,33,80.13663042382315,2.6368364386782495,86.87488826334163,73.50673832153936,13.368149941802272,3.5791440486114845,0.10120195958737473,1
9.835489761536083,0.5632717316982808,11.119429294602188,8.550494728465205,2.568934566136983,8.357466464137388e-05,34,80.10097746930445,2.7157361102976014,88.99975524507933,73.72794197257828,15.27181327250105,3.914739374309024,0.12278863441481115,1
5.029515679919024,0.24508037984049913,5.471617733310619,4.367600634657831,1.104017098652788,0.004400243179823497,32,61.77846879553872,2.658406375610624,68.17799592648429,55.23544221005212,12.942553716432165,2.576251530676379,0.08141211163961569,0
5.674132602508439,0.27798631555425213,6.1410647141570855,5.0377276953037455,1.10333701885334,0.00783517652201903,33,62.241369659232305,2.4567380745926033,67.98291726071653,57.445714999194266,10.537202261522268,2.7097905935428095,0.09116336196344338,0
2.5664775012867453,0.34488273304044603,3.652115093534642,2.0115015272763266,1.6406135662583154,0.008929596359047992,32,61.44986211791333,2.403498795631914,66.96483520789863,55.28242683405989,11.68240837383874,2.6917563315464412,0.04176539004427153,0
6.898233331124363,1.1293968618137913,12.49396217733367,5.349990074233504,7.1439721031001655,-0.01931557035895452,32,80.21751575464683,2.9526688094602997,88.90356085816225,71.4708891526401,17.432671705522154,3.5161813293972144,0.08599410216378661,1
10.732557680006748,0.7076072754533105,13.720953726479895,9.539734492780523,4.181219233699371,0.009920353148786087,34,79.64909455871728,3.338156669076478,88.51763901488971,71.71100382950317,16.80663518538654,4.664377834545339,0.13474801697019537,1
25.43066210184733,2.0585081186415373,30.0,22.414547870737106,7.585452129262894,-0.021351100126692786,30,104.87505506916712,4.213877018608595,115.90352814471177,94.84329309711346,21.06023504759831,5.692549915333357,0.24248532544359563,2
3.5578124044119805,0.29575374433233104,4.689666465179904,2.9506071375318026,1.7390593276481017,-1.1534539546008622e-06,30,61.78261751936225,2.445158297316609,68.60894703336034,57.04271665379414,11.5662303795662,2.3675136237508814,0.05758597627740538,0
29.15579191369764,1.0888973037988645,30.0,25.580538126991012,4.419461873008988,0.01912358775170379,19,105.07178290067164,4.818453955727722,116.03416687681958,94.85977181060312,21.174395066216462,6.93167530762623,0.2774845047007075,2
4.317969041580264,0.31368898174644505,5.036232898557002,3.5240449153653657,1.5121879831916365,0.008067272032648516,33,62.548070073912776,2.271270634265568,66.95439736283646,56.6720000221612,10.28239734067526,2.3106545109946834,0.06903440773541585,0
9.885335573883477,1.3855356050608563,15.880544157303925,8.00219717163054,7.878346985673385,-0.016907541613792203,32,79.92831394560561,2.6162043761059603,85.69231947851885,71.69438732425992,13.997932154258933,3.6951092545476114,0.12367751754319906,1
15.752192506683926,0.8508609616094901,19.31867004799888,14.265198856544671,5.053471191454207,0.012994074529285337,31,80.26059900842833,2.915770771013482,87.47324848785692,73.20383168668032,14.269416801176604,4.4750227260297155,0.19626307933194814,1
5.3352011350626505,0.22477655817496484,5.824005545794808,4.7375249497224665,1.0864805960723416,0.004148128202210933,32,61.367410260367926,2.6162553195240643,67.41274656629308,55.29437416152338,12.118372404769701,2.2824174376613127,0.0869386703054266,0
2.863490937010499,0.20789527330684285,3.573225762582868,2.449018168675377,1.124207593907491,-0.0015399593169419688,32,61.8719233477947,2.534564737987135,67.81783172024566,54.86259452621534,12.955237194030325,2.6736784021649536,0.04628094191663141,0
9.57307998680462,0.5105799355022719,10.907182747351479,8.484186291647536,2.4229964557039434,-0.004208264612662529,32,80.04746765362738,2.7865312617490323,87.23269673288553,73.05046420145365,14.182232531431879,3.7522780842616745,0.11959253862515255,1
5.4881860795567965,0.2738614007398619,6.0449800534343545,4.812233525226493,1.2327465282078611,-0.007109742210911566,30,62.05072450318605,2.44816627596694,67.24250861625046,55.471542687970526,11.770965928279935,2.4392187023573677,0.08844676730290608,0
6.561200342596693,0.23979654835102532,7.211220853390844,5.902770844394648,1.3084500089961963,-0.0024230511135755013,33,61.837274937330285,2.312308423445289,68.03763235049365,56.83666483932421,11.200967511169445,2.6753143008265976,0.10610429135407289,0
15.519090579269369,0.9879932914168779,19.444079753791517,13.893577219362461,5.5505025344290555,0.009529738743976479,32,79.90875322974682,3.1115231558187824,90.34817243370345,73.70267260444945,16.645499829254007,4.039314493830293,0.19421014291688501,1
20.114414086586297,1.3529329597235051,23.50208946992644,16.523327768723856,6.978761701202583,-0.0036604290881052767,39,104.94803340073709,4.286383813306371,117.31811598163361,94.21077564032718,23.107340341306426,5.9454744665259405,0.19166070333228677,2
3.3198858266807907,0.34911981284565413,4.612778142212247,2.771385199679472,1.8413929425327749,0.0012593132574581119,30,61.97906279802607,2.366162303816868,69.04943897583532,54.82451746764875,14.224921508186569,2.305692169254701,0.05356463333327283,0
6.818099244092517,0.3621122668626342,7.921463846792112,5.754315365240328,2.1671484815517843,0.007284032590532511,31,61.92396935472838,2.976386500902536,68.59203842890194,54.13835983114262,14.453678597759321,2.5890664663147316,0.11010436193020853,0
7.782917015732452,0.9151845658600166,11.369998486593708,5.965538038685718,5.40446044790799,0.0068935103987182505,31,80.24446495392806,2.654031947010583,87.47890077068728,74.336185759818,13.142715010869281,3.475112205148015,0.0969900780472634,1
29.999749428533438,0.002493154613264518,30.0,29.974942853343812,0.025057146656187967,-2.856800398996461e-06,0,105.30330621544077,4.276785750214842,115.90760794198962,95.1099612793985,20.79764666259112,6.1118792673515525,0.2848889576388778,2
13.287399724899077,1.1293091317370503,16.52967815009453,10.64332884493684,5.8863493051576885,0.001177006319470183,31,104.81308456325027,4.517806337678956,115.8482630344119,94.51841546591794,21.32984756849396,6.089444288719477,0.12677233623544737,2
3.799221798649835,0.2707652556211942,4.548845489894791,3.297891038143755,1.2509544517510363,0.003289646579394554,30,62.574891071652345,2.6806774206726676,67.27630823666041,55.5448322663637,11.731475970296714,2.4601093215157013,0.060714795868916205,0
4.970837631346635,0.17757535132701613,5.341094843626375,4.552822058541316,0.7882727850850593,0.0004684437211976523,33,62.241522776590315,2.429208158118487,67.71291348879741,55.880774737116546,11.832138751680866,2.303651257375168,0.07986368793265661,0
9.857401333922903,0.4953029692565455,11.087257744647028,8.900260970680266,2.1869967739667615,-0.0060662575752309334,32,79.46607285728597,3.198919889863147,88.83339117003501,71.64790715202442,17.185484018010598,4.762291126244306,0.12404540523325619,1
13.748116929176176,0.9555822888620368,16.41123573746157,12.194866352408544,4.216369385053026,-0.004961406041116158,26,79.96455650287999,2.807286808963194,88.42024256132314,74.68110843119742,13.73913413012572,4.282990297257434,0.17192763092174965,1
6.783402115747557,0.472389820930893,8.041550042107554,5.592733481439751,2.4488165606678027,0.0012477321568120483,34,80.20767886827971,2.934229562802193,91.82352874254846,73.12514280587185,18.698385936676615,4.235955482290745,0.08457297514262392,1
29.512154192036675,0.7543985319926174,30.0,26.66270860610972,3.337291393890279,0.007021027881982238,15,105.0760635212909,4.355876118947841,117.54897141092643,96.67735596395647,20.871615446969955,6.591827686781396,0.2808646700510639,2
4.048946046117135,0.21750282222019215,4.671314884753255,3.6054968730475787,1.0658180117056766,-0.0022635680060645812,36,61.76472550568791,2.2164569894281856,67.22118455189117,56.44601781686299,10.77516673502818,2.241132664027561,0.06555434266748138,0
12.780823225428389,0.5434790713252792,14.176626781107657,11.680478177143122,2.496148603964535,-0.003389205782767441,32,79.29584897153887,2.7632209090506707,85.89352582562823,72.17055542463673,13.7229704009915,3.7018496656099438,0.1611789674997585,1
3.089950942748651,0.2621169682868271,3.731926656062937,2.551591787774564,1.180334868288373,0.0046923829299660895,32,61.38542480167624,2.746878458402819,66.51382704239512,54.65086662046778,11.86296042192734,2.2905106896245657,0.0503368821246211,0
22.131437235809585,1.3573687622493011,25.765353788800486,19.18098309659151,6.584370692208974,0.00752049671050909,33,104.64993052229221,4.94526719745904,116.59814511443811,91.30351144177276,25.294633672665356,6.820302864106673,0.21148066619704586,2
23.34073313703811,1.1914274119716186,26.10543470530202,19.468200344784993,6.637234360517027,-0.019223240088061134,32,104.80119835950262,4.233191810939644,116.12122466809959,96.36574804709761,19.755476621001975,6.239530627039197,0.22271437044314457,2
7.169439639673893,0.5141135956431376,8.320728262666037,5.984119565051113,2.336608697614924,0.006846127195363487,30,79.5219363786913,3.2818084433701586,88.58547227952462,69.54261240382672,19.0428598756979,4.6088544635750495,0.09015675266476866,1
6.00376847731039,0.25264226615215174,6.711873636922544,5.418993841024882,1.2928797958976617,0.006394491784831124,35,62.23865008441028,2.3942180978664314,68.65688502737171,54.87101958445504,13.785865442916673,2.348478941018606,0.09646366643081428,0
6.274543856983611,0.2574161946214275,6.952025574230454,5.6269570447840795,1.3250685294463747,0.0055239733618483115,36,62.36018141602894,2.8961964324901133,70.66317165212145,55.67607112043749,14.987100531683957,2.994362821880241,0.10061779189681803,0
6.7612168747051316,0.47373626306576955,8.26039850823356,5.673323823756088,2.5870746844774724,-0.004784079963229396,33,80.01191667874983,2.798641743986412,85.87464700653562,70.63075812290556,15.243888883630063,3.8180403616546306,0.08450262249495899,1
25.496594194516515,2.052840579514471,30.0,22.365558342066677,7.634441657933323,-0.03681916402791711,32,105.17071987422477,3.934336051851279,115.90352814471177,94.84329309711346,21.06023504759831,5.501933916192641,0.24243053563366054,2
15.04464355615372,0.6758840637854514,17.81371305633457,13.795488756417356,4.018224299917215,-0.006473511632131312,33,79.92416937668914,2.8302046043995146,85.3357249332836,70.72312633338167,14.61259859990193,3.894386161802234,0.18823646820789114,1
2.922536953911358,0.20397631416628223,3.430977297055283,2.223686323097622,1.2072909739576612,0.000263294124968552,33,61.557734646345146,2.4525248003836078,67.29514349283622,56.098420011394964,11.196723481441254,2.5450051245485037,0.047476355704530813,0
4.975538805764455,0.21196797711876095,5.53727128549973,4.513901095405127,1.023370190094603,0.0003583880149598294,35,61.5086984193448,2.40730526428385,67.01973030839697,55.33469680431006,11.68503350408691,2.5634847283247577,0.08089162757032094,0
5.444924167214124,0.34104767736121466,6.473730035646185,4.650359680087593,1.823370355558592,-0.004498645436015467,30,61.60149265925029,2.4247091649909187,67.35734867933922,56.725478826854825,10.6318698524844,2.7812358385386338,0.08838948284814026,0
6.6097941772453614,0.7103743816807834,8.738978032762077,5.108737495866385,3.630240536895692,0.0001255018055186047,33,80.2068365731456,3.0210186094376223,88.03121947781801,70.94534309236113,17.085876385456885,4.145060050306044,0.08240936031441808,1
21.977914977946657,1.2466409322926784,25.765353788800486,19.07047391388287,6.694879874917614,-0.00702971754700128,30,104.73129251317584,4.710241880444581,115.12650475501738,94.59097036460238,20.535534390414995,6.359776466015216,0.2098505063835739,2
25.78906006713818,1.4765811731515062,30.0,22.20981565509513,7.790184344904869,0.014418703645857104,31,105.23066754272163,4.280971180466889,113.84425137742244,95.05311251390562,18.79113886351682,6.107498406524239,0.24507171173837328,2
3.1488585244542664,0.28175391178318643,4.028090904916306,2.640154801959794,1.387936102956512,0.0019790513677566623,29,62.07035583200987,2.53373983046776,66.90248346816153,55.29066917393423,11.611814294227301,2.155446679685475,0.05073047240531395,0
28.84782454507912,1.0781275510368524,30.0,26.34234335871511,3.657656641284891,-0.002443471180917623,24,105.31395126787059,4.2320018807296265,116.56709919538277,95.55428600016869,21.01281319521408,6.051693925986021,0.2739221529897903,2
15.490218017810768,1.4839312514351857,21.20625303408021,13.974308239844996,7.231944794235213,0.016171575643250804,29,79.73728961508152,3.181606550845489,86.8107865301843,65.414834001949,21.3959525282353,4.464534193748912,0.19426566789919178,1
11.623986276971884,0.6666862526449815,13.765316364041329,9.92777965022487,3.8375367138164584,0.009936917762152825,31,80.16658263958436,2.6924132019406377,88.07094521390421,73.434219438369,14.636725775535211,3.642531673288798,0.14499789998824691,1
30.0,0.0,30.0,30.0,0.0,1.3526773354174875e-16,0,104.82622700276703,4.258350140010902,116.1396728227027,93.7206887357276,22.4189840869751,6.525626424252852,0.2861879185351219,2
8.798509012392616,1.3338826754013515,12.991310678290978,6.27635086093019,6.714959817360787,-0.011880076868190434,27,80.12006147961395,3.0197548402295107,87.7820512849518,72.70236809753291,15.079683187418894,3.994310183146147,0.10981655206061955,1
2.554946088443889,0.4602433815079208,4.394917784969549,1.9211324324384011,2.473785352531148,-0.008867032531511568,31,61.923413327668015,2.2972331062234614,67.60055739511662,57.01483499868886,10.585722396427762,2.565766257514344,0.04125977412880338,0
29.998585857429113,0.014070540923115106,30.0,29.85858574291117,0.1414142570888295,-5.939992797020671e-06,0,105.44155721332923,3.921693141932945,116.03867229922106,91.75705050429183,24.281621794929237,5.515870304606244,0.2845043867498241,2
29.998585857429113,0.01407054092311511,30.0,29.85858574291117,0.1414142570888295,-3.988280877994903e-05,0,105.050203101761,3.7794391382260573,113.18229417803842,91.75705050429183,21.425243673746593,5.437077210777734,0.2855642796121539,2
15.706678682911383,1.760958396581831,21.167338686263754,12.34392977425555,8.823408912008205,0.016109312929990294,32,104.85542706017532,4.184218769077007,114.60991773617128,93.43796118064212,21.171956555529164,5.856444831903001,0.1497936632703221,2
21.785024940469288,1.8087728433133592,25.973588480890395,17.913256198511867,8.060332282378528,0.010965145275410471,31,104.2722001672253,4.022908522422957,116.24883101824567,93.94654819586202,22.302282822383646,5.467966589111468,0.20892457142562681,2
6.184031784361522,0.47945141552951753,7.899056762325829,5.415613094470955,2.483443667854874,-0.0001162406248853682,29,61.88278962981851,2.5808559307941916,67.6179206780111,55.659177263951996,11.958743414059107,2.4803263451005853,0.09993136575488755,0
30.0,0.0,30.0,30.0,0.0,1.3526773354174875e-16,0,104.74267976081066,4.671163008631856,117.01144856087195,90.37500392715337,26.636444633718583,6.516574314874559,0.28641619425903087,2
6.434461304485698,0.320612355927561,7.21920295385943,5.583171487338136,1.6360314665212936,0.005838243145258965,31,62.31534290723623,2.2426755058677292,68.1501258123816,56.99282186323302,11.157303949148584,1.972193769945144,0.10325645179884037,0
29.810682853994944,0.430516051578478,30.0,27.87197960102377,2.128020398976229,0.0011391980598088702,5,105.43230743706404,4.220028527642348,117.09216496710854,96.87316508808095,20.218999879027592,6.468463205464509,0.28274713222076425,2
12.192358781298662,0.9707002239257014,16.049907487070016,10.801505488082114,5.248401998987902,-0.009137224754962921,33,79.81736334228667,3.2533225088780444,87.33218610538516,72.48159600398498,14.850590101400186,4.497109579359781,0.15275321205813405,1
3.825359424251545,0.2545053350948043,4.3422022232666215,3.153500659055304,1.1887015642113177,0.005900728966866949,33,62.223934241499734,2.5822342945039276,68.33389058723532,57.36941000539597,10.964480581839346,2.0381579647238155,0.061477298235876505,0
25.96550410917938,1.442637679124337,30.0,23.433706879840717,6.566293120159283,0.01547740237932092,35,104.36618547379766,4.409714893904211,113.1528850378233,91.93877838782548,21.214106649997817,6.264925650791675,0.24879230511788722,2
30.0,0.0,30.0,30.0,0.0,1.3526773354174875e-16,0,104.70613300196527,4.249029723223503,114.3026149515948,94.46377740925941,19.838837542335398,6.69843803942751,0.2865161653226249,2
15.051845504013246,2.4467157693915214,25.217059549562954,11.75908544242082,13.457974107142133,0.037885077100782774,30,105.69331971385309,4.399423261406052,116.43520042981346,95.21089361918487,21.22430681062859,6.639714232796931,0.14241056485266074,2
15.60581014111407,0.7577581140773044,18.73509573703053,14.359988423888241,4.375107313142289,-0.008552669685753932,30,80.0971881536952,2.6996001522998796,87.42437221275289,72.2780461134351,15.14632609931779,3.580363536779447,0.19483592752760304,1
3.9266748342113944,0.20566184070310442,4.629648331892419,3.4313845438991755,1.1982637879932434,0.00170604588561357,30,61.734014714656425,2.438809509311057,67.70343422706257,56.059235823338554,11.644198403724019,2.1126100681974465,0.06360634066575314,0
14.766476078159396,0.7652647719766538,17.794451243950206,13.033173028660933,4.761278215289273,0.00770264469800996,29,80.69238662539139,2.820932535628231,87.64018402659559,72.79800667178728,14.842177354808314,4.365002501439579,0.18299713904503234,1
17.66575317342217,2.1948809673374803,27.04377705099991,14.860935117108768,12.182841933891142,-0.03872554240901551,31,104.81641789253614,4.218816767430647,115.49647113460189,93.09212572414768,22.404345410454212,5.696034878371685,0.1685399421204623,2
26.11851243467878,1.4136546349726666,30.0,23.433706879840717,6.566293120159283,-0.00024749834593884167,35,104.533855470736,4.337986677705563,113.1528850378233,91.93877838782548,21.214106649997817,6.200754206231177,0.24985696803399382,2
18.349729335824964,1.9318876406494185,26.187412325047603,14.686263533183634,11.501148791863969,0.013001140361023726,31,105.86259814473163,3.95167326345548,116.6889246741242,96.01806296515198,20.67086170897221,5.414467570159525,0.17333533735307083,2
3.476245665730819,0.2670061431642985,4.280573620236362,2.956038473766577,1.3245351464697852,-0.005982097763090358,31,61.713848560231945,2.606302551253355,67.60608440626426,55.24706960212456,12.359014804139697,2.6523577850754942,0.05632845285948411,0
15.102974500530673,1.202657365786744,18.30705999453517,12.31091906231883,5.99614093221634,0.010665964433123067,33,105.31189820275202,4.101574812640965,114.27727439125906,94.38690188162963,19.89037250962943,6.070663066288507,0.14341185198316128,2
14.408766664991797,0.6927245603867336,16.47024152252975,12.960704649708259,3.509536872821492,0.0036690614835180745,36,80.47655392309343,2.489500487353638,87.64018402659559,73.6726118962245,13.967572130371096,3.8163942419684607,0.1790430353133454,1
6.225066111517582,0.3542916747567489,7.174659768692551,5.583171487338136,1.5914882813544144,0.007865970520957938,30,62.305636935942104,2.6688699698921403,68.26304846266427,56.99282186323302,11.270226599431254,2.042326013534547,0.09991176268699342,0
13.366995436851111,0.6035502978793196,15.341145509777116,11.77058076229161,3.5705647474855056,-0.0042775879592975375,30,80.27521782513465,2.7592743364766625,87.7088918655523,73.08695335334068,14.621938512211628,4.07277317029979,0.16651459357549364,1
27.40782352867185,1.0781036022371022,30.0,23.89199897468101,6.108001025318991,1.7469196630212253e-05,34,104.78752604403493,4.974612891723176,118.35501296465341,89.87132871002086,28.48368425463255,7.138143147742657,0.2615561632364341,2
3.862707861172329,0.23168200175152198,4.311184731307435,3.230989392324662,1.0801953389827728,-0.004811045136325375,31,62.304460111029215,2.8070566808259705,68.32977527792664,55.35785960163308,12.971915676293563,2.0529687209324665,0.061997291883944206,0
11.068680527222204,0.5831743560689872,12.567235723669969,9.889365943629386,2.6778697800405826,-0.00018023377920941137,31,79.95862478524862,2.8328565399515586,88.86706354993915,73.17929137583135,15.687772174107792,3.865643954387237,0.1384300995486123,1
30.0,0.0,30.0,30.0,0.0,1.3526773354174875e-16,0,105.19306222959332,4.826605176952661,117.15367466494071,91.17827988562078,25.975394779319927,6.465724847496471,0.28518990776532765,2
16.64219892028549,1.9440882217962527,23.014180083922458,13.136631828158519,9.877548255763939,0.033955804136184514,30,104.52143444735054,4.195339574452371,118.52018582427556,92.8841253367305,25.636060487545052,5.681840261811152,0.1592228316522546,2
9.37879664906994,0.4817459854533599,10.471723831501407,8.401615754105482,2.0701080773959255,-0.008256812688911815,34,80.00213276160048,2.8510995856152586,86.03080768306165,71.88074015814388,14.150067524917773,4.030194344347204,0.11723183130362438,1
6.5872216211494985,0.3458200021351042,7.448356631697731,5.784134946835164,1.664221684862567,0.009182322369057633,31,62.309014706165755,2.7224472443815753,68.64809279463695,55.67607112043749,12.97202167419946,2.859490067441585,0.10571859539899077,0
11.04294422557804,0.9631138573050584,14.16239474750303,9.090524274996458,5.071870472506571,0.012138106806324859,28,79.70844842543329,2.9915531801876187,86.34269716106213,72.68684602095192,13.655851140110215,3.8915864723473548,0.1385417017289822,1
5.563551757277421,0.3597265430833966,6.670934968785237,4.833948092367178,1.8369868764180586,-0.00043875109508523485,30,62.10527449708118,2.5621388667399287,68.25353020729206,56.97225021042796,11.2812799968641,2.71310732283692,0.08958259524247494,0
15.829463287539038,0.9501786292081023,19.12386653546765,14.278659847446834,4.845206688020815,-0.014044386146823202,30,80.05902235560761,2.6020437840544446,87.30076858169807,73.66263322427604,13.63813535742203,3.447029787733684,0.19772241309049504,1
6.200585910567736,0.34807673014333135,7.423745885072022,5.583171487338136,1.840574397733886,-0.0009433162750716276,33,61.83442955055304,2.5569982353485186,68.26304846266427,56.99282186323302,11.270226599431254,2.0753485085545376,0.10027723802677244,0
4.243702041974599,0.21478765528344373,4.793946806467893,3.7846864235758915,1.009260382892002,-0.0017427508222690935,36,62.43371222327586,2.154979285280028,68.18872074249512,56.860497852865976,11.328222889629146,2.0411172874529373,0.06797132226940024,0
4.646424445220669,0.20662050887681668,5.175151860778386,4.217353882744281,0.9577979780341046,0.0038068852879133063,30,62.420864563269014,2.6318201928126976,67.6611401537701,56.14987427381256,11.511265879957548,2.699005004569928,0.0744370396548108,0
16.145901993689534,0.8162123704519408,18.592987441484535,14.65644216467024,3.936545276814295,-0.004846274640338323,32,79.31574446006184,2.8411354352407674,86.3409590171202,73.29557779843046,13.04538121868974,3.989713681506677,0.20356490253022388,1
14.589943637254441,0.7151071685890079,16.7898909781607,13.095908744611004,3.6939822335496952,-0.009979977859000818,35,80.21842723464759,3.0219952963777352,89.07750357618055,72.58906265341685,16.4884409227637,4.455556898326629,0.181877705139987,1
6.5388943178747345,0.8387592993905111,9.240533849752651,4.986863374282621,4.25367047547003,-0.002397316141257575,33,79.67997664277134,2.7484114886194364,87.26762669297564,74.6651899823841,12.602436710591533,3.3012851669427024,0.08206445974659421,1
5.857712971056236,0.3471269629409367,6.853258139510041,5.259964773556685,1.5932933659533566,-0.004683372191192457,31,62.382294677941374,2.1927410834548677,66.39756819067307,56.521681751999864,9.875886438673206,2.354191391854324,0.09390024697548197,0
6.5843941489106115,0.33276476126333054,7.66567725889618,5.830039830075853,1.835637428820327,-0.009109463017120688,33,62.474058682172526,2.491926047479824,67.76308717446635,56.304530429778204,11.458556744688146,2.3910817268617506,0.1053940496648967,0
29.250770205682635,0.8809338910620317,30.0,26.29135181896352,3.70864818103648,-0.004138087935199207,22,105.65732576793816,4.280261126110561,117.45759231186985,97.23689564481231,20.22069666705754,5.87424859353108,0.2768456395828369,2
30.0,0.0,30.0,30.0,0.0,1.3526773354174875e-16,0,105.29315181042232,4.5063079082673685,119.40628666491352,95.18992407877121,24.21636258614231,6.742142652760817,0.28491881190046847,2
12.625809825203257,0.687644815195736,15.097892934805428,11.153985882015565,3.9439070527898625,0.006039060359130146,30,79.89675380877249,3.1673575291473925,87.89250828511847,72.35278632326644,15.539721961852024,4.318129170888627,0.1580265663533179,1
27.34726936602023,1.1009494463077114,30.0,25.048681312876266,4.9513186871237345,-0.007029457430409442,33,105.28839834954825,4.364948221086108,118.35501296465341,93.55213110147534,24.802881863178072,6.16385567703331,0.25973677570336784,2
19.638707185218472,1.7203032906724838,25.145613536618203,16.182700178924907,8.962913357693296,-0.007828280702620599,28,104.13140824220993,4.862102723739742,119.24355608053429,89.6249516092967,29.61860447123759,6.667502523223787,0.1885954231113764,2
16.559504653541502,1.2737028878029022,19.957918705621537,13.938281987850608,6.019636717770929,-0.004831528147231484,35,104.88899852459151,3.9151115007354758,115.64868216923,97.4566215023284,18.192060666901597,5.48575211631772,0.15787646682299683,2
5.729219048968726,0.2783637139934844,6.366417320417121,5.10982218481923,1.256595135597891,-0.007084347919918648,32,61.86502712829561,2.539692355395489,67.55380468033674,56.56705586197614,10.986748818360603,2.3458535198522337,0.09260836408394545,0
14.40249238937955,0.781587727870431,17.540736053644125,12.903245599175406,4.637490454468718,0.0028032491870112544,30,80.66518811333037,2.8110810286744625,87.25550644797221,73.26671128710679,13.988795160865422,4.02131325743645,0.17854656448080475,1
10.495822888748153,0.5473376935446606,12.040987331541396,8.823048148268615,3.2179391832727813,-7.009505138549582e-06,34,80.42418684574471,2.8335132611149576,87.1761804671759,70.13497173634575,17.04120873083015,3.8948484117931734,0.13050579893799316,1
5.834520008372303,0.3798197341088233,7.162018673100082,4.957583037555758,2.204435635544324,-0.0003566266457679979,33,62.2574340151312,2.488526166611719,67.12242588302271,55.683159404263044,11.43926647875967,3.0085231294213615,0.09371603579482944,0
13.875651396588289,0.6352248609455644,16.186128557505516,12.678558098226667,3.507570459278849,-0.0009088586274031791,33,79.94304720990826,3.041780116863371,86.45985413179605,71.80045136096035,14.659402770835698,4.021430207298248,0.17356920591962768,1
9.762497450417996,0.8213142901364564,12.327334598750626,8.273297187003584,4.054037411747043,-0.0018452021450275345,30,80.6180659467112,2.775552949843325,91.22462745755405,72.5214107483423,18.703216709211745,4.068296345033075,0.12109565287482071,1
23.479008793176014,1.301714932202892,26.70323411583834,19.840251202419495,6.862982913418847,-0.008878946531946414,34,105.56238126930073,4.736447399174148,118.5399063901486,94.09564941799835,24.444256972150257,6.681471288689267,0.22241833017067195,2
30.0,0.0,30.0,30.0,0.0,1.3526773354174875e-16,0,104.8727105157385,4.213099109147786,114.45729931655706,94.58906803449375,19.868231282063306,5.9778565681836655,0.28606106933258635,2
6.812306171136271,0.5527681190279855,8.652989395374702,5.303837798820794,3.3491515965539076,-0.004910521118307918,31,79.41927214632757,2.691352818283923,85.28990150230639,71.85262471835392,13.43727678395247,3.357187659146068,0.08577648599962387,1
21.309816156346013,1.3149963122349917,25.739531913393876,19.015370998769352,6.724160914624523,-0.019082865880476838,30,104.63626274498515,4.437585620608382,116.68578422186381,95.56153976497194,21.124244456891873,6.341695965878794,0.20365612641026012,2
6.17325392862535,0.5445901219094665,7.5482368969296605,4.9377590565754375,2.610477840354223,-0.006081998113368166,32,79.6979252027781,2.6207664806536672,85.80520100307996,71.07030248344923,14.734898519630732,3.604535112271659,0.07745815007681045,1
15.804641594605707,1.0877797063266772,20.256724996201687,14.231727989656141,6.024997006545545,0.01306537083023514,29,80.1179220655326,2.8039122467934696,87.42437221275289,72.2780461134351,15.14632609931779,3.9097955247363716,0.19726724046101735,1
10.683603652010879,1.286593902690469,15.422196234024264,8.98716570660262,6.435030527421645,-0.0014523531925478917,33,79.67428753026137,2.59000297028407,86.67789976823916,72.3872722244811,14.290627543758063,3.5232172797801065,0.13409098278867093,1
14.501396349440599,0.6982879724213539,16.62190744599007,12.960704649708259,3.661202796281813,-0.005286385622609259,31,80.14739367915402,2.1843632979200196,88.02667723931316,73.6726118962245,14.354065343088664,3.402925279435784,0.18093409533139007,1
19.669154290709,1.6405984493335608,25.455477431519178,16.182700178924907,9.27277725259427,0.011911305394232678,26,104.36578679932597,4.634299933546995,119.24355608053429,93.17870990251816,26.064846178016126,6.016875491633527,0.18846362112964407,2
25.061753269307115,1.2015720112875177,29.409682404111383,22.557641634447535,6.852040769663848,-0.005372088973772334,30,105.11624475191562,3.783478445744225,113.63369578290674,96.09471712355814,17.5389786593486,5.228840483253386,0.23841940976902132,2
28.004084612552024,1.2781064355600253,30.0,24.627505415505887,5.372494584494113,-0.02047658797902942,26,105.32816708874329,4.066728115411993,117.01831480702332,95.2838988124814,21.73441599454192,5.567618530192429,0.26587460050532197,2
3.1168213474216966,0.4497063854992024,4.585365826172124,2.363560332056759,2.221805494115365,0.007305797645861836,28,62.406011038759,2.6179306360953953,67.70297238013423,56.6760992854328,11.026873094701429,2.2788454997374785,0.049944248087602644,0
15.976519375581667,1.3868912668001778,21.35468840205485,13.172129159515976,8.182559242538876,0.0172728824149449,33,105.00115052003206,3.9875410898068813,116.08923128404477,93.57743712794377,22.511794156101004,5.769379961009396,0.15215565871707298,2
17.715391744793234,3.033590481957974,29.02350286374708,14.021154450132409,15.002348413614671,0.06041545512487402,30,105.17707610527108,4.381657816161511,117.5562892261242,94.83011992025196,22.726169305872247,6.396542642173938,0.16843396139504815,2
6.0256565430773295,0.3475566188825556,7.021121194294446,5.3516534601578085,1.6694677341366377,0.008382572550242768,32,61.70047598384492,2.4908074286305846,66.86631200152702,57.26160916039458,9.604702841132443,2.5086346960632646,0.09765980487727885,0
23.885399715865073,1.3090279610502726,27.265010723962135,20.894710423534313,6.370300300427822,0.009659811289485152,33,105.28605883157883,4.069647362990648,115.14202604786892,93.93948696474381,21.202539083125117,5.725153439111715,0.22686193931156154,2
9.661110443040478,0.6408130911631738,11.35282482716576,8.335474837321534,3.0173499898442255,0.006440208537405309,33,79.73148636618292,2.7958556257092355,87.2216994649496,72.4184227864831,14.803276678466489,3.517540777154613,0.12117057842743961,1
6.3497545963995,0.8605989838585533,9.24717950518752,4.592812322457788,4.6543671827297315,0.015052884496303704,33,79.99274248269387,3.230177672252148,89.67026894927676,73.78692431973309,15.883344629543672,4.569941772194305,0.07937913265561702,1
4.00236570071833,0.5672796951619861,6.391691745245265,3.304668445094825,3.0870233001504404,-0.0012808985903866778,32,61.58324104524916,2.456087809744105,67.23557736134659,56.79746323437627,10.438114126970312,2.4751473563099564,0.06499114966661766,0
6.44946992432129,0.800128048523613,8.738978032762077,4.592812322457788,4.146165710304289,-0.006938360773185043,33,79.97353658412867,3.049709137491673,88.03121947781801,73.3470231955836,14.68419628223441,3.8660112193502787,0.08064504983960138,1
11.105165455081655,0.5701844683519484,13.227704016368154,9.939475384107386,3.2882286322607683,-0.011259775016740633,37,79.77463291255762,2.8406340848476948,86.71784654985863,74.90559073872724,11.812255811131394,3.7598522912564145,0.1392067241230367,1
5.396941039038494,0.3635320748833161,6.697825391676071,4.590802501091761,2.10702289058431,-0.006764025263337228,35,62.58410814152495,2.265785753562106,67.67315589277781,56.73199807785731,10.941157814920501,2.2347592504134406,0.08623500618717907,0
5.911474092299105,0.3162593693001849,6.647245214060079,5.291596245775048,1.3556489682850312,0.007306865421556107,33,61.74454275671049,2.4837647677325445,67.49012936583074,55.872946914208605,11.617182451622135,2.3192902708985472,0.0957408336450237,0
30.0,0.0,30.0,30.0,0.0,1.3526773354174875e-16,0,106.0075000150296,4.306180011117613,116.3699315214522,93.46036738509949,22.909564136352714,6.4539744323954995,0.2829988417116506,2
18.64773521958603,1.9135266362930188,26.89561367120878,15.491715910807729,11.40389776040105,0.027366410106615464,27,104.53754773674683,4.127335628226907,113.04504227966251,92.13598111719942,20.90906116246309,5.947748194093834,0.17838313070211692,2
29.538030317707516,0.6497427232741227,30.0,27.117420029565164,2.8825799704348363,-0.0033223233575894037,18,104.53612625539427,4.081458332807704,117.12100770416207,95.61949370348862,21.501514000673453,5.604275222475375,0.28256289087066117,2
6.3525388346407965,0.24018164647874593,6.873992747490254,5.791113450994405,1.0828792964958494,-0.002415595241330493,34,62.21924970964311,2.5434636738417353,67.76308717446635,55.713821342606884,12.049265831859465,2.588569468730022,0.10209925002610555,0
8.94140941147961,1.1401011624742485,12.502774646790908,6.657049023771349,5.8457256230195584,-0.022645506933124306,33,79.71966198899543,2.872354558259266,87.03662276216407,72.42213460567424,14.614488156489827,3.5902975919775346,0.11216065241913893,1
26.278488944496413,1.1802127419683786,29.422064767409747,23.64320576134438,5.7788590060653675,-0.014296281390528721,34,104.60129728026581,4.146445429557691,112.84879888347947,95.78860329151769,17.060195591961786,5.838887231038821,0.25122526561846836,2
12.614754540094387,0.5806630618113371,14.238733168262721,11.02072708554966,3.2180060827130603,0.0054449721974068905,31,79.80946972266258,3.043972897509195,88.04190983032578,72.18831171990252,15.853598110423263,4.157811180042706,0.15806087204776212,1
3.2635791205804914,0.21746695155942042,3.7830140319325176,2.6400804423733195,1.142933589559198,-0.0001427385917261427,36,62.25879713397851,2.6811872099925274,68.33144220319842,55.67507392051718,12.656368282681242,2.7483627285302448,0.052419565079900775,0
3.4710371619694858,0.3841740006903053,4.612778142212247,2.771385199679472,1.8413929425327749,0.005661692693728457,30,61.351250838025145,2.393211183732898,67.63653352837423,54.82451746764875,12.812016060725483,2.2673710250685057,0.056576468417196296,0
24.93838778643719,1.7533905524049507,30.0,22.365558342066677,7.634441657933323,-0.022792610323088276,32,105.04859421359555,4.162168495769205,117.55751318679981,94.84329309711346,22.71422008968635,6.020512963728074,0.23739858430024607,2
4.088251232801713,0.29391044256970134,4.809492813330871,3.4668594719333092,1.3426333413975615,-0.00677487451431808,32,62.47925390293289,2.756258922969792,68.62597936613655,56.373851361900705,12.252128004235843,2.5937010210141707,0.0654337385929646,0
29.14511280021739,1.023979864768484,30.0,25.59720819776842,4.4027918022315795,0.001158040248023055,20,105.87990748185953,4.123146187047736,114.30376621796532,95.73349628934636,18.570269928618956,6.167764857184426,0.2752657536081157,2
3.800928595798359,0.23571528408307807,4.32078346458101,3.153500659055304,1.1672828055257058,0.0005527997050902534,34,61.77736295929773,2.322703240539431,66.62477795745099,57.36941000539597,9.255367952055018,1.9178009739406698,0.06152623472737711,0
15.18678500360559,1.4926249716422093,19.217409295173734,12.210376232689713,7.007033062484021,-0.012033280358053997,33,105.77286297670057,4.072117530409043,119.60145460548779,95.82362412447364,23.77783048101415,6.199884447000753,0.1435792171322023,2
2.77005416350993,0.4345598617144061,4.394917784969549,2.0764357560823608,2.3184820288871886,-0.006935212466510816,33,62.0019854925962,2.5145000927267556,67.60055739511662,57.01483499868886,10.585722396427762,2.526068270354074,0.04467686150411824,0
5.690976264837168,0.45628939889277925,7.262604106809612,5.051161600595307,2.211442506214305,-0.007156789853698787,31,61.78082694018866,2.334101227408026,68.40872986520736,56.35098238849854,12.057747476708826,2.290777517367404,0.09211557136053153,0
30.0,0.0,30.0,30.0,0.0,1.3526773354174875e-16,0,105.32030617317749,4.05094113511002,115.81028652462834,93.12589003126216,22.68439649336618,5.202249216887678,0.28484535228967,2
2.8423924778133394,0.29294051790863723,3.786717979796213,2.283663870843879,1.503054108952334,-0.0033385018057512966,33,62.625060423540056,2.522990712829666,67.30797807751863,56.24284745232997,11.065130625188658,2.1688798226673747,0.045387460119039755,0
23.70039855974509,1.6056243287828906,28.402052101329065,20.18212868365636,8.219923417672707,0.022645701888530094,33,105.07520234067408,4.127852454418132,115.33996387082226,93.78527996014998,21.55468391067228,5.913361984372856,0.22555653290437921,2
14.794110309491016,0.9263277984998567,17.23640014381377,13.21438729586114,4.022012847952631,-0.007329060612378691,33,80.36739616973337,3.0173106675165924,87.0926366711521,73.8443156853177,13.248320985834411,4.0173058991114345,0.18408099341884035,1
5.734371740028872,0.32018377062918774,7.067489974605785,5.146391839436733,1.9210981351690517,-0.007678220804097934,31,62.03768825914521,2.7657767578897325,68.62343006235812,56.63853595079455,11.984894111563577,2.3628909618042493,0.09243367714866245,0
29.970793757658825,0.13027800834776104,30.0,29.042329669021175,0.957670330978825,0.00024252441913126372,2,104.38009724729703,4.505927468226685,114.88614588788795,91.12204401575491,23.76410187213304,6.178439620854366,0.28713130434742556,2
2.799112193230111,0.28705941771451543,3.5895514703183524,2.050362051247297,1.5391894190710556,-0.005205335114244673,33,62.23874633879681,2.529561485152551,70.35897654071653,57.09104985082999,13.267926689886536,2.4445336521946874,0.044973787438123324,0
3.3291866547854,0.3628768921966874,4.585365826172124,2.6245598621476947,1.9608059640244293,0.0026691964526376196,29,61.88568760180929,2.671852103149709,68.43430599336773,56.77929178514715,11.655014208220578,2.080104156140359,0.053795743894947436,0
15.279463988988187,0.5482204682303251,16.89504309499392,14.197102630685148,2.697940464308772,-0.003030059583676301,37,80.06082665195642,2.9244625980107006,88.30308055269124,73.44744635159154,14.855634201099704,3.766267072973703,0.19084818927193303,1
24.23730125479493,2.0629830470247335,30.0,20.921954049320455,9.078045950679545,-0.005660924022996933,26,104.8605022251946,4.895030029081555,119.200212160602,94.19338529140316,25.006826869198846,6.9694109136438,0.23113851745250338,2
16.202308828196916,1.2219083353192595,20.256724996201687,14.550705897318856,5.70601909888283,-0.011022312371029805,28,80.16834213428206,2.6226417716236097,87.30076858169807,73.66263322427604,13.63813535742203,3.638490216587126,0.20210357598457576,1
29.219212865904503,0.8617171004348132,30.0,26.29135181896352,3.70864818103648,0.0040384987870062524,26,104.6395371641783,4.179611283876799,117.45759231186985,94.75142141194652,22.706170899923322,5.66692218833434,0.2792368293910078,2
14.797470187536355,0.8564321253712297,17.662326835097765,13.206512071449128,4.455814763648638,0.004580048258649772,31,79.79234201349564,2.7915356597919008,85.91793781302766,73.2194501685571,12.69848764447056,4.171908086235704,0.1854497515511431,1
12.681911596632553,0.5268843350236696,13.875304581820355,11.30170897605775,2.5735956057626055,0.004780875113046462,35,80.19369313441462,2.7441151738333747,85.68449526806526,73.61218416018073,12.07231110788453,3.338618888948831,0.15814100763803313,1
4.427347671472719,0.24010290530862408,4.957673108247256,3.781107769260868,1.1765653389863884,0.004944106544145456,32,62.44589334173692,2.896666849280715,69.56604203538247,56.21675133301766,13.349290702364804,2.8400171209781657,0.07089893928404539,0
14.758437616093731,0.6653034527204129,16.45474404486277,13.095908744611004,3.3588353002517675,0.007459810399940622,33,80.33832436230304,3.0980410282704396,87.5455659742654,69.99270636803695,17.552859606228452,4.42958586005718,0.1837035754670933,1
9.850720217112674,1.3632962453913697,15.667485420694101,7.873159606963791,7.79432581373031,-0.026336484997291635,28,79.85326914569971,3.2717091922206305,88.70022596028053,70.99744684893558,17.702779111344952,4.813395599929241,0.12336026062726196,1
6.575753196753584,0.22341966769386062,7.211220853390844,6.076212653667054,1.1350081997237904,0.001983226930244644,31,62.31946764931668,2.368924575007948,68.03763235049365,56.83666483932421,11.200967511169445,2.742094802085399,0.10551683670084831,0
7.696581871171246,0.6876334086109,9.709239148827665,6.2154019772583755,3.4938371715692895,0.005607404768089488,31,80.20018274389032,2.7420036766527858,85.86106719576416,73.07759068234445,12.783476513419714,3.4233970274128227,0.09596713513461963,1
4.412144559446845,0.303703030613069,5.417286933094733,3.7373106303503127,1.6799763027444201,0.006748655104063053,34,61.888006320182036,2.7179992262675716,67.9551666042115,56.20781751800741,11.747349086204089,2.2866553827231697,0.07129239977982,0
6.3315387062725765,0.41517104716560355,7.742794851117893,5.568134093061053,2.17466075805684,-0.011656518168881972,29,62.2352619233317,2.356247537997318,67.64543461018869,54.21940755024876,13.426027059939926,2.535273650510207,0.10173555005419466,0
29.936055794234786,0.22594952360865883,30.0,28.34346061907684,1.65653938092316,0.0006796099759626378,1,105.52269140617773,3.9574722498752783,117.39414038075189,94.70354354187447,22.690596838877426,5.83068372729344,0.28369306271114636,2
4.458845172833657,0.41180155444456673,6.169971952397169,3.659840992012896,2.5101309603842727,0.010457234670395197,30,61.93176120837601,2.656638411238542,69.58174523454927,56.89106266886888,12.690682565680397,2.785636804484186,0.07199609721795737,0
15.464709285688821,3.2416640325664385,28.63819375960055,11.75908544242082,16.87910831717973,-0.035557275144706406,29,105.74468755783995,4.286234858086017,116.43520042981346,95.21089361918487,21.22430681062859,6.607155622338741,0.14624573107735786,2
17.596775678440796,1.3559077971356428,21.827353379218568,14.873832873350853,6.953520505867715,-0.006313716920774294,32,104.88806764203342,4.44292890898093,115.40367412819718,88.14735164135658,27.256322486840602,6.077338879149044,0.16776718178018743,2
13.182770782056693,0.4787270690310403,14.226469935740694,11.903594299478156,2.3228756362625376,-0.005881278445540849,28,80.61644989793463,2.6648403692651175,86.22939590466544,71.14576688875164,15.0836290159138,4.000226776439871,0.163524573895555,1
18.35787983102273,1.1540617065781529,21.612544343741984,14.971604264293976,6.640940079448008,-0.0075917136403687545,36,105.10829036845867,5.061065917745578,117.64232257013363,93.88625877391189,23.75606379622174,6.808422026727286,0.17465681909592565,2
11.251717241894799,0.7230989796294464,13.571007154872166,10.052918727866931,3.5180884270052353,0.0018065520889395407,33,80.39443298931415,2.718221372865205,88.28118850940182,74.23395596394315,14.04723254545867,3.6890076375166827,0.13995642090583474,1
8.919453484278248,1.2519199134025174,12.991310678290978,7.27503724416405,5.7162734341269275,0.008798195787367125,26,80.34755714038997,3.0455898773521737,87.7820512849518,72.70236809753291,15.079683187418894,4.133964469948819,0.11101088434689495,1
12.926797611857246,0.556235137491868,14.152041925907572,11.833011778985718,2.319030146921854,0.00623719138063007,32,79.76320400878653,3.3238618759808802,89.36543915808689,70.75988446168299,18.6055546964039,4.120750257498803,0.16206467142880304,1
29.9783348856053,0.1744603418982937,30.0,28.27571298262212,1.724287017377879,0.00020283459111927884,0,105.17125960661626,4.354300660008734,117.72556153463466,94.00536243407329,23.720199100561373,6.557648785418836,0.2850430308878449,2
16.015495287093543,0.5125024602213095,17.599011912611683,14.867452324064278,2.7315595885474053,0.005264671115190756,35,80.0833565421214,2.9564732184264275,92.63081317055101,72.49592072749431,20.1348924430567,3.6138721174739836,0.19998531253725074,1
6.239032806224851,0.4315761436475162,7.912423046346491,5.7320480196600485,2.180375026686442,-0.004435876917692604,31,62.20998969165602,2.3919119904593917,67.74395621145324,55.74147056682769,12.002485644625551,2.3639096421796686,0.10028988490206715,0
16.857888870124704,2.231249120567429,26.66674755190778,14.954211857444603,11.712535694463176,0.020490455786965924,31,79.61273984088582,2.686008337644942,85.27394882026044,71.37635027703818,13.897598543222259,3.793010399342557,0.21174863083557083,1
30.0,0.0,30.0,30.0,0.0,1.3526773354174875e-16,0,105.46105634806234,4.385679135307439,119.24856198701758,95.12088332564072,24.127678661376862,6.422320574652345,0.28446519269182347,2
8.630622209025624,0.574125042482896,9.937443326524757,7.358744969655355,2.5786983568694026,0.007015263187153483,35,79.71747930010405,3.1628873604447056,86.63254488268296,72.42807714826726,14.2044677344157,4.154179162225706,0.10826511546193915,1
30.0,0.0,30.0,30.0,0.0,1.3526773354174875e-16,0,104.82767681617466,4.269551420940576,114.45729931655706,94.58906803449375,19.868231282063306,5.615965206948611,0.28618396042892286,2
29.152717049515182,0.9741941981929992,30.0,26.73428414332908,3.2657158566709192,-0.0032781332623620296,31,104.69071736794862,4.084363004512642,117.63825719976857,90.82073807594921,26.817519123819366,5.291855140645358,0.2784651543516428,2
6.663318281414953,0.875156886628409,9.838554070902264,5.117309556639197,4.721244514263067,0.009129609074308107,33,80.16921010078039,3.1881813578608704,88.90356085816225,72.80204236308859,16.101518495073663,4.105287988392157,0.08311567732702924,1
15.029805922891656,0.6000545514542918,18.049085645505254,13.636578762712478,4.412506882792776,0.008893988252438987,35,79.54071370062128,3.1517125716570717,87.71779620683358,72.46344884675744,15.254347360076139,4.0778174229014965,0.18895739093446015,1
4.822408295516106,0.2150771230478509,5.421071346083952,4.2846992135823205,1.1363721325016316,0.0002714097752997287,29,61.7479532081046,2.420225596152045,68.40539789816054,55.47617908126469,12.929218816895855,2.1808262933065428,0.07809826831288204,0
9.704159621068403,0.7714089730426513,12.327334598750626,8.269079021962009,4.058255576788618,0.013334835635277327,32,80.4088570729197,2.817366524074975,91.22462745755405,72.5214107483423,18.703216709211745,3.733332138608558,0.12068520625262548,1
30.0,0.0,30.0,30.0,0.0,1.3526773354174875e-16,0,104.82335498543068,4.404757693541197,115.29290257563045,93.44543042260844,21.84747215302201,5.861360939756858,0.2861957596947161,2
25.97763807051153,1.9548594361329323,30.0,22.414547870737106,7.585452129262894,0.020971549913448403,30,104.38421568642347,4.347583445532883,117.10748730924597,95.74064059014147,21.3668467191045,5.930796891277298,0.2488655746543554,2
14.378211396720035,1.3734901889215452,20.189282177392446,12.393874488959437,7.795407688433009,-0.0183455263377923,32,80.37358379487036,2.820190863256688,87.60223947805342,71.98246700210679,15.619772475946633,3.79092260799752,0.17889224965411382,1
30.0,0.0,30.0,30.0,0.0,1.3526773354174875e-16,0,104.82054331792416,4.3147299006158955,115.81028652462834,93.12589003126216,22.68439649336618,5.574964286732552,0.2862034365039072,2
3.2783825805785667,0.23863808013039967,3.9634399814039165,2.627023550690715,1.3364164307132014,-0.004748634247276064,33,61.88218441737387,2.2998338022088363,68.43430599336773,57.42500116524918,11.009304828118552,2.242865959624176,0.052977808693520013,0
3.016302091827665,0.6841200190750948,5.885294904700205,2.1334989887668425,3.751795915933363,0.008367226163955027,30,61.55526612932909,2.496016134837226,67.11465540954036,53.608155440145346,13.506499969395016,2.5967613317656553,0.049001527123427834,0
16.00262958561276,2.3344044184570154,24.971864739715766,12.287985943314776,12.68387879640099,0.028154048209286738,29,105.12070229831969,4.0767409780533015,119.70474855417443,93.83912744340937,25.865621110765062,5.521513503509496,0.15223099811460788,2
5.305482286405062,0.22365990307806563,5.908515489730983,4.812233525226493,1.09628196450449,-0.0036086438715727605,31,62.10425841837328,2.2835042029958865,67.24250861625046,56.4272925629219,10.815216053328562,2.5048461001256195,0.08542863784372667,0
9.14278910406798,0.45149618757443777,10.067395133399037,7.980477489356111,2.0869176440429262,0.0006729454869127746,33,80.72307920566897,2.855304698786385,89.43930777083614,74.42287542122493,15.016432349611208,4.388581273961166,0.11326115258205802,1
14.991307948549306,0.7873875431470627,17.67992593208132,13.581150639091105,4.098775292990217,-0.0036221233985643253,34,79.45534828700845,2.469679305444882,87.52490957724471,72.58906265341685,14.935846923827867,3.4091979331587927,0.1886758800140408,1
20.499191066359323,1.5170022096482987,24.73312041110757,16.523327768723856,8.209792642383714,0.015410285023064386,35,104.87326980447212,4.011385855479675,113.28346438392902,94.21077564032718,19.07268874360183,5.5765695810115625,0.19546630813659313,2
25.002734234963167,1.1568547111082075,28.01297125088691,22.519140477606346,5.493830773280564,-0.005222475966722227,30,105.2700130777067,4.231727294629747,112.72987536434592,93.41823461706124,19.31164074728467,5.62592421092348,0.2375105052850759,2
10.157238811241934,0.8882237398671755,13.69732634646188,8.67474910137995,5.02257724508193,-0.013637416652454059,33,79.95941712004097,2.7771663994014713,84.90869871441491,71.35882539869264,13.549873315722266,3.779890377702624,0.12702992405463906,1
14.537419095988948,0.6683814199767076,16.45474404486277,13.095908744611004,3.3588353002517675,0.009269020058759212,33,79.97447824785182,3.234425739101057,89.07750357618055,69.99270636803695,19.0847972081436,4.815046523050041,0.18177572686576057,1
9.80563431661131,0.7891044891688213,12.327334598750626,8.330811597852426,3.9965230008982005,0.007691015344062578,31,80.23005610886383,2.9887919298330905,91.22462745755405,72.5214107483423,18.703216709211745,4.125376583816749,0.12221896219400773,1
30.0,0.0,30.0,30.0,0.0,1.3526773354174875e-16,0,104.76646868079992,4.714386438853995,117.07116705527214,86.76215559505424,30.309011460217903,6.598374388493434,0.28635115883357826,2
17.413869678022476,1.1721075919230042,20.597260227051365,14.197748793217547,6.399511433833817,-0.01020539688694938,33,104.39535064670312,4.393528074486612,116.54725914871844,94.24412160905513,22.30313753966331,6.449712205173007,0.16680694497734774,2
3.8533937743151108,0.21429688812051922,4.421567621568486,3.3549921927613138,1.0665754288071723,0.00040027038648574097,28,61.67344569707136,2.472631566508625,68.22312053960843,56.501775055456406,11.721345484152025,2.857916455096204,0.062480597091358836,0
15.437357759763927,1.0278491583199203,18.876835606659505,13.795488756417356,5.081346850242149,0.019316278324901362,30,80.35758153256982,3.3298509807630814,86.92019806223267,70.72312633338167,16.197071728851,4.576800989643931,0.19210828988673215,1
3.9073909720585096,0.34994997097323804,4.944374258618398,3.1728933714495655,1.7714808871688321,-0.006847727960567573,31,61.61897305795579,2.6501017901596597,68.91750075475152,54.260226816507746,14.657273938243769,2.426988349869813,0.06341213939043207,0
20.74942842680563,2.3898903379533083,29.305662855555344,17.065779843706846,12.239883011848498,-0.004824972465131905,27,104.60123979227508,4.379418731279334,116.26738645703269,96.07521641718911,20.192170039843575,5.585331546043053,0.19836694354335038,2
29.953394751803344,0.1842897623278018,30.0,28.645471431201344,1.3545285687986564,0.0007979381711989996,3,104.7179514233468,3.9164929713180086,116.05775331281724,96.02298423490231,20.03476907791493,5.459009538854101,0.2860387742371981,2
12.099362082914395,0.7243389411096297,14.402224873604125,10.936676805649403,3.465548067954721,-0.013075322737330504,31,79.93244395907173,3.15933539119511,87.2070232580035,71.42724661719338,15.779776640810127,4.527477055284093,0.1513698484903058,1
7.480471543632811,0.5762966002635053,9.086061261169805,6.275997052210409,2.810064208959396,0.005317890355956166,31,80.05108224808771,2.593637071787823,88.75389050727655,73.77012638470143,14.983764122575124,3.300664319864314,0.09344622508667311,1
30.0,0.0,30.0,30.0,0.0,1.3526773354174875e-16,0,104.66051578485116,4.352481397956498,114.78039167696289,93.91065772652851,20.86973395043438,6.2450766069337655,0.286641045941618,2
15.443922841097663,0.4961641716707534,16.867695808317034,14.145701839807435,2.721993968509599,-0.00688245810725985,34,79.46142908904334,2.899506481842614,87.72945204031542,71.31409884514538,16.41535319517004,4.23875928382572,0.1943574741077706,1
20.631148750036985,2.0349136785566992,28.931283354773733,16.77574682511366,12.155536529660072,0.013658442024954314,30,105.62785330787517,5.149501571923501,115.77979798085846,93.77649061236752,22.003307368490937,7.001423122683521,0.19531920709004513,2
26.936741253051824,1.2890675294712215,30.0,23.64320576134438,6.35679423865562,-0.00022918747455133874,31,104.80656516117686,3.951191767537908,114.36797960954645,94.35345950952279,20.01452010002366,5.320303053912955,0.25701387078770555,2
9.47472597689941,0.525178589238828,10.907182747351479,8.222582428472638,2.684600318878841,-0.0051149686186843695,31,80.39594858992098,2.8669937312374967,87.23269673288553,73.05046420145365,14.182232531431879,3.7610839939965093,0.11785078757359727,1
3.961168635588911,0.17832443030024478,4.468806903544629,3.5177729939704325,0.9510339095741966,0.0005240902856863258,31,62.302542626849636,2.5566955021293953,67.70731347712587,56.63265719351533,11.074656283610537,2.649894677590465,0.06357956521508414,0
12.687638325926043,0.8087363632451305,15.302472598475601,11.321267516533027,3.9812050819425746,0.016452856067581408,31,79.86259669301006,2.679599617975239,86.2233026664463,74.01597382957094,12.207328836875362,3.843537260396572,0.15886834002942185,1
23.78948494875626,1.2431989465789182,27.83967224054878,21.130068198326395,6.709604042222384,0.003385863774808677,32,104.81879665200493,4.036014961958067,114.99210188026477,96.33160341419024,18.66049846607453,5.608141804425114,0.22695819339329376,2
14.99494457441515,1.1849439561296333,17.471303745859824,12.710123215159069,4.761180530700756,0.0024048141342214234,37,105.65581222517937,4.271244470829886,119.60145460548779,98.16071166560157,21.44074293988622,6.292072916423598,0.14192257024662822,2
12.676447295969242,0.5939035099186306,13.975908732324399,11.504794029350995,2.471114702973404,-0.01253700726966041,33,79.52285558539423,3.0784777934211176,85.52461068735941,70.75988446168299,14.764726225676426,4.015904268052606,0.15940633725043393,1
15.705904347348946,0.6504267667100012,17.865719790002238,14.212972504070391,3.652747285931847,-0.012906866547722882,33,79.82758739372485,3.04205923821238,88.84288975005452,71.31409884514538,17.528790904909144,4.410101598882414,0.19674782444741332,1
3.76226485199304,0.1875065139511444,4.3404107626658694,3.4213607642082784,0.919049998457591,0.0007484472659007325,29,62.57883304126331,2.4290516577502275,67.4987369957342,56.130758935281726,11.36797806045248,2.1673843878941144,0.060120405079971184,0
22.852973773401562,2.3450286535040052,30.0,19.16290052237104,10.83709947762896,-0.012499135380596021,30,105.12392166981437,4.0228359939582745,118.2273560201978,95.2288441406684,22.998511879529403,5.329540151407231,0.2173908011897623,2
15.313439241245062,2.4386560662020287,25.217059549562954,11.483123696345874,13.73393585321708,-0.0040842641826510356,32,106.00955817391221,4.032489502526356,115.82658128927625,95.86152187528018,19.965059413996073,5.945828148816733,0.14445338100239485,2
5.4695325443765315,0.24256437488573013,5.962064014066074,4.8504261909011595,1.1116378231649149,0.005284103450501157,32,61.68430745764127,2.7449358252502143,67.25960779957427,56.22647621070237,11.033131588871896,2.1807593854130496,0.08866975542300956,0
6.266253023038362,0.21572593628769063,6.72410978918448,5.609653510702162,1.1144562784823178,-0.0036606666219609002,30,61.77878056007427,2.2751177557149194,67.8206447665718,56.819928294698755,11.000716471873048,2.604624607749327,0.10143050517992168,0
15.436941608754298,2.466377345506972,22.214164655134077,11.743951888586308,10.47021276654777,0.0015863656179949319,26,104.76758786737115,4.528976751902679,114.8977254075561,93.36454771431447,21.533177693241626,6.3925091616490475,0.14734462991504413,2
3.3500154302622964,0.4068174330658899,4.921909668615403,2.5905864533481244,2.331323215267279,-0.0010673932363584053,31,62.41385175408541,2.3910825768959554,68.33144220319842,57.04987530468876,11.28156689850966,2.470913510160784,0.05367422907638105,0
15.706450460970578,0.931895620345385,19.444079753791517,14.44227251905025,5.001807234741266,-0.004642361405088872,29,79.49373048159526,2.70690612179271,87.6375779157921,74.01228733172123,13.625290584070868,3.384895731560321,0.19758099372410268,1
14.577004463425594,0.6035579697517358,16.53342888178002,13.033173028660933,3.5002558531190857,0.004862667062809904,32,80.79500168870008,2.7754034737115374,87.64018402659559,73.42561876639579,14.214565260199805,4.289081900376238,0.1804196296594012,1
11.970190130846024,0.6436144897893311,14.386440536385741,10.788156934546183,3.598283601839558,-0.0068172636200610195,34,79.78560841200681,2.8017795915028945,86.315196026672,73.86435518608543,12.450840840586565,3.5439003631647683,0.15002943787811251,1
3.909008815976542,0.21882079511191993,4.468806903544629,3.3616376716864274,1.1071692318582018,0.004211994141550128,32,61.73255686304014,2.780941755051035,67.70731347712587,55.95664075354515,11.750672723580713,2.694433285783365,0.0633216725710454,0
5.0856935327328365,0.28759128891783703,5.7872309454620385,4.533447027659285,1.2537839178027532,-0.007423454344263157,36,61.97214187402299,2.627061313143214,67.71320184821172,53.84962864160266,13.863573206609061,2.2896998613510195,0.08206418717956934,0
17.802611129269305,3.001160492158704,29.02350286374708,13.063896445960298,15.959606417786782,-0.030582187871003877,31,105.45026853442721,4.5567315828689035,117.5562892261242,95.31079353940386,22.245495686720346,6.598498961973941,0.16882470957987586,2
20.882423739438835,0.979716218627189,23.578604010403506,18.578811081925362,4.9997929284781435,-0.009116126713944364,32,104.72208115712196,4.258484786591177,117.22863951536175,95.56153976497194,21.66709975038981,6.177036205568747,0.19940802655267545,2
4.827114501207747,0.2605428710501234,5.341094843626375,4.041553285156,1.2995415584703753,0.005998189478924743,34,62.221299973397734,2.4837186130258297,67.71291348879741,55.58759970034527,12.12531378845214,2.603393144928753,0.0775797745417047,0
3.217249718130093,0.4447030109528144,4.8218540341015315,2.4733169448286856,2.348537089272846,-0.003920936096574647,32,62.23608346014875,2.715694712353234,68.43293772488657,55.961922789796574,12.471014935089997,2.5253412467434604,0.05169428228072695,0
4.833413886485278,0.24389008322467484,5.402895469019888,4.170468173165728,1.2324272958541602,-0.004309064741319791,31,61.81852866138115,2.370639796645727,67.77362809248675,55.01492062428102,12.758707468205728,2.500567875244961,0.07818713762622496,0
3.280924165030401,0.2079871920625274,3.876652209361948,2.7746608632426315,1.1019913461193167,-0.00264427161646721,35,62.27877172253959,2.606991459376218,67.6465563202521,56.16864103926945,11.47791528098265,2.5686308563308824,0.05268125914502787,0
5.40190759081186,0.24728373845314122,5.948638240948007,4.812233525226493,1.1364047157215138,-0.004732289934898492,31,61.582688616288664,2.4286559982802176,67.24250861625046,56.4272925629219,10.815216053328562,2.435056893305893,0.08771795490697523,0
24.420823173945738,2.0444333381744944,30.0,20.71853014611376,9.28146985388624,-0.022046872798338463,29,104.99377628108039,4.502986474366703,115.96950752381616,94.37986193063756,21.589645593178602,6.366485418574354,0.23259305271557565,2
27.527820925370143,1.176957108953319,30.0,23.588195366898344,6.4118046331016565,-0.01354849876169417,30,105.85889928198148,4.618370385117532,118.92141897127848,96.57841323102923,22.343005740249254,6.776206643368608,0.2600425741439119,2
10.342284469616402,0.5077314547313512,11.760694744926605,9.169815457479299,2.590879287447306,-0.004124372560264216,34,80.00603730663123,3.3763920929577487,87.40958775038186,70.13497173634575,17.274616014036113,4.540152851439928,0.12926879881214154,1
21.21803426477127,1.3359766361174041,24.706204120079924,18.072062953093766,6.634141166986158,-0.018059994151482486,32,104.48916256081974,4.702848785172557,114.57239782174153,89.21172837677142,25.360669444970114,5.88058510682903,0.2030644474670423,2
11.129309237660353,0.6300589090000576,12.567235723669969,9.889365943629386,2.6778697800405826,-0.002157647150295828,31,79.76414802545705,3.1097340673279175,88.86706354993915,72.68684602095192,16.180217528987228,4.1042761515877,0.1395277123072972,1
29.765125330069278,0.4464821207467503,30.0,27.886620646044754,2.1133793539552457,-0.0008569426608684936,13,104.25393953447738,4.1939119118588275,113.96968745170554,96.63168152417896,17.33800592752658,6.209345946169928,0.2855059979265319,2
5.885495923306257,0.2440471329365688,6.421923924638594,5.219833950375566,1.2020899742630275,0.0014750388236711702,35,62.16651443428791,2.7104820003623527,67.36650029785598,54.87101958445504,12.495480713400937,2.0342039738309845,0.09467308698566873,0
3.3702688098357294,0.30728001226582974,4.064525665127424,2.595343654941014,1.46918201018641,-0.005093687009265792,31,61.82167657347381,2.8342326644105666,68.0737925693877,56.17147812275066,11.902314446637043,2.3940000653115425,0.054515971454029755,0
10.811851532194419,0.8464758606307803,13.735307589930741,9.008769816420251,4.72653777351049,-0.016167920955288014,32,80.0611141653466,2.7829868859335924,86.2547418564922,71.88187111207806,14.372870744414143,4.0694851169218635,0.13504497795047185,1
6.217832632856093,0.2557039215840298,6.963468274456744,5.655708457192218,1.3077598172645262,0.0014632806977564806,30,62.24921271150379,2.5976793755954017,70.24032895365812,56.98770457522275,13.252624378435371,2.3449975142249517,0.09988612324764232,0
13.743359889909135,1.1336841086217746,16.475734432240852,11.47896228244858,4.996772149792273,-0.009288440284331548,30,104.46043201857464,4.037114322031939,115.7293220976004,94.77133301148803,20.957989086112377,6.184765433668609,0.13156522036880086,2
12.62460909661156,0.718029055834403,14.902226922321926,11.285113354005123,3.617113568316803,0.006781270640329798,33,79.74196668852993,2.795129268426939,85.44057063928089,72.34147539539009,13.099095243890801,3.475731709172143,0.15831825402055485,1
3.027471891131766,0.43912491171527374,4.52416501840933,2.3398953787133254,2.1842696396960046,0.010878588100310133,30,61.661276858006815,2.5216679775836224,67.05726620930123,55.21603606272994,11.841230146571291,2.7342974192037772,0.04909842929469299,0
4.959756560673267,0.2755845921390154,6.01353182374401,4.467665425651243,1.545866398092767,0.000767374106997177,33,61.7587684227365,2.4167261637447695,68.13565730189072,57.598974975502706,10.53668232638801,2.6506058137673314,0.08030853928976331,0
14.873690850157539,0.4666045817883795,15.866027508201078,13.857670772821054,2.0083567353800245,-0.00013454784919328204,35,80.09845522818198,2.501408330656923,85.56957505053424,72.86588964696848,12.703685403565757,3.430108744175508,0.1856926032105517,1
2.5474223015817836,0.26959374765558525,3.483587400064147,2.0828335829605775,1.4007538171035696,-0.003240269879017802,33,61.51348715746527,2.365202918285496,67.61727512954812,56.1933618933529,11.423913236195219,2.3948222279271842,0.04141241828232478,0
2.6763042478835386,0.2514702724438703,3.426365247654471,2.117503610009984,1.3088616376444868,-0.005088175016720949,30,62.116253931062474,2.552628034547506,68.49696053008375,56.854511014567024,11.64244951551673,2.5771769821704145,0.043085408977951746,0
13.632900041034066,0.6259561020381097,15.2223038586598,12.474609738100005,2.7476941205597942,0.006635365829844666,29,80.45421504624056,2.929331939087307,87.09903357308791,72.03638527278939,15.06264830029852,3.6487840322512843,0.16944916886889608,1
4.362122318062363,0.3759185795594858,5.8910520115726115,3.72773229205814,2.1633197195144716,0.009462971440110683,34,61.57011622402255,2.4776743052253387,67.75878810531631,55.93045490856144,11.828333196754876,2.5423588434191475,0.0708480430886757,0
2.434084056097204,0.24208677151727642,3.483587400064147,2.0828335829605775,1.4007538171035696,-0.0007272695604438598,31,61.80502956359958,2.360409868680997,69.71979520405397,56.1933618933529,13.526433310701066,2.7443794050676282,0.039383267573865934,0
8.507882709197249,0.5626480035318907,10.093648575247144,7.446280678494956,2.647367896752188,-0.0013398269262983491,34,79.70389236737671,2.9723896306268367,88.23509731116535,73.5637784661087,14.671318845056646,3.688750954719573,0.10674362756637404,1
6.594931509273071,0.3878281236737016,7.742794851117893,5.731711878374202,2.011082972743691,0.0007851326514007271,25,61.71978061662074,2.73202480367902,69.59955278668723,54.21940755024876,15.380145236438466,2.792365955104942,0.10685280045607126,0
3.7526308281546177,0.5498648735568913,5.744580815549066,2.839148811276341,2.9054320042727246,0.006125785704976436,30,62.2911972040937,2.4881587929401143,66.88748275465136,57.075064572328074,9.812418182323285,2.018321992917355,0.06024335598521204,0
7.524177080013431,1.8715536911930077,15.788201825498678,4.916818785639139,10.87138303985954,-0.033621387563648054,29,80.25818582046523,3.177183509275213,90.56438219042626,73.44687985433198,17.117502336094276,4.024640625311814,0.09374965194323108,1
3.6390046478181155,0.3404404092879116,4.555687624504472,2.956038473766577,1.599649150737895,-0.00844594387277094,31,62.13931137490336,2.5453334921731954,67.38295890154473,55.24706960212456,12.135889299420164,2.5108315359492877,0.05856203599201439,0
20.357476480308346,1.274918821593751,24.23206096579256,17.578087778074188,6.653973187718371,0.011630248911541203,33,104.83797274520681,4.179003808016896,116.95188489440392,95.56707053905087,21.384814355353043,5.4825851504635725,0.19418036950794357,2
7.937724669959649,0.46017144245849706,8.95032460784772,6.780941562665503,2.169383045182218,0.000822328736421006,36,80.0185805242007,2.6779018023759575,87.61759044033212,74.42392314400166,13.19366729633046,3.4472096426371843,0.0991985176287957,1
25.845772925567232,1.7194122009188575,30.0,22.20981565509513,7.790184344904869,-0.023036411227888767,30,104.4217099880611,4.218336453430808,113.84425137742244,93.50846379791233,20.33578757951011,6.44826030870841,0.24751340196410182,2
11.687809109464741,0.6114160764297912,13.765316364041329,10.24606488762982,3.519251476411508,-0.004173284066154806,29,80.19808199430118,2.8251358585854245,88.07094521390421,73.434219438369,14.636725775535211,3.773324516118202,0.14573676418543907,1
11.904385784132364,0.5276763578234591,13.390002539817722,10.848602555015756,2.5413999848019664,-0.001346651683445418,32,79.84744562370393,3.0310427073501915,86.58622590620661,72.89320071227499,13.693025193931618,4.0969014562310955,0.14908912291502588,1
29.998058341074717,0.019319262378041886,30.0,29.805834107471533,0.19416589252846705,-9.90345086404155e-05,0,105.65323992989835,4.41559082979223,119.31148042145973,93.4783942058747,25.83308621558504,6.5658739311361325,0.28392937194400536,2
29.258567533885962,0.9969650184151142,30.0,25.59720819776842,4.4027918022315795,0.0007593582071625243,18,105.65977948690234,4.276264964005567,114.30376621796532,94.75142141194652,19.552344806018795,6.24893385978475,0.27691300700281957,2
29.098957020837606,1.003787264294354,30.0,25.59720819776842,4.4027918022315795,-0.0014885537623513358,21,105.83588831164445,4.1095633856038,114.30376621796532,95.47056470838542,18.833201509579894,5.9773272123086025,0.27494413483079255,2
16.16202933923705,0.5003873334618396,17.513051231755515,14.939138108726159,2.5739131230293566,-0.00032400242443009214,33,80.36645744838707,3.0322463101242754,87.44170249332208,73.02875762594576,14.412944867376325,4.3810595415416325,0.20110416274740572,1
28.413131889800944,1.0672582996245397,30.0,25.909309143057623,4.090690856942377,-0.008120040392656867,28,105.01364415458197,4.827492198833536,118.32872539013269,94.43404279954798,23.894682590584708,6.648309195455435,0.2705660949867639,2
16.22637146268988,1.057084066675602,19.72867699139595,14.602254327854503,5.126422663541447,-0.0007099872071710278,31,79.77984522695053,2.917122053389944,86.3409590171202,73.7007321870406,12.640226830079598,4.096500401120505,0.20338935495727278,1
14.055736805892845,0.6529398752701555,16.24482413266519,12.845467753695688,3.399356378969502,-0.009136424094736315,36,80.28921281509207,2.6161550911068674,87.96048103965495,73.87878078750369,14.081700252151265,3.9083461253174603,0.1750638241179386,1
9.246375601247316,1.0213425835747898,13.398036484806896,7.700270405772473,5.697766079034423,-0.010488163943716468,29,80.00798204584524,2.917223781381264,85.69420037742317,70.71296186161972,14.981238515803454,3.8600755388474757,0.11556816269132876,1
11.869126769414224,0.6735589964962267,15.17330323034524,10.481198889207265,4.692104341137975,-0.0011937668324589804,30,79.50761592186309,2.71915509683014,87.72750619223982,73.29731289065792,14.430193301581895,3.6169960525951415,0.14928288922404415,1
5.059762614161451,0.2574904967529625,5.644044264751803,4.5017173910115185,1.1423268737402843,-0.0066718161504301845,34,62.50102630780564,2.5960245722443345,67.87395731870208,56.20427789579892,11.669679422903165,2.2601314306655036,0.08095487117744618,0
21.228310351152096,1.6530040379641038,27.233503790961922,18.471314735380417,8.762189055581505,0.014750601879759746,32,105.5647060739689,4.199017303895012,115.76234080940358,95.61668593616011,20.145654873243473,5.821722428200102,0.20109287412011173,2
10.893223457719124,0.5627485001913382,12.197697812698205,9.75437798203458,2.4433198306636257,-0.005776781439067586,32,79.86018854288278,2.7371807065719853,87.92162661549449,72.16630182522762,15.755324790266869,3.3308965671574557,0.13640367647599627,1
3.2401241248615475,0.3454904902386686,4.570314702240407,2.6194542597482853,1.9508604424921216,-0.0008454295426432533,32,62.16601534550803,2.694324962784026,68.43293772488657,55.961922789796574,12.471014935089997,2.5012015684636237,0.052120504342010515,0
25.15786391639901,1.268425640253982,28.495087485411613,22.519140477606346,5.975947007805267,0.009640299917916203,28,104.9888155569048,4.380809236391563,119.51170324251902,93.41823461706124,26.093468625457774,6.184126434647933,0.23962422609805534,2
8.000280041269379,0.6370911935112891,9.789291352842929,6.075217842191799,3.7140735106511293,0.004610388919645927,31,80.08202721146948,2.8786422216963463,87.84831706986645,72.79834968866834,15.049967381198115,3.8195344893816836,0.09990106669305818,1
26.421457869374454,1.9679378192048371,30.0,22.414547870737106,7.585452129262894,0.012926242469082298,32,104.48724745302563,4.434019384037359,117.10748730924597,95.74064059014147,21.3668467191045,6.084686839045475,0.252867773441778,2
3.651046850613865,0.35247800179677147,4.646518626269264,2.7853341580432427,1.8611844682260217,-0.00825257171532007,30,62.205847292139694,2.5789274749832534,67.98571655980061,56.64861637159779,11.337100188202818,2.368396116021823,0.05869298387295219,0
2.641500107035279,0.2623242165163059,3.2537157844941653,2.0686196540370725,1.1850961304570928,0.003941279458655882,31,62.22609098849152,2.7043521583419454,67.76972029912585,56.057121780548115,11.712598518577735,2.3841124249488415,0.04245004021020338,0
29.74229654589807,0.5345681612364809,30.0,27.435178075298722,2.5648219247012776,0.001818324331316975,15,104.69948652759638,4.255160263904215,115.23678258480497,94.24294231663713,20.993840268167844,5.914320813602965,0.2840729906921339,2
15.489168562859112,1.3513472790828664,19.63339103653695,11.67861814210946,7.954772894427489,-0.005297256832985283,37,104.10256450938701,4.414628326212333,116.9501385238457,94.94077122182622,22.00936730201947,6.8345182267362,0.1487875777803232,2
18.423172350098636,1.3643609630069897,21.921603444146246,15.210035608648756,6.71156783549749,-0.009026676973556576,29,105.34296453756218,3.8445766746669996,115.27258334239639,93.98267566969058,21.28990767270581,5.288253304861278,0.1748875423820253,2
4.611628589507355,0.3541178950403894,5.752576659097807,3.760347909445373,1.9922287496524338,0.006994955643605264,33,62.3475619187873,2.90671721491996,68.12762222980395,56.04287815803356,12.084744071770388,2.6346599000733484,0.07396646113520702,0
3.005962362911758,0.32662279958522933,4.184508886910517,2.363560332056759,1.8209485548537576,0.003046722256640881,29,61.83871219574654,2.5014092674495365,67.55044382525885,56.6760992854328,10.874344539826055,2.425149477508601,0.04860971723969375,0
16.67357749560632,1.2860665399193905,19.91570131195682,14.021154450132409,5.894546861824411,0.00816304579371125,32,104.98977207206558,4.180394475265609,116.86788004426187,94.83011992025196,22.037760124009907,5.83508633956068,0.1588114442743055,2
8.48876962338448,0.5964425429083314,9.943517635188888,7.133425512834986,2.810092122353902,-0.009060527854510666,31,80.23035697094345,2.8530136385104394,85.91809880671049,72.79692913190566,13.121169674804833,3.66387221213283,0.10580495760044854,1
25.364238252404824,1.4415073404246883,29.001226629946242,22.519140477606346,6.482086152339896,-0.002755563890152083,32,105.40779966174952,3.9936376693758024,113.62336671672712,93.54501230782668,20.078354408900438,5.426120923150992,0.24062961273424066,2
16.110085469558218,0.9326023784945483,19.72867699139595,14.602254327854503,5.126422663541447,-1.801852068248571e-05,32,80.06160692618931,2.8780011834949013,86.3409590171202,74.17208147057181,12.168877546548387,3.9995226941901887,0.20122110817972189,1
26.22767958093699,2.1787206511369184,30.0,22.414547870737106,7.585452129262894,-0.026392686233779983,31,104.81815910120888,4.299062622193653,115.90352814471177,94.84329309711346,21.06023504759831,5.8941607819608315,0.2502207590327137,2
25.3587162430756,1.316298640747337,28.959301304389612,22.52936209053309,6.429939213856521,0.013968308866963926,27,105.09502463084571,4.421462049468479,119.51170324251902,93.41823461706124,26.093468625457774,6.247329680623144,0.24129321146131147,2
15.633026876671472,1.719052949618439,21.167338686263754,11.67861814210946,9.488720544154294,0.010690689948264073,34,104.73569065033168,4.191048419581694,116.9501385238457,95.72382931634303,21.226309207502666,6.112544120300226,0.1492616951331506,2
4.31710108260178,0.24563536735944558,5.0469774381244985,3.6515155956040237,1.3954618425204748,-0.003598241566378468,35,62.3849501779205,2.419737391759523,67.68483589786086,56.82598837840614,10.858847519454727,2.0304838987134617,0.06920100122046266,0
12.737603588945902,0.5500029866302208,14.176626781107657,11.626472141739264,2.550154639368394,-0.0051844572134832866,33,79.2779578478881,2.7675381017568195,85.89352582562823,72.17055542463673,13.7229704009915,3.738610833464234,0.16067017584781348,1
29.09443156911789,0.8869743906378164,30.0,26.996449971658752,3.003550028341248,0.010828929693389432,27,105.47029136154248,4.394515028513512,116.00109990409703,94.59588549073736,21.405214413359673,5.797439688977942,0.27585428007902785,2
26.95300554060718,1.2872648223789378,30.0,23.64320576134438,6.35679423865562,-0.006124509549500268,34,105.01470158545386,3.948730943471548,114.15449853708677,94.35345950952279,19.801039027563974,5.5527705974333355,0.25665935223379455,2
23.449966807235686,1.6995706160925637,28.396541669052745,19.790977603348917,8.605564065703827,-0.030140149337974955,28,105.26415918868278,4.983944712086934,119.200212160602,94.90561065980236,24.294601500799644,7.364914787681197,0.22277256347461794,2
13.966003215120178,0.7461344719082902,16.03185228619924,12.393874488959437,3.6379777972398024,0.000750025355184525,30,80.21931445420903,2.913334277632606,87.60223947805342,73.8559041048195,13.746335373233919,3.75258932843396,0.17409776106968008,1
6.658888988064075,0.6265947842270995,8.809550777346365,5.633622638733851,3.175928138612514,0.002933929146943686,24,62.125340388824206,2.6082331231798666,69.59955278668723,56.084595597406164,13.514957189281063,2.7423629452751976,0.10718474682316917,0
12.62255889313549,0.6405826338017186,15.097892934805428,11.370299935893899,3.727592998911529,0.003229863714587243,31,80.3606430228033,3.199811632842522,87.89250828511847,72.35278632326644,15.539721961852024,4.2943779662858,0.15707388917333326,1
6.350956070728979,0.6136163547216777,7.886990325262543,4.986863374282621,2.9001269509799217,0.002297121381133153,34,79.56107447174868,2.690168537128652,87.26762669297564,74.80252603215942,12.46510066081622,3.469069956552815,0.07982491479748961,1
6.6360248759278955,0.4768335592559353,7.6463187911354344,5.594301865561862,2.0520169255735725,9.651110714995248e-05,31,79.7769766999682,2.770809258252908,87.42844389555883,73.28737676680825,14.141067128750578,3.9801748464005784,0.08318220453130228,1
6.18302307547119,0.3302580431121057,6.961680405033742,5.280240736755139,1.6814396682786032,-0.00890752519991341,32,62.19253138451632,2.753070156155757,68.48309224877816,55.59722620258643,12.885866046191737,2.7290822109078094,0.09941745155581633,0
9.225857889423152,0.46955524792669445,10.464801603974777,8.212402637745248,2.2523989662295296,0.003225800161909528,38,79.49656041166081,2.897203500251801,87.15121860394643,71.88074015814388,15.270478445802553,4.027929320757459,0.11605354653830188,1
19.600588928651483,2.2411403464499067,27.2529970059118,15.957457919055628,11.295539086856174,-0.04345695011543603,34,105.4001308303622,4.193678409573495,116.48507830286417,96.25368442392637,20.231393878937794,6.162873293321095,0.1859636092315135,2
3.8562955134602195,0.2524523608526707,4.553349229739831,3.2835231321561333,1.2698260975836972,-0.004399834296565691,33,62.41322864753014,2.594136798668153,67.79791022152932,55.96959681716236,11.828313404366959,2.418771065554689,0.06178650800860813,0
16.457015814883437,1.912765363545149,22.488421848937016,12.362148221939814,10.126273626997202,0.010488458164032599,32,104.93129100845468,4.143113303884068,114.3057065521412,95.874977501485,18.430729050656197,5.930498562113841,0.15683611151530888,2
2.7605762143145642,0.5492204735320919,5.104526174573568,1.9211324324384011,3.183393742135167,0.006312302435754654,31,61.840169943100506,2.073183735087169,66.55563422435681,56.93285278607532,9.622781438281486,2.2701885727043876,0.04464050102407683,0
4.554788695224055,0.4128912211116717,5.781959887425276,3.659840992012896,2.12211889541238,-0.008544387667294004,35,61.60172214828615,2.5760377026906225,66.95098471552836,56.37309488181075,10.577889833717613,2.3085067283262175,0.0739393066044578,0
4.397217534914181,0.21802998471362628,4.90185430921934,3.728959720237527,1.172894588981813,0.00022257518446561949,37,61.836552717935426,2.797970886838032,68.91148280662028,55.762804656789555,13.14867814983073,2.863096116829586,0.07111032666813687,0
5.270712084960947,0.20343591870127006,5.908515489730983,4.76026505464279,1.148250435088193,-0.00034194385243745633,30,61.467818396574806,2.5391952454288607,67.24250861625046,55.531592989244075,11.710915627006386,2.6128726397127258,0.08574750392486917,0
2.6383500477720334,0.2387333854002634,3.278428972815998,2.232299481150234,1.0461294916657637,-9.51602024056753e-05,31,61.645412351920015,2.5354957722278635,67.31186736516283,56.57785137503747,10.734015990125357,2.124812141725455,0.042798805366269135,0
5.215252330739619,0.23780247283126657,5.838896847224474,4.516658071606051,1.3222387756184224,0.0039820013500601326,32,62.218516180006276,2.3018535050662665,67.23516850969605,55.34434238057642,11.890826129119631,2.643263502682222,0.08382154649637848,0
3.860921114978386,0.25697839610991535,4.569418541446328,3.2333240443691094,1.336094497077219,-0.004976752868175889,34,62.24903901647153,2.491984602654655,66.68655653003077,55.2118601003126,11.474696429718172,2.343163947446858,0.06202378565126081,0
28.450358018796734,1.0773383981871538,30.0,25.62679020958118,4.373209790418819,0.002209707345774425,25,105.2254539377146,4.825549884092527,118.32872539013269,93.6797197649386,24.649005625194093,6.5314294414696565,0.27037524366739174,2
9.873123598449371,1.496303318679258,15.667485420694101,7.741578435036939,7.925906985657162,-0.013311342303230915,27,79.85271091537149,3.388289417296352,88.70022596028053,70.99744684893558,17.702779111344952,4.932607885114097,0.123641681811796,1
28.336393856413583,1.3285885294396909,30.0,25.215657472100023,4.784342527899977,0.005605641420274243,26,104.14359727550372,4.612033748286047,118.64977657031723,91.62244347507607,27.02733309524116,6.380491186990973,0.27208963705528855,2
4.833704883199191,0.226103333377903,5.487547717523097,4.353039011213843,1.134508706309254,-0.004949559599811598,35,62.37690310071854,2.159713689378153,67.49501946026275,56.78631931248607,10.708700147776682,2.108775129472137,0.07749190109522461,0
16.173065838241886,2.3780736617864937,24.971864739715766,12.210376232689713,12.761488507026053,-0.02017985326388503,24,105.90145683487883,4.127796745466888,119.70474855417443,95.82362412447364,23.88112442970079,6.429591445784524,0.15271806610499047,2
9.285708371880965,0.7496497183953875,12.248577013191873,7.873159606963791,4.375417406228083,0.001432864220407763,29,80.42870955607368,2.9936022559557256,88.70022596028053,74.32531786018903,14.374908100091503,4.64262359128171,0.11545265748612381,1
7.201482727644955,0.9029367786682557,9.838554070902264,5.4268755363093,4.411678534592964,-0.0023848894045029228,33,79.4538040284473,2.731309364130632,87.17947362319079,73.3491052906138,13.830368332576981,3.530089201360129,0.0906373549393458,1
3.752228819868188,0.2510376819410547,4.613679291717997,3.1728933714495655,1.4407859202684312,0.0013834888791795655,34,62.168796375324995,2.8206718671537203,68.91750075475152,55.60003041760688,13.317470337144634,2.4374825363516366,0.0603554995155409,0
2.853428930194033,0.44281735799885996,3.9048844274677683,2.006833791466122,1.8980506360016465,0.009910273536117085,28,61.61191181192353,2.388996095779799,67.1716347377046,55.7500449673066,11.421589770397993,2.624847059191667,0.04631294176670683,0
2.7973629725801747,0.24311871710076766,3.332473456918873,2.217778806904969,1.114694650013904,0.0037651836999253933,32,62.09382593611239,2.623296129600772,67.86534162454511,55.17175088152479,12.693590743020323,2.432082634947185,0.04505058088074276,0
7.18680440149194,0.6545147358097285,9.32221046973494,5.813877408631155,3.5083330611037855,0.011229938402918287,32,80.21201556737213,3.0389832577088423,86.12424423006276,71.4245013638492,14.699742866213555,3.5422969175014063,0.08959760281622589,1
7.767724255431407,0.8623100760410973,10.465461116654438,6.080493339494934,4.384967777159504,0.008050830188007495,27,80.41611284163977,2.895633445216465,87.21526009258065,73.8305325416794,13.384727550901246,3.638290418392589,0.09659412628081077,1
25.07414656619211,1.6355758004981902,30.0,22.035200735909985,7.964799264090015,-0.024125965164579113,28,104.36941653844379,4.167210751001695,115.05517372005949,90.68436303768507,24.37081068237441,5.487145021810643,0.2402441937261575,2
15.046462373638017,0.9544752210262365,17.28975423726482,13.21438729586114,4.075366941403679,0.008006560284105636,31,80.24174962588854,2.9802975454498144,87.02697673307797,71.71554341919204,15.311433313885928,3.9167922607782812,0.18751413392996874,1
13.644384277798807,0.5074402937946135,15.2223038586598,12.609359366523854,2.612944492135945,6.368031911633489e-05,32,80.12828983326906,3.0433437961387995,87.09903357308791,71.80045136096035,15.298582212127556,3.6714715667274525,0.17028173365372337,1
7.564829522328219,0.9012265952370984,10.791916521323602,6.002480882980124,4.789435638343478,-0.006486203407350024,31,80.5522265683384,3.2487686216845857,86.79348327948334,72.33325745332637,14.460225826156972,4.542887642317739,0.09391210833878451,1
15.71770817731843,0.5604447765884147,17.231077913721567,14.310179506250515,2.920898407471052,0.012525141025568566,33,80.13431963929757,3.1976122202818575,92.63081317055101,72.49592072749431,20.1348924430567,3.8750031688885063,0.19614202818374585,1
4.520459451321877,0.27102276079583576,5.100814211266054,3.728959720237527,1.371854491028527,-0.007086738260097451,34,61.76044295440011,2.6324268536466784,68.91148280662028,56.1579525571743,12.753530249445987,2.553616290008959,0.07319344165756791,0
10.479266958133794,0.6274743089226974,12.040987331541396,8.823048148268615,3.2179391832727813,0.00424275303728395,32,80.44071852990005,2.6060788104240524,87.1761804671759,73.3974703425542,13.778710124621696,3.0417242245985876,0.13027316288784088,1
28.2900148952638,1.2124601022343628,30.0,24.678488135390722,5.321511864609278,0.017142918894878394,24,105.0286001930754,5.065715349070956,118.32872539013269,93.6797197649386,24.649005625194093,6.884375821464133,0.26935534296279834,2
4.870432517663144,0.2690544096113432,5.533470920026261,4.150827383639752,1.3826435363865093,-0.007203375037383042,31,61.71483433992266,2.629145211884361,68.6799911170698,55.32591711676167,13.354074000308131,2.2092077612721397,0.07891834258062928,0
11.267091672039781,0.531314690014028,12.931874943333021,10.105136895813219,2.826738047519802,0.000418265767005893,37,79.67564723353595,2.8203821059394754,87.09095621512489,72.16630182522762,14.92465438989727,3.732842002371854,0.14141198624471807,1
22.73504140592203,2.2386438509275983,30.0,19.56190978647002,10.438090213529978,0.005394012371070486,29,105.30805144857705,4.580939476217493,118.2273560201978,91.59579260643558,26.631563413762223,6.2819395967477725,0.2158908162984381,2
3.1962435405669614,0.3516250449646193,4.049366825795902,2.5834005577320034,1.4659662680638985,-0.002183928811833279,28,62.4529308874593,2.520075099780188,68.82201166644421,56.60005466503337,12.221957001410843,2.422672509033076,0.051178438609201224,0
29.921862817427638,0.2420896570693942,30.0,28.696802709741785,1.3031972902582147,0.0008942476421594348,1,105.05984406244633,4.537504595580618,115.6461535055195,93.82290915983238,21.823244345687115,6.435662265417973,0.2848077950204708,2
5.472677006842439,0.35122245358251253,6.720633745441763,4.699822693273167,2.020811052168596,-0.0009349699249906492,30,61.42176701702414,2.397687514050352,67.75803990468293,55.29437416152338,12.463665743159552,2.607888797267727,0.08909995891563377,0
2.972586198929988,0.2874307652265411,3.5895514703183524,2.050362051247297,1.5391894190710556,-0.006136060134882734,32,62.42071854069743,2.828482207235389,70.35897654071653,54.76340193862997,15.595574602086558,2.3890922371393177,0.04762178681698637,0
5.0096355274641065,0.23083368340090604,5.619428902105417,4.513901095405127,1.10552780670029,0.004227977198761179,34,62.02778736548535,2.498629408807352,67.41274656629308,55.33469680431006,12.078049761983017,2.2160889603690577,0.08076437447593506,0
14.925573124733686,0.48367858237777317,15.970017128565587,13.636578762712478,2.333438365853109,0.003090358329525438,34,79.30849218154592,2.941795990197922,87.71779620683358,72.46344884675744,15.254347360076139,3.9612417117480345,0.1881964027555964,1
3.8277785059645453,0.19865909497892148,4.306581061242922,3.3643175041852107,0.9422635570577116,1.1051813350462203e-05,33,62.28373173103553,2.7585802128401506,69.14784393735067,54.36933073004729,14.778513207303384,2.592158783146294,0.061457114693082474,0
13.533141203717513,0.48732887422301385,14.733443974641164,12.173807408900691,2.5596365657404725,0.002954317335170174,35,80.22186549423702,3.106181906449505,87.10725845448678,73.94056588154099,13.166692572945792,4.188069802847157,0.1686964140218516,1
4.1464514883167025,0.2628226390142125,4.809492813330871,3.5981856162826142,1.2113071970482565,0.005013418870819555,32,61.92101105745012,2.6531382762597038,69.91052992958669,56.89018864987142,13.020341279715268,2.5921696931947746,0.06696356132664043,0
6.249397901952209,0.20916145306267128,6.72410978918448,5.735695684696186,0.9884141044882941,0.003968277314302433,31,61.52899487009247,2.646417155061652,67.8206447665718,55.28268201363709,12.53796275293471,2.62697820232598,0.10156833885517491,0
15.580806228153246,0.6270703140716506,17.201462967399245,14.278659847446834,2.9228031199524107,-0.0025044314829152955,32,79.85094776494009,2.73135899789972,87.30076858169807,73.11502497262984,14.185743609068226,3.7069627768208977,0.19512362055983815,1
15.9160160968991,0.5307429188424133,17.07524652414976,14.615267314090227,2.459979210059535,-0.0019942899899828255,34,80.30805658101757,2.571837649243726,85.51483758561389,73.23909229558654,12.275745290027345,3.4035648248222437,0.19818703846550476,1
21.215419565729928,1.5177216968730007,27.233503790961922,17.72875669924643,9.504747091715494,0.011137905808708982,30,105.67480574303215,4.167987349606852,115.38036946259784,95.54055147730932,19.83981798528852,5.716689869254608,0.20076137557856288,2
5.934581306119659,0.5277085357500465,7.892523278217396,5.094143058161649,2.7983802200557477,0.0005319014540554398,30,62.092456535999744,2.3943610273302682,66.87880139045635,55.73845191042866,11.140349480027687,2.309324133000839,0.09557652477644211,0
17.94057572770664,2.2431990889873417,27.04377705099991,14.449712101310606,12.594064949689304,0.0005564004544859941,32,105.73791453166652,3.8988032135207646,115.49647113460189,96.39718636401282,19.099284770589065,5.325720959228114,0.16967022318814082,2
28.54429789026044,1.0029878935723395,30.0,25.352670664575164,4.6473293354248355,-0.004033154426039538,29,104.89915092286107,4.7531085943562905,118.55909495798056,94.5698135948343,23.98928136314626,6.918206920800728,0.2721118080273028,2
2.945813330975915,0.42903081860392006,4.383771214380917,2.040675334950371,2.343095879430546,-0.01054871938754221,32,62.35054536291421,2.4576923444447587,67.73700934683009,57.50724842454191,10.229760922288179,2.2459656483876596,0.0472459906578793,0
17.40337478220371,1.3746676975461485,21.827353379218568,13.684145758998277,8.143207620220291,0.007865936312712868,33,104.40766170359574,4.756953848794707,116.54725914871844,88.14735164135658,28.39990750736186,6.531266529115737,0.1666867577680613,2
3.2054821335857833,0.22574015477361126,3.7714605984680065,2.6740083898860756,1.097452208581931,-0.0038013406832217308,32,62.02189188206311,2.3584585511760743,66.9457117019908,56.60293408415549,10.34277761783531,2.2092358821634166,0.0516830748729505,0
11.05992657547135,0.7841805536494258,13.571007154872166,9.722055012406248,3.8489521424659188,-0.016150550073471888,34,80.32954436599624,2.92075606048685,88.28118850940182,74.23395596394315,14.04723254545867,3.804354581923109,0.1376819266818987,1
16.21638119437992,1.378538225765194,19.73660992088081,13.555728946899897,6.180880973980912,-0.007835766716651251,29,105.12044734916397,4.066822006580876,118.1316196101966,92.95717101220265,25.174448597993944,6.226625859250372,0.15426476436360148,2
2.858306149468784,0.2882780597756254,3.483002968119287,2.1299059455409197,1.3530970225783672,0.007650979398059005,33,62.376743518563586,2.5643152133118035,67.2751742507176,56.057121780548115,11.218052470169482,2.4436849805680496,0.04582326589067404,0
14.892002754557197,0.9255405970013845,18.88268130187318,13.36575808757095,5.516923214302231,-0.005065264788232204,30,79.45678127495091,2.9357794889964204,85.38714059746803,65.414834001949,19.97230659551903,3.8419269025447216,0.1874226759274641,1
23.239796412205123,1.608211172341525,27.8111657618994,20.158923777811783,7.652241984087617,0.014088752708412268,30,103.84097934739367,4.240906926722158,112.48284843108284,94.06364019051114,18.419208240571706,6.0795088820735845,0.22380178167095305,2
19.846618534088396,1.7369682509403932,25.440244526210808,16.347596482645134,9.092648043565674,0.001824880755088438,29,105.16984642667147,4.242998059665962,117.36163545744284,94.0838023384591,23.27783311898375,5.80363920700436,0.18871015808904956,2
3.238966906107558,0.4712510821829877,4.921909668615403,2.4372033095759917,2.4847063590394116,0.004729337642983943,29,61.70449987318118,2.3870352559073376,68.33144220319842,57.03153740667618,11.299904796522242,2.4746888114287233,0.052491582628056234,0
5.621042450457388,0.27230426300830113,6.433342968947226,5.126894442231431,1.306448526715795,0.004512200226347646,33,62.493712104725375,2.670494581919812,68.62343006235812,56.84680690475572,11.776623157602408,2.2765977356846294,0.08994572687716264,0
17.924802446226373,1.3339230952978476,22.595286528064705,15.69857636397721,6.896710164087494,0.0025991323974950465,35,105.71210314523242,4.274683668514195,116.64080439298883,94.0724600464824,22.56834434650642,5.639674409021798,0.16956244122811528,2
16.2842444047807,1.3071241378361436,21.490713875775725,13.586336643033771,7.904377232741954,0.006107005989681222,31,104.76106112922187,4.469429425139423,114.46357073601044,94.66388579250233,19.79968494350811,5.768165666966782,0.15544176503951654,2
5.7555289336963815,0.47374640317384026,7.892523278217396,4.644583615028318,3.2479396631890785,0.010387978518795924,32,62.062111127488464,2.375343734337836,66.76570541876686,56.527537903843424,10.238167514923433,2.270692249270294,0.09273820591012646,0
4.926637930480543,0.2967033179995187,5.708901104087575,4.347117512007975,1.3617835920796004,-0.0006294017468610124,35,61.68255639030007,2.259111404572275,67.78645927884882,56.361977848125704,11.42448143072312,2.5169583314974813,0.07987084418868931,0
6.81468956697145,0.8271212209990164,9.904179972641874,5.369190686101928,4.534989286539946,0.001751534118010284,31,80.03705065783049,2.808602655276024,85.80842765492041,72.88055929011344,12.927868364806969,3.712106746115762,0.0851441854218368,1
21.30047583848449,2.3792832076591646,30.0,16.7599860757141,13.2400139242859,0.0032542785483545686,29,105.40773811994866,4.260828333929763,115.67837546207826,95.8159969770357,19.86237848504257,5.991098771715902,0.20207696338354844,2
3.0412808684958232,0.3635492532662424,4.83423459033731,2.5859632191201563,2.248271371217154,0.0028241835941642613,32,61.75606513157008,2.6271733218819677,67.33876330912592,56.85567493986118,10.483088369264742,2.6808900050839712,0.0492466741974211,0
3.676959584055947,0.42485489016820754,5.201490864321807,2.6856340138495662,2.5158568504722405,0.00996194073512372,35,62.37058820074687,2.673950086008365,68.13525102377503,55.104119114925936,13.03113190884909,2.710512927155347,0.05895342069354567,0
9.514169712748812,0.4932194207682013,10.994904943448187,8.427708381041878,2.567196562406309,-0.006067488319757161,34,80.04292039922608,2.697567268837489,86.03080768306165,71.88074015814388,14.150067524917773,3.7568334127721195,0.1188633491435859,1
14.13264151778193,1.2905546091991,16.785300213094462,10.990436765846981,5.794863447247481,-0.001079685251543193,31,105.6530955592944,3.9282051916256018,114.30038074317875,96.78455342611036,17.515827317068386,5.565729170172257,0.13376457461282681,2
4.313741853347955,0.35088329232790283,5.916569510655702,3.7171879904920906,2.199381520163611,0.00010410023629080398,31,62.2780058419124,2.746222978766443,68.51393853521309,57.46476863546692,11.049169899746168,2.3119615178303867,0.06926589452835306,0
9.714792606356806,0.5710756766252706,11.19240708018262,8.220398870448882,2.9720082097337386,0.010622327329607174,33,80.17992205108447,2.9911690839722516,86.96092598793116,73.09810185491558,13.862824133015579,4.212082690898358,0.12116240870133148,1
16.98613598781209,1.6635174827408823,21.03184206595679,13.612022469917477,7.419819596039314,-0.004173370567979086,30,105.93251886302046,3.847492484407111,115.48309138902069,93.14147291690263,22.341618472118057,5.353176993844173,0.16034864468226165,2
9.514668499361026,0.4782370068697492,10.994904943448187,8.00219717163054,2.9927077718176474,0.004758984009007075,34,79.93347600383268,2.5655839539632947,85.69231947851885,71.69438732425992,13.997932154258933,3.7208002187069407,0.11903233608747951,1
30.0,0.0,30.0,30.0,0.0,1.3526773354174875e-16,0,105.9155231779896,4.055578242925484,115.09147018033434,95.43114434898236,19.660325831351983,5.504995970119901,0.28324459736030205,2
17.740039182009617,1.577567190894548,24.254841773841626,15.185401829328557,9.06943994451307,0.010954714383260036,30,104.75634217262244,4.811232176603386,117.41292399108835,90.91870338383079,26.49422060725756,6.8609560888715535,0.16934572785513088,2
4.182549392311476,0.23942432388266008,4.8755568590879514,3.5478051955113292,1.3277516635766222,-0.003637358627887742,31,62.40738721735538,2.058778639271249,66.75583642375045,56.98442090243746,9.771415521312989,2.3114004481806547,0.06702009989176756,0
16.491848210907843,1.6167909658975004,21.15433106034411,12.362148221939814,8.792182838404296,-0.0152911192684076,36,104.82881302155207,4.016779429831011,115.19214355746303,95.83215713568077,19.359986421782253,6.1760621954952,0.15732170934908446,2
4.8960232787728755,0.5182248284406815,7.0189176838482625,4.228884254202324,2.7900334296459386,0.011092931208138047,38,61.73437478837095,2.634975874064348,67.7344706034689,55.02862854050966,12.705842062959249,2.7537625210917387,0.07930789315108214,0
30.0,0.0,30.0,30.0,0.0,1.3526773354174875e-16,0,105.05357269030374,4.170033545746723,118.21753331005354,94.31496003767691,23.902573272376628,5.923741704714041,0.2855685813072816,2
29.898492191274578,0.2937066790588945,30.0,28.535369600634983,1.4646303993650172,-0.00044013526972153734,2,104.33933739623073,4.586958299982286,116.05349694245614,92.95262991830505,23.100867024151086,6.36067692927757,0.2865505249586158,2
14.823747116886837,0.8040203569422282,17.67992593208132,13.487613919804268,4.192312012277053,0.014311343679567512,29,79.43550582945238,2.795069057162324,86.23074538423862,72.83441620661095,13.396329177627663,3.6468803534135175,0.18661361535356405,1
5.78676667252123,0.6019950396415708,7.892523278217396,4.814378204044749,3.0781450741726477,-0.012255711834006033,30,62.111103527577946,2.5502875653462134,69.20919542033468,55.73845191042866,13.470743509906022,2.3982820597229932,0.09316798850279419,0
4.191855198342108,0.2764227082036174,5.434269804608248,3.47061312688452,1.963656677723728,0.0064244998383104,28,62.57789990638515,2.0844959050523295,66.73347123777096,56.059235823338554,10.674235414432403,2.096812095817412,0.06698619061404777,0
3.4871851924362987,0.3395171998356768,4.5716428560989515,2.7853341580432427,1.7863086980557088,-7.543142569956829e-05,34,61.596595498514816,2.3909500476626575,67.98571655980061,56.63336994806537,11.352346611735236,2.2509929174849286,0.05661327720469718,0
28.408043345083243,1.365493405944642,30.0,24.678488135390722,5.321511864609278,0.0010526536959714484,20,105.56946908987248,4.656431270762136,115.91259154766885,93.6797197649386,22.232871782730257,6.073050996827718,0.2690933592912719,2
16.139841456190986,0.7727127608751819,18.348665027682546,14.391551251461026,3.9571137762215205,-0.00648593874135591,28,80.05986141472182,2.995575838935863,88.85807834584887,73.43841647882618,15.419661867022683,4.3060772125926245,0.20159716703713831,1
3.505924484512624,0.32088653705340103,4.37569028234992,2.932225483133756,1.443464799216164,0.008826048490676856,32,61.91296739727814,2.2869381956539403,67.30391488656267,57.233963501421385,10.06995138514128,2.8680579189431783,0.056626657956635046,0
5.818739835319201,0.18329403636439828,6.158343081180811,5.313690648849653,0.8446524323311575,-0.0005820888333711772,34,62.380550024570084,2.6035959231962282,67.98291726071653,56.87991907254477,11.10299818817176,2.5277969342008246,0.09327810895782807,0
16.641879794686236,1.1594838386144255,18.52049438223833,13.361076172522235,5.159418209716094,-0.00038556243665584976,35,104.75619532905831,4.462203938337814,119.31405140097876,93.09212572414768,26.221925676831077,6.20815636723463,0.15886296350824974,2
4.354962990164268,0.4700365628564784,6.2135080676329855,3.7480881818651164,2.465419885767869,0.008636238736815365,27,61.56971927339418,2.4829813965683822,67.19088874850081,56.573924997419624,10.616963751081187,2.291268430121323,0.07073221984486029,0
5.397813634387356,0.4146727254528063,6.720633745441763,4.699822693273167,2.020811052168596,-0.004148819949636586,31,61.517724605540316,2.7193242780335827,69.01784163752285,55.29437416152338,13.72346747599947,2.583266431512917,0.0877440376940923,0
3.8249436018324743,0.3580825131723077,5.201490864321807,3.1490083514716987,2.052482512850108,0.006000187498637131,36,61.89937972055051,2.807263915153488,68.13525102377503,55.104119114925936,13.03113190884909,2.741225478874249,0.06179292195345984,0
18.880927439188223,1.4214142144129043,22.626948092788236,15.85546438614178,6.771483706646457,-0.007923607704356576,30,105.16805186642003,3.9441469832688156,113.04504227966251,95.00104726435445,18.043995015308056,5.455476054083325,0.17953101654520476,2
11.88163410447635,0.6663772546803951,14.386440536385741,10.632489372283397,3.753951164102345,-0.010665462332971611,34,80.10196892777094,2.6633964031982202,86.315196026672,73.86435518608543,12.450840840586565,3.273452570403527,0.14833135958067178,1
17.161549177551993,1.5159253481502715,20.54451127430688,14.1113690762209,6.4331421980859815,-0.008658089694330781,33,105.2065764459801,4.012246133322289,114.12845594685676,93.14147291690263,20.986983029954132,5.7835011874435684,0.16312239780220822,2
15.898591437737753,1.6836431810161423,20.97296470910496,12.582941909785157,8.390022799319803,-0.015463996997093324,31,104.86750725117903,4.394162701536181,117.4893187215627,92.31182352385215,25.17749519771054,6.088212739929618,0.15160645754695906,2
28.32837877599013,1.2018823200824436,30.0,24.85065878549314,5.149341214506862,0.009711234657117273,29,104.90228768683652,4.372470852456572,115.29790503503429,93.24806780238599,22.0498372326483,6.0189579213292035,0.2700453834764128,2
30.0,0.0,30.0,30.0,0.0,1.3526773354174875e-16,0,105.07730837165222,4.967585130918874,116.56200515788939,90.37500392715337,26.187001230736016,6.869159795166136,0.2855040748511344,2
29.938773694795547,0.2367147710402961,30.0,28.535369600634983,1.4646303993650172,-0.00040907144018862194,0,104.18492849305967,4.728158961789591,116.05775331281724,92.95262991830505,23.10512339451219,6.61708689352929,0.28736184629073375,2
4.4367403500012905,0.2787710218881648,5.08430369917589,3.76798610805316,1.31631759112273,0.00660604319263727,34,62.35398868544413,2.2299838992115584,67.37151236135709,57.46476863546692,9.906743725890173,2.3613369654203566,0.07115407325791376,0
11.16881543003932,0.7095827078605542,13.571007154872166,10.052918727866931,3.5180884270052353,0.00958516279565113,37,80.14191352397063,2.7049894249724837,88.10775793568644,72.11129979131839,15.996458144368049,3.4988862900135493,0.13936297250172008,1
5.305450864437754,0.37777934255162354,6.704962319819745,4.662381048854691,2.042581270965054,0.005549590064271215,32,62.392678616235365,2.613145164372908,68.06051302074344,55.9699285311297,12.09058448961374,2.057841662070199,0.08503322660719974,0
23.96090958289629,1.6830918397973205,29.148562548470068,20.21219343445553,8.93636911401454,-0.010984198288428428,33,105.95928793478276,4.455851862231353,117.78476977458885,94.09564941799835,23.689120356590507,6.397512568752215,0.22613316702836755,2
28.422341553966653,1.2318761781580607,30.0,24.85065878549314,5.149341214506862,-0.003698736304363792,29,104.69461913472213,3.96563591255314,114.82963953349156,96.18180677417102,18.647832759320536,5.507458637764663,0.2714785298174108,2
14.563980249481046,1.4387175858999028,20.091697123536527,11.360085845335636,8.73161127820089,0.02080206245475009,29,103.9575323708066,3.9984655962287907,114.05092305207519,94.96420764690063,19.08671540517456,6.08115620572452,0.14009547723234947,2
15.26016460292134,0.5538619625246094,16.89504309499392,14.197102630685148,2.697940464308772,-0.009999278011387886,38,79.88413699335717,2.875190606637205,88.30308055269124,73.44744635159154,14.855634201099704,3.7164044916842403,0.19102871967136092,1
8.13136995038266,0.8854311360940097,11.369998486593708,6.075217842191799,5.294780644401909,-0.005709207267162723,30,80.27346426960251,2.969188464579006,87.84831706986645,72.79834968866834,15.049967381198115,4.017662133619168,0.10129586312330036,1
2.9869575362993994,0.3026154553151983,3.706618193840835,2.112597154509887,1.594021039330948,-0.007844036540798833,34,62.50010883673809,2.7376536387267687,68.03900256197787,55.21534375850551,12.823658803472355,2.3355037835407138,0.0477912365930538,0
23.669576182041798,1.9805967117852052,30.0,20.22345638956458,9.776543610435422,0.02381349680688543,25,104.94636352426362,4.5246226463121655,115.14622904063782,95.00458619852883,20.141642842108993,5.5481024084482105,0.2255397439381465,2
11.270238258014816,0.7583004980417593,13.735307589930741,9.988423310518025,3.7468842794127166,0.004652511161784773,29,80.39370754378312,2.567724642976441,88.86706354993915,74.3185860846476,14.54847746529154,3.4509190360852426,0.14018806274967333,1
15.257472224932492,0.8789024014335396,18.662668100389087,13.646606101522488,5.016061998866599,-0.01519704185957501,34,79.92438232288782,2.791894422493923,87.47885632572654,72.6908746153627,14.787981710363837,3.926306050704299,0.19089884201287585,1
12.778803362092765,0.583599759073502,14.152041925907572,11.346891529312044,2.8051503965955273,0.007577478036863161,31,80.05871318857761,3.0893790636784284,89.36543915808689,72.22446836979367,17.140970788293217,3.926245222079112,0.15961789408698726,1
13.973829904535416,1.6153850813605248,19.103917565133376,10.924937405765816,8.17898015936756,0.015389764801443221,32,104.65403930344311,4.192953402278496,115.2945582637912,92.95474034150075,22.33981792229045,5.704138635309011,0.1335240365686644,2
4.364516282011832,0.29947293565113614,5.254303820309136,3.659840992012896,1.5944628282962405,-0.002573634440363572,33,61.619273581301265,2.415992432827406,66.95098471552836,56.46832876101471,10.482655954513653,2.704115216723763,0.07083037428902596,0
4.518614213678078,0.2831388681280211,5.083609197572384,3.781107769260868,1.3025014283115164,0.00797855776219215,31,61.71284052821864,2.488797634807677,67.49667236352155,56.21675133301766,11.279921030503893,2.776572583800094,0.0732199993029313,0
4.159927665670027,0.3095179532208812,5.031645416350342,3.549814339794402,1.48183107655594,-0.005816729556649604,31,62.2969143223784,2.3290540138171942,67.91341980912837,57.91866665529173,9.99475315383664,2.3425425972423493,0.0667758209879726,0
3.9748944019906904,0.2535884989870001,4.629648331892419,3.4313845438991755,1.1982637879932434,-0.0029401136492715227,31,62.276912156332045,2.3748928932689313,67.70343422706257,56.16484843290868,11.538585794153896,2.1140662124370704,0.06382613075270159,0
30.0,0.0,30.0,30.0,0.0,1.3526773354174875e-16,0,104.79704741772589,4.086012385859001,113.90152719033985,94.8377145617574,19.063812628582454,5.7779499156163165,0.2862676044120881,2
17.8081943528325,1.6510243245496885,24.254841773841626,14.903495496754362,9.351346277087265,-0.011912921187744865,28,104.93204942509088,4.504186956476826,116.55192891465538,90.91870338383079,25.63322553082459,6.080895036809441,0.1697116779924686,2
12.883692141376068,1.0651752069468963,16.86886559118498,11.378155497496559,5.490710093688422,-0.003642047422016963,31,79.84297416097672,3.1778364875567173,89.3475954048507,72.7265508220229,16.621044582827793,4.45252971163448,0.1613628765135618,1
30.0,0.0,30.0,30.0,0.0,1.3526773354174875e-16,0,104.50998263903959,4.620438100515232,116.4838153344993,91.73893555432237,24.74487978017693,6.395942258413136,0.28705391538109026,2
5.330209257701683,0.28955005367793923,5.962064014066074,4.540441081570555,1.4216229324955192,0.0075296255590044684,32,62.32118876587584,2.5230339304803713,67.25960779957427,56.22647621070237,11.033131588871896,2.253626684174897,0.08552804074706956,0
8.814241660689774,0.490403557311239,9.905697824999919,7.564199350877906,2.3414984741220133,0.0004079465843993383,37,80.142188195908,2.9802241244286853,88.63024380292526,73.76338602023837,14.866857782686893,3.8380390569345613,0.10998254164411848,1
2.9627306153615662,0.3757525672364619,4.049366825795902,2.202673300159657,1.846693525636245,-0.009836876793609431,28,62.1818766188686,2.555924376025405,67.76972029912585,56.60005466503337,11.169665634092482,2.6433075580470726,0.0476462070431683,0
6.10728559738763,0.31420977122400134,7.103220215803253,5.209808224541242,1.8934119912620107,-0.0013617107056080884,31,62.43784656239837,2.709092422849536,68.65688502737171,55.45161089411704,13.205274133254676,2.257671243973479,0.09781383945505498,0
29.94715300541381,0.1815571110900037,30.0,28.964240552900463,1.0357594470995366,0.0002426503087562726,2,105.06149559009276,4.692214910910985,115.53404204622805,93.12895293763722,22.40508910859083,6.487563768601034,0.28504403589695115,2
24.690293057567104,1.2736798774322586,27.478882173718794,21.62572813079449,5.853154042924306,-0.00390693439676765,29,105.09482586254911,4.462213382230549,116.07377354334592,93.54586191122044,22.52791163212548,6.229240971292214,0.2349334766958503,2
9.082709079937192,1.0083809606517093,12.864711538766201,7.262103440098227,5.602608098667974,-0.010411036475365305,33,80.2472336277161,3.100609089923967,89.24261459462342,73.59883397767652,15.643780616946898,4.3187607027418276,0.11318407571393334,1
3.388534887948089,0.28852726462359435,4.230322249430635,2.7746608632426315,1.455661386188004,-0.006864099827183208,34,61.780695138365665,2.7360121484832636,67.6465563202521,56.109971728593194,11.536584591658908,2.474406024547658,0.05484779388628185,0
18.15438050015042,1.3951472121862676,21.921603444146246,14.686263533183634,7.235339910962612,-0.0058459909900884155,31,105.51332361953637,3.649738663346004,115.27258334239639,97.5372603916536,17.735322950742784,5.145268954200646,0.17205770518190117,2
3.974716129691714,0.2619660376464136,4.690479816174917,3.3549921927613138,1.335487623413603,-0.0060272234373043515,32,61.7693259628409,2.61414185204713,68.22312053960843,56.501775055456406,11.721345484152025,2.887901082746881,0.06434773252560802,0
14.221153985221537,0.5963781707457789,16.47024152252975,12.960704649708259,3.509536872821492,0.00015464192944690295,36,80.25529445177732,2.1045062558767604,85.70237455670055,73.6726118962245,12.029762660476052,3.1686864058860476,0.1771989487443423,1
26.0451838252605,1.2751439933435424,29.75977801360403,23.06063054987145,6.699147463732579,0.013253283248474109,34,104.74569596153715,5.044548999866765,120.54280748731692,90.56465591322336,29.97815157409356,6.533633368553443,0.24865158742343707,2
30.0,0.0,30.0,30.0,0.0,1.3526773354174875e-16,0,105.01452556089704,4.591248139403095,119.24856198701758,94.58906803449375,24.65949395252383,6.729676148274281,0.28567476312530204,2
27.782310862241822,1.1291631099962853,30.0,25.24204395328192,4.757956046718078,0.001761534957564273,34,105.18271781017421,4.786680139770745,115.84949198216373,90.95670454634933,24.892787435814398,6.717267403471766,0.26413379665894765,2
29.469908516642278,0.7022221446946241,30.0,26.66270860610972,3.337291393890279,0.0006459897970028355,18,104.91808167013134,4.518332230320108,117.54897141092643,92.79773328556033,24.7512381253661,6.653691473826346,0.28088493200259307,2
2.7887050153204864,0.33581357764508313,3.786717979796213,2.1274149724118527,1.6593030073843602,0.003410940965751819,30,61.998207437650606,2.4419221471495485,67.15017074444985,56.24284745232997,10.907323292119884,2.1655630540956223,0.044980412911850315,0
15.369659545483515,0.48527168690681527,16.867695808317034,14.145701839807435,2.721993968509599,-0.005241316713772441,33,79.84004045787304,2.9224613922000597,87.72945204031542,71.31409884514538,16.41535319517004,4.258998726041071,0.19250565586934462,1
14.934378333091557,0.8018802289422127,17.28975423726482,13.2507948965006,4.038959340764219,-0.000477488135834519,30,79.94553017405897,2.9087275483019766,86.47998098190244,71.71554341919204,14.764437562710398,3.8532291678374913,0.1868069185828053,1
5.586253924136927,0.36395357155390506,6.528437868167755,4.903786346009767,1.624651522157988,0.0041300032597039755,30,62.31874666580007,2.493796134727508,68.40872986520736,55.837546144712796,12.571183720494567,2.2774733315778466,0.08964002219836985,0
3.3480515603230754,0.19551088675322542,3.829512732094273,2.954329429437056,0.8751833026572169,-0.00011606246484610796,33,61.27611896552251,2.5765782646475928,66.71879186195822,56.26873557460887,10.450056287349355,2.130289257490177,0.054638765675876395,0
12.277223447841884,0.5560318307107536,13.574662123338022,10.691226418966352,2.8834357043716707,0.0017337367266075168,34,79.37137548625029,3.014159925405511,86.11101592387294,69.40708537188505,16.703930551987895,4.341745060175333,0.15468074249624109,1
4.329533347799795,0.34143739659020095,5.848684467115945,3.782508916414791,2.0661755507011534,0.007781863252212179,26,61.96839220041007,2.421518347719531,66.73347123777096,56.059235823338554,10.674235414432403,2.2611143573970294,0.06986680022181282,0
12.283015617786793,0.6571191665125566,14.628461165838303,11.0395622450081,3.5888989208302036,-0.010223864900173662,31,79.80623910482501,3.14649224655626,88.55434556914679,71.31458629122523,17.239759277921564,4.438013999122603,0.15391046616972717,1
6.045637484978353,0.23202751836841687,6.574807601684282,5.568134093061053,1.006673508623229,-0.003887276420251764,32,62.29040280378249,2.1426676746748314,67.64543461018869,57.969849972955544,9.675584637233143,2.5493755382710823,0.09705567978050643,0
14.448492218672904,1.4823244674909668,20.06100263327755,11.75908544242082,8.301917190856729,0.011887970643183468,30,105.51012844402065,4.431180908572763,116.43520042981346,95.21089361918487,21.22430681062859,6.74225713728459,0.13693938482312906,2
23.69756426343125,1.6397892015317586,28.396541669052745,19.840251202419495,8.55629046663325,0.007839870594218602,30,105.06094934642411,4.563887097663295,118.5399063901486,97.52917814849977,21.010728241648835,6.707251697401844,0.22556015517936753,2
8.57868074273472,1.2809133539395021,14.063280412031194,6.689925417415771,7.373354994615423,-0.01013300167401709,31,80.4047413445656,2.8780577571426766,88.1545642478124,73.02651043190721,15.12805381590519,3.6911356575901837,0.10669371597475852,1
15.327125216586078,0.44714952888384935,16.226412531916782,14.145701839807435,2.0807106921093474,0.003492864490223952,29,80.18431676855313,2.852460031015383,87.08226540063666,73.20383168668032,13.87843371395634,4.276252385125659,0.19114866401715655,1
5.761920139009668,0.30625876794554446,7.10865076125698,5.140459485002312,1.968191276254668,-0.0005327825962740214,29,61.69125619603802,2.894578497527578,66.85721415658878,56.135393876132966,10.721820280455816,2.5557650095236153,0.09339929839166439,0
3.101134148238378,0.33725708681846545,4.383771214380917,2.621248143024251,1.7625230713566657,-0.0004622777995839789,31,62.3450039854267,2.2507877236276945,67.36895725032335,57.89839960453705,9.4705576457863,1.958637448573784,0.049741501327384224,0
6.125209458548048,0.2972003293721914,6.789107697382205,5.34272933790122,1.4463783594809847,0.005022617039463736,32,62.138957811061275,2.333204453616925,68.75822674405512,57.64284404783542,11.115382696219704,2.3777807940164397,0.09857277263322456,0
4.932081536986386,0.2790255301702524,5.752576659097807,4.222683565185955,1.529893093911852,0.0011462145621486321,33,61.59024799111922,2.5479655481425283,67.50538353565801,56.04287815803356,11.462505377624453,2.4985087216868243,0.08007893486024954,0
26.44446535179278,1.6231055287200251,30.0,23.269020793415528,6.730979206584472,0.018936578007995742,31,104.62196731325723,4.176480832768326,113.1528850378233,91.93877838782548,21.214106649997817,6.3172825935790184,0.25276207070214196,2
10.276887123108962,0.820343378141152,13.69732634646188,8.681177914178987,5.016148432282893,-0.0024124457097490734,33,79.93385657450007,2.9142649580745386,86.91004325477678,71.35882539869264,15.551217856084136,3.997229266080489,0.12856738602325907,1
7.972406603118814,1.0508429125736485,11.4913921790123,6.080493339494934,5.410898839517365,0.012059778029821706,26,80.19876409128956,3.0321119569778685,87.21526009258065,71.51856126230109,15.696698830279558,3.919373936444515,0.09940809679605281,1
6.617871446012041,0.4516296384242473,7.619853110058103,5.594301865561862,2.025551244496241,-0.004847063567946718,32,79.61672371236517,2.8503830241382624,89.48957553614584,73.28737676680825,16.202198769337585,4.226816324436171,0.08312162387891131,1
4.092169173239696,0.29089296667990094,4.729903618933809,3.3549921927613138,1.3749114261724955,-0.0074812026520807776,34,62.35358429130135,2.528925637901284,68.22312053960843,56.501775055456406,11.721345484152025,2.733379070467493,0.06562845029876052,0
5.102982025428792,0.27943534536521475,5.760863215327877,4.513901095405127,1.2469621199227499,0.007628119334608451,33,61.493207457997165,2.3391147934614156,67.41274656629308,55.33469680431006,12.078049761983017,2.2538836242696396,0.08298448159383935,0
3.988782739850525,0.3000988848616152,5.088477724247683,3.363455491653552,1.7250222325941311,0.002767422239174892,33,61.696764419603284,2.4223302654674437,69.91052992958669,57.32576993959413,12.584759989992556,2.5880746605311415,0.06465140778001216,0
6.414238019853895,0.3228078580810565,7.203838566671438,5.6269570447840795,1.5768815218873584,0.008516623631425257,33,61.561645610022964,2.5706560319141385,68.64809279463695,55.67607112043749,12.97202167419946,2.950355605895093,0.10419211267181377,0
9.630071570414207,0.5254865929950111,10.673586990397544,8.464478367948487,2.2091086224490564,-0.0069060849572907665,33,80.08877421466933,2.7182019319616324,85.40986195406929,73.82171271816513,11.588149235904154,3.5099844003030487,0.1202424627496405,1
6.559907988309631,0.6615952591868458,8.76155942993471,5.312774661971609,3.448784767963101,0.0023092521113913197,31,80.6661446833577,2.8787227315027355,89.48957553614584,73.98820122919186,15.501374306953977,4.1035372225437525,0.0813216986226108,1
4.752698422194382,0.3596059576542762,5.8910520115726115,4.133502332494699,1.7575496790779122,0.004513507447487155,36,62.09177051105637,2.6125755346989523,67.75878810531631,56.308614893032065,11.450173212284248,2.4407867766515676,0.07654312812363702,0
9.903713663410588,0.521237664821349,11.037175686364952,8.550990541463994,2.4861851449009578,0.0030055453750574366,31,80.1936367900679,3.1171880732800052,88.99975524507933,73.72794197257828,15.27181327250105,4.2219102763527045,0.12349749850900489,1
28.755178170823054,1.0207490641910577,30.0,25.352670664575164,4.6473293354248355,0.0010251325113370853,22,104.7105139365853,5.06693184543132,118.55909495798056,93.24806780238599,25.311027155594573,6.829542824050608,0.274615956078888,2
12.082098539380818,0.7711095189808546,14.663159457305802,10.611321823476514,4.0518376338292885,0.015698944234348623,33,79.40323449414221,2.9437456868493337,87.33218610538516,72.48159600398498,14.850590101400186,4.138696168180114,0.15216128743610388,1
8.625191987628297,0.6870719088889607,10.657009359918131,7.133425512834986,3.5235838470831453,0.009252961502077061,30,80.14857276583643,2.693787791481609,86.0228928129994,72.79692913190566,13.225963681093745,3.3031966089682347,0.10761504019806788,1
16.086252091174345,1.6812103284444115,21.35468840205485,12.57318330416338,8.781505097891472,-1.5043323164498005e-05,29,104.5094271493853,4.142046487235908,116.08923128404477,95.0565732971624,21.03265798688237,5.910601998530719,0.15392153967372904,2
11.816159271555483,0.9314581605084173,16.049907487070016,10.326839211267322,5.723068275802694,0.0010723670677323248,32,80.06584674175288,2.7753317555906816,86.46249249216854,73.79354679061431,12.668945701554222,4.004339181844721,0.14758051784660706,1
28.0306497259465,1.3080025957666892,30.0,24.91473297617597,5.085267023824031,0.004594344468191533,30,105.38569254042697,4.439313134420678,117.01831480702332,95.2838988124814,21.73441599454192,6.062213296119312,0.2659815463015734,2
8.704674056885844,0.5601298969410831,9.961770706503847,7.358744969655355,2.603025736848492,-0.00084367626679575,34,80.39864439920638,3.094627607847805,86.63254488268296,72.42807714826726,14.2044677344157,4.542768686389313,0.10826891440352264,1
14.033439426881685,1.2217812194534468,18.32542069643634,11.862854281377714,6.462566415058625,-0.007999316826835221,25,79.76931160123269,2.9326255818364086,87.57298963354702,73.56700233589206,14.005987297654968,3.5914773492145065,0.17592528967918955,1
8.692366954685877,0.5789925253973844,9.961770706503847,7.133425512834986,2.828345193668861,-0.0008369326919150096,34,80.67433930521014,2.95951322405629,86.00618494383944,72.85119321618438,13.154991727655059,3.857725541981995,0.10774636547135798,1
29.992603647938328,0.06014591183551667,30.0,29.41374123362534,0.5862587663746588,0.00040940331473125833,0,105.30594985755059,4.309735692641629,116.32577317477994,94.79500822561226,21.530764949167676,5.331263561320042,0.28481394834476076,2
3.3041463807271567,0.5632044394823758,5.885294904700205,2.511786151367565,3.3735087533326404,-0.0046643611951435165,31,61.48337782254206,2.790804571162667,67.11465540954036,53.608155440145346,13.506499969395016,2.5149679924106207,0.0537404814765277,0
8.167818824972855,0.8557184698533218,11.573157826924366,6.832618292862531,4.740539534061835,-0.004724108449623845,32,80.43540908672875,2.531773203159635,87.84831706986645,70.67690508914913,17.171411980717323,3.6811220078440035,0.10154506350083847,1
5.628799946113633,0.23674875753718633,6.3218986918525975,5.10982218481923,1.212076507033368,-0.004595426883174107,32,62.48085627091317,2.2817579556721723,67.55380468033674,57.802768495600326,9.751036184736414,2.359626022826145,0.09008839174064948,0
14.919168591364047,0.8494135436487549,17.67992593208132,13.132510304495728,4.547415627585593,-0.017061371151606428,34,79.83777595749021,2.822514512322677,89.07750357618055,72.58906265341685,16.4884409227637,3.7692123713267645,0.1868685371751745,1
19.79343734907435,2.168013364696474,27.2529970059118,16.575679023844383,10.677317982067418,0.011277697741077819,34,105.44084306714056,4.163288484351708,114.99635535191076,96.25368442392637,18.742670927984392,5.775193561415818,0.18772077864314773,2
28.529767922090265,1.2071561287174037,30.0,25.092294760752726,4.907705239247274,0.021386904765538235,20,105.50230242774893,4.744072078851623,116.71801700681561,89.57775651543105,27.140260491384566,6.607961137972634,0.2704184363294806,2
15.787336334089614,1.2681912916050522,20.9410976677697,13.136631828158519,7.804465839611181,0.0021503009132586653,31,104.52724606024339,3.845723303477775,113.94243652242692,92.8841253367305,21.05831118569641,5.288117891360492,0.15103560820836234,2
3.0820002130067135,0.23888948946754376,3.5922701070800187,2.4372033095759917,1.155066797504027,-0.004737260000733549,32,61.75177305639253,2.44059729965785,68.10416788808742,57.03153740667618,11.072630481411238,2.3008086704632116,0.049909500740694356,0
7.689126751468717,0.4532467136008955,8.813919093964952,6.31807739157323,2.495841702391722,0.0022136036597992796,35,80.56314234101727,2.8606433967733302,88.03790131974839,73.55748255514534,14.480418764603044,3.714469159095127,0.09544223862916155,1
6.344279349575835,0.4084995012022844,7.53373366608562,5.635279503011079,1.8984541630745415,-0.007957454855651714,30,61.72014744622953,2.586580101135402,68.26304846266427,55.59445923872831,12.66858922393596,2.100942043379825,0.10279105785208793,0
6.271261281228404,0.2736126905149218,6.955336482501331,5.682288876770218,1.2730476057311133,0.006916954101912893,31,62.28611460966294,2.5486080490354706,67.83974867774579,55.65405741559301,12.18569126215278,2.559185143179233,0.10068473880325736,0
5.932134635510989,0.34054760483704716,6.853258139510041,5.259964773556685,1.5932933659533566,-0.005498043557386944,31,61.82287034441811,2.5256757557625003,66.39756819067307,55.74147056682769,10.656097623845383,2.291054125721195,0.09595372240902222,0
11.726856415901334,0.5637199628820548,13.199017056342937,10.361753530148423,2.837263526194514,-0.0024172799685664983,30,79.71438327886182,2.9497148690688633,86.44232180852293,72.33766987815702,14.104651930365918,4.27396562735099,0.1471109200928871,1
8.227124222023395,0.5655155205065814,10.04999248134011,6.588105592776835,3.461886888563275,-0.003925211130940478,32,80.08663627186971,2.8430716783829264,86.24041293402381,74.10003882524126,12.140374108782552,3.531884489078647,0.10272780206883725,1
4.373370127918606,0.25218533984821256,5.07468372596018,3.817367813596108,1.257315912364072,-0.005199668496822553,31,62.62755019827182,2.1844339688280736,68.66418906026298,57.652165454067905,11.01202360619508,2.332519414706506,0.06983140876885008,0
30.0,0.0,30.0,30.0,0.0,1.3526773354174875e-16,0,104.98848356410643,4.2216729137589155,117.65220210057855,96.50886415652222,21.143337944056327,5.87021057649289,0.2857456236705833,2
24.53615642995479,2.576499671352648,30.0,20.21219343445553,9.787806565544471,-0.017663466257140763,30,103.78563193992923,4.631887035614272,114.90727390394494,94.09564941799835,20.811624485946595,6.225301015693507,0.236411878358503,2
16.73193389979846,2.2764720245537142,26.66674755190778,14.615267314090227,12.051480237817552,0.04079978411009059,32,80.13138110629622,2.5527459662684726,85.27394882026044,71.37635027703818,13.897598543222259,3.5088367578046293,0.20880625617567838,1
15.729923343540966,0.4590163820261922,16.847708682053636,14.591802843350507,2.2559058387031286,0.005628735300485126,32,80.31502250001645,2.87459300404048,86.53380276824444,73.9126079500791,12.621194818165336,3.7500692798453557,0.1958528138080884,1
9.818692156111787,0.6042701546628956,12.123330245521704,8.584812546729815,3.538517698791889,0.0014644379956007662,32,79.9120067114649,3.0619304764269604,87.25144665174787,72.7483675673493,14.503079084398564,4.2317080957982585,0.1228687957830286,1
5.984777933828532,0.236167001989463,6.57292555946326,5.542275365616449,1.0306501938468111,-0.0031967718217336,34,62.386511559836954,2.3339560580057794,67.22025423433934,55.78425153127535,11.436002703063984,2.356247204145608,0.09593063770135148,0
6.014835561060956,0.29935886572128284,6.647245214060079,5.2974045510965215,1.3498406629635573,0.006650139730234696,34,62.3042275698092,2.477878573733381,67.63666283306638,55.872946914208605,11.763715918857777,2.2582564639905796,0.09653976462161942,0
30.0,0.0,30.0,30.0,0.0,1.3526773354174875e-16,0,105.20501696984385,4.0294571067973575,116.16127502512059,96.37281783364429,19.788457191476297,6.096689064372568,0.2851575008389738,2
12.885338253273064,0.4820145993785149,14.085661903509116,11.336406298948146,2.74925560456097,-0.008198019206476434,34,79.77010284854481,3.158762166901913,87.899413524088,73.39669354507213,14.502719979015879,4.720894849919684,0.16153091987617016,1
27.4682593104753,1.5936586567136597,30.0,23.873141662367864,6.126858337632136,0.02303084776353254,24,105.18183466553785,4.566937933080867,119.16178392548623,94.5247661843793,24.63701774110693,6.525651866940497,0.26115021796938553,2
30.0,0.0,30.0,30.0,0.0,1.3526773354174875e-16,0,104.5245263047402,4.177392827065527,114.3026149515948,94.59418037249246,19.708434579102345,6.067051482656713,0.2870139743615898,2
25.963172947876433,1.709533210041559,30.0,22.20981565509513,7.790184344904869,-0.014042082120561692,29,104.49372824993792,4.193107679020934,113.84425137742244,93.50846379791233,20.33578757951011,6.473636266824474,0.24846632553208317,2
5.202218838625848,0.29559252502175476,5.856071041486731,4.533447027659285,1.322624013827446,-0.007956742423738908,36,62.39738631342333,2.583822962339902,67.71320184821172,53.84962864160266,13.863573206609061,2.0665857069418307,0.08337238244439624,0
3.3539759839344003,0.29053170605396067,3.94729787906053,2.640154801959794,1.307143077100736,-0.004784085190835179,31,62.49389515075271,2.5275333944978424,66.90248346816153,56.43270372670394,10.469779741457593,2.1648361750617617,0.053668857128761426,0
2.9417515066688953,0.4622868901526944,4.383771214380917,2.1431601396812545,2.2406110746996624,0.011589287416464913,33,62.35358177905291,2.2445155377943498,66.99440631640535,56.5439959533105,10.450410363094846,2.0507081656730497,0.04717854813720742,0
30.0,0.0,30.0,30.0,0.0,1.3526773354174875e-16,0,104.95094894464683,4.548699321639963,116.4838153344993,91.73893555432237,24.74487978017693,6.269666145624114,0.2858478176312133,2
5.402819372830233,0.5128926766118679,7.262604106809612,4.662381048854691,2.6002230579549215,-0.012417806578505348,33,61.62019010864798,2.523071330018239,68.06051302074344,56.35098238849854,11.709530632244906,2.1730219976136294,0.08767936735710617,0
3.114565299268691,0.20541030929509171,3.5895514703183524,2.5919263048035948,0.9976251655147577,0.0015478729959566705,31,62.41603930408025,2.559580129626436,69.57752144283668,54.76340193862997,14.814119504206715,2.2534315425597127,0.04990007831472588,0
30.0,0.0,30.0,30.0,0.0,1.3526773354174875e-16,0,105.12640104338185,4.7390683406235725,119.40628666491352,95.18992407877121,24.21636258614231,7.161221048730545,0.28537074813632535,2
8.443604779866403,1.0563836767598949,12.625882664744449,6.27635086093019,6.3495318038142585,-0.011469774515307622,28,80.51126585847665,3.1229479027400124,87.15779014004364,72.0218488617917,15.135941278251948,4.25467560887171,0.10487482198868688,1
27.200368805267768,1.3311388746988821,30.0,24.343874170651716,5.656125829348284,0.008652611926092044,30,105.19999588283912,4.014821288797422,114.07262641563601,95.04805247435407,19.024573941281943,5.920987869509745,0.2585586464946451,2
14.406208792024083,0.6073298849945425,15.804222395352273,13.033173028660933,2.77104936669134,0.008602731652584968,35,80.41122872726308,2.7429031461645383,87.64018402659559,73.42561876639579,14.214565260199805,4.154107905430109,0.17915667800239748,1
7.766664247062111,0.811137957417499,11.070366642610566,6.608164620027099,4.462202022583466,0.009882495464537303,32,80.0901797554541,2.9622037980465157,88.0617827517793,74.74008790033264,13.321694851446665,4.05207879040837,0.09697398824428555,1
9.835302106286283,1.5553420616858802,15.880544157303925,7.962347125059905,7.91819703224402,0.021888796268490995,30,80.14575053461387,2.6698335445347006,88.81453730228513,73.71798043649166,15.096556865793474,3.8556088849061534,0.12271769766908418,1
3.3481517838659345,0.3698836302154481,4.612778142212247,2.771385199679472,1.8413929425327749,0.0053401089692926935,30,61.86529396036605,2.748998701331711,69.04943897583532,54.82451746764875,14.224921508186569,2.2603369041702495,0.054120032661461086,0
4.744036068834701,0.18907949199440954,5.094086938922764,4.138910229685772,0.9551767092369925,0.00040195205300769065,34,62.436700771220764,2.6743106035759023,70.06963671117656,55.76227399570192,14.307362715474639,2.559507843414195,0.07598152904068664,0
13.357278211069076,0.6530100708433533,15.491055148447682,12.073771489422608,3.417283659025074,-0.00542352409252414,31,79.95792372211376,3.023838514250364,87.79716827956017,72.70568977574035,15.091478503819815,4.243575675341871,0.16705383809661192,1
4.824087575616077,0.3653863000355432,5.893818643461178,3.9499754654146235,1.9438431780465546,0.00337803120675492,29,61.85407273179695,2.7275818189876513,68.59118123489048,56.376744194860116,12.214437040030369,2.5266825741634857,0.07799142860878681,0
26.73809251977773,1.3727591245511386,30.0,23.977909462865306,6.022090537134694,0.012451921763624078,31,105.27938976749333,3.921301350089925,114.36797960954645,94.35345950952279,20.01452010002366,5.250538786574622,0.2539727132238833,2
14.646428622129221,0.6999624164372409,16.45474404486277,13.095908744611004,3.3588353002517675,0.011472591300613821,34,80.46498880673242,3.3721571623558066,89.07750357618055,69.99270636803695,19.0847972081436,4.815666538101983,0.18202237590917797,1
10.293453481543498,0.6856685485663636,12.123330245521704,8.584812546729815,3.538517698791889,0.006403398201993072,29,80.12597405875321,2.8064033620183846,87.25144665174787,74.29552495044395,12.955921701303922,3.508251798969126,0.12846587481769445,1
11.377250833701613,0.5805102672267438,12.459426580408358,9.84729096998629,2.6121356104220688,0.007921032608479374,33,79.72652597572686,3.068344780975,85.62429839870181,71.38916517353643,14.235133225165384,3.8465684193899614,0.1427034547380381,1
22.808638337790512,1.6585428789334642,27.918115199821475,19.360333971394514,8.557781228426961,0.015303154007585515,31,104.76963365252467,4.06629287543304,116.07630513498877,95.74124867851398,20.33505645647479,5.854476895686208,0.21770275722958135,2
29.856472135279226,0.4170951691213219,30.0,27.546181875044493,2.4538181249555073,0.002211187770868013,6,104.5618959032593,4.23938954837119,116.28824904247152,94.51889875416623,21.76935028830529,5.696135225061832,0.2855387384842726,2
15.398210300808598,1.614091165184988,21.167338686263754,11.67861814210946,9.488720544154294,0.013947155120101602,33,104.88643197937114,4.142563365715028,116.9501385238457,95.72382931634303,21.226309207502666,5.806503631606105,0.14680840851778312,2
11.950689546951464,0.6514806759883227,15.17330323034524,10.755317544677515,4.417985685667725,0.0023151236428317666,31,80.1428745703012,3.202416005204856,89.91909535069796,73.29731289065792,16.621782460040038,3.87512593552028,0.14911730408860036,1
8.331441634611569,0.6672682551181205,10.277303640997193,6.754712393451468,3.5225912475457246,0.0086582298486605,31,79.72593667626931,3.159166152850637,89.49290229664835,70.8395282629942,18.65337403365416,3.950437527406946,0.10450101782987808,1
10.03014569504263,0.47248369708256044,11.280205563294603,8.84546844826318,2.4347371150314228,0.004307735254960628,30,79.99797935038697,2.805991385325097,87.0690854083077,73.67068618931248,13.398399218995223,3.9819347170888686,0.12537998648354767,1
19.007949234034033,1.3567879362451611,24.058907703666943,16.575679023844383,7.48322867982256,-0.0058912687757731435,38,105.41457362119746,4.236428619705614,114.830389742023,94.10021204001362,20.730177702009385,5.983565523486265,0.18031614036615187,2
28.56711025725203,0.9940134893376457,30.0,25.352670664575164,4.6473293354248355,0.00756881178364456,28,104.9158789121223,4.881102436755782,118.55909495798056,94.5698135948343,23.98928136314626,6.822668010512182,0.27228585683292067,2
13.05415965579537,1.0772183426156205,16.64645146098703,11.504794029350995,5.141657431636036,0.023136459852835935,34,80.22541688853124,2.7782066271992356,87.44114832106317,70.98349870333271,16.457649617730453,3.8015887459350286,0.1627184999389271,1
8.055104982031873,0.43457630249887325,9.644495446223162,6.859554762975819,2.784940683247344,0.0025873351409966936,34,79.68129397227193,2.7008056830151856,86.87488826334163,72.41903331234298,14.455854950998656,3.6690273062665044,0.1010915420593371,1
11.762561665866592,0.7305868692521807,15.17330323034524,10.195415432927877,4.977887797417363,-0.010468636431857319,30,79.70180797299207,2.802657511730716,87.72750619223982,73.29731289065792,14.430193301581895,3.9050438255494533,0.14758211660983103,1
6.487573908064592,0.40030816316319545,7.625810340685518,5.6897780832831,1.9360322574024185,-0.0013579442967332476,32,61.9413950383187,2.521165488976175,68.37669040617973,57.12127668575179,11.255413720427946,2.2334234022520194,0.10473728916363452,0
5.855898057303242,0.42596381596250704,7.651430934381399,5.179488245493562,2.4719426888878377,-0.006669271854534605,28,62.3337733496076,2.51558398501863,67.85377550523253,56.216877037925016,11.636898467307518,2.278014462770404,0.09394422395248565,0
3.507133994289669,0.33002698695846083,4.5716428560989515,2.7853341580432427,1.7863086980557088,0.0006722714028197156,36,61.98812874674867,2.361321063836382,67.98571655980061,56.63336994806537,11.352346611735236,2.428805426437962,0.05657750941378613,0
5.6010850569716775,0.2884445226814541,6.293472082886881,4.763528109160843,1.5299439737260379,-0.005790386326656792,32,62.31632778179394,2.396722033462956,68.35675059277423,54.32669029668068,14.030060296093552,2.33659497487015,0.08988149922285002,0
30.0,0.0,30.0,30.0,0.0,1.3526773354174875e-16,0,105.14090938712185,4.045452742284932,116.42412566351726,93.77322806550677,22.650897598010488,5.4433566205758686,0.28533136996381325,2
7.826466342768051,0.8369411860804468,11.070366642610566,6.608164620027099,4.462202022583466,0.008794781766906243,30,80.52116991811427,2.806211149248299,88.0617827517793,74.74008790033264,13.321694851446665,3.7408038991976014,0.09719762211017957,1
27.02334260303941,1.3684708491266915,30.0,23.588195366898344,6.4118046331016565,0.0012440156863709655,28,105.1483374646845,4.62735833984105,119.16178392548623,94.5247661843793,24.63701774110693,6.746539915220143,0.25700208864560964,2
23.583918512141942,1.160590305461751,27.83967224054878,21.477005755293284,6.362666485255495,-0.004882955768003497,35,105.00957932292498,4.17277218093911,114.99210188026477,92.81196770634666,22.180134173918105,6.208165900965985,0.2245882560392755,2
8.273712520076295,0.4767476919072386,9.76020369559283,7.282190869807391,2.478012825785439,0.003808212446728402,34,80.20640983506274,3.2812070790860015,90.92596192506218,72.0218488617917,18.904113063270486,4.4078583589607465,0.10315525197967577,1
6.989536412452676,0.7665503878864146,8.943180015351425,4.916818785639139,4.026361229712286,0.013426800508378894,29,79.89247685181986,3.2503886540534905,90.56438219042626,72.46247683218037,18.101905358245887,4.234782004585864,0.08748678975030015,1
17.522107509052127,1.3502593021363614,20.946291114609085,14.449712101310606,6.496579013298479,-0.0016932300005313157,32,105.60209546776099,4.250855224208374,116.55192891465538,95.35977994750428,21.1921489671511,5.926549145804649,0.1659257542713786,2
7.622826447512887,1.8315343972258566,15.788201825498678,5.296629595551918,10.49157222994676,-0.023301703243648556,29,80.63843158410585,3.1674092707399017,90.56438219042626,73.44687985433198,17.117502336094276,4.077459885878888,0.09453093522821494,1
8.031896660573349,0.9357937243350531,11.369998486593708,6.075217842191799,5.294780644401909,0.0035970312812854148,31,79.88645030599402,2.8666258123678623,86.00099391733382,72.79834968866834,13.202644228665477,3.684462255141598,0.10054141258332128,1
10.990330380286764,0.5531255136838638,12.197697812698205,9.75437798203458,2.4433198306636257,-0.008614150584278776,33,80.10227053535536,2.7787468353442293,87.92162661549449,72.16630182522762,15.755324790266869,3.3727133796423985,0.1372037293029309,1
24.948205636683095,1.4034598269764034,28.37148281839266,21.62572813079449,6.745754687598172,-0.02722026918922289,33,105.51036394188644,4.608889191296909,116.07377354334592,91.83930047913154,24.234473064214384,6.873560517055041,0.23645265230979157,2
5.909834215711987,0.2533356726636042,6.597502012395595,5.280240736755139,1.3172612756404565,-0.004886667866601982,31,62.47776588503626,2.3465834426612404,68.48309224877816,57.81701243227213,10.666079816506034,2.692853453611233,0.09459099629131307,0
3.0658498783751083,0.23472531969865104,3.729375242266683,2.5734643390336855,1.1559109032329973,-0.0043814932121246574,38,61.45818211147999,2.5312290991793827,67.51074245233393,55.67507392051718,11.83566853181675,2.3726038443282835,0.049885136903801953,0
30.0,0.0,30.0,30.0,0.0,1.3526773354174875e-16,0,105.52611287320023,4.4803653875769545,116.28339037058856,94.71476943421636,21.5686209363722,6.936063802402086,0.28428982077410603,2
6.105485080219605,0.1984046089312818,6.711873636922544,5.445664394462104,1.26620924246044,-7.84053342399219e-05,34,62.38415159101766,2.498166319210219,68.65688502737171,55.45161089411704,13.205274133254676,2.4480731981294817,0.09786916751512786,0
5.424869406237191,0.37225368325316216,6.704962319819745,4.662381048854691,2.042581270965054,0.005559825480954182,32,61.85129316931417,2.3127814522730863,66.93371705142027,55.9699285311297,10.96378852029057,2.0232637813500958,0.08770826025704394,0
30.0,0.0,30.0,30.0,0.0,1.3526773354174875e-16,0,104.90009039104072,4.357147259987433,116.1022696217328,94.85600092570684,21.246268696025965,6.361983686468835,0.28598640479890214,2
3.4114306114770714,0.23267225651900542,3.941599237006762,2.932225483133756,1.0093737538730059,-0.005008203399403141,34,62.32875827472598,2.0966195530164695,68.3294159818816,57.50839611381623,10.821019868065363,2.477157315126831,0.05473284966961296,0
2.8542368677211374,0.6976425513390241,5.885294904700205,2.117503610009984,3.7677912946902214,0.010146014307679502,28,61.53454450215196,2.7223176394826822,67.05994557102599,53.608155440145346,13.451790130880646,2.4252280432139224,0.04638430079281759,0
3.9268963427451764,0.20639478040597023,4.549858301705729,3.2486081930703135,1.3012501086354158,0.0011290895875693827,35,61.65285872652631,2.454682648611444,69.12390171511232,55.77455119283781,13.349350522274513,2.3279440491767693,0.06369366092933429,0
26.669778785678616,1.3042257116493083,30.0,23.2329191122315,6.7670808877685005,-0.010941008933434661,34,105.26233048968633,4.464591216737423,116.7264502188275,95.24279386482937,21.48365635399813,6.2356630067714605,0.2533648875931628,2
18.50354650311274,1.033510345507259,20.979227335426188,15.957457919055628,5.02176941637056,-0.0015981573771500224,36,105.49732959779247,4.212744587930705,116.48507830286417,96.46321140708585,20.021866895778317,6.482373403392297,0.17539350425516764,2
30.0,0.0,30.0,30.0,0.0,1.3526773354174875e-16,0,104.95280653194945,4.2656793762396275,116.44307720591016,96.01176917787843,20.431308028031722,6.261489729041187,0.2858427583356213,2
3.9980090623312305,0.277401731632402,4.777449119846771,3.2486081930703135,1.528840926776457,0.006135104069564134,34,62.14768489174967,2.5842118672740133,69.12390171511232,55.77455119283781,13.349350522274513,2.495478109159549,0.0643307792553219,0
9.852822491314079,0.8280650834286061,12.388427967506116,8.359040381789661,4.029387585716455,0.010759939602013081,33,79.85666905099075,2.797397976620786,88.88929740660012,72.9807488199163,15.908548586683821,3.579113916928202,0.12338133414557323,1
25.617868508139043,1.4364592019734523,30.0,22.63200131401932,7.36799868598068,0.016276950012609034,33,104.87621521017458,4.368159704086713,115.78594038658214,92.7736910803048,23.01224930627734,6.058471991914837,0.24426766557634183,2
15.147621364505639,0.6638509240947169,17.81371305633457,14.197102630685148,3.616610425649423,-0.00038325266047944067,35,79.96360148921686,2.5344267670133425,85.3357249332836,73.44744635159154,11.888278581692063,3.3850750572056083,0.18943145247299614,1
4.694690261481707,0.2186593881064057,5.455795760154374,4.165478162458538,1.2903175976958359,-0.0005015518394050737,31,61.580455416927805,2.4576699703889564,68.74121158329793,56.002695493852364,12.738516089445561,2.401593416863589,0.07623669155188638,0
16.859901580261045,1.8767441744108282,23.014180083922458,13.136631828158519,9.877548255763939,0.00941851803573091,30,104.87605458304469,4.113534323915052,118.52018582427556,94.30904788123492,24.21113794304064,5.858481614242624,0.16076025634765373,2
9.0824230260996,0.5633553890840591,10.49991337637428,7.9654820477478285,2.534431328626452,0.007143240537638395,31,79.97216353694054,2.6536709578164377,86.9833638084746,72.32339980796164,14.659964000512971,3.9027274806909467,0.11356980367718157,1
14.625996662212176,0.7038174518584652,16.796253277154953,13.032687495499214,3.763565781655739,-0.012243749615765093,29,80.06774839238871,2.301121600222849,88.02667723931316,73.06750496061028,14.95917227870288,3.41651635262347,0.18267026078795381,1
6.19586923835638,0.2478219792504591,6.911099665182382,5.461656672098243,1.4494429930841388,-0.0010127500591687751,31,62.43432568399858,2.7426990808917813,67.6179206780111,55.34084775089771,12.277072927113394,2.465698521208019,0.09923818462423384,0
30.0,0.0,30.0,30.0,0.0,1.3526773354174875e-16,0,105.59391938405079,4.364746513998964,115.09147018033434,92.40469150924089,22.68677867109345,5.436432142058931,0.28410726574871337,2
21.308376842467723,1.459664558336368,24.706204120079924,17.231546693069227,7.474657427010698,0.01857806165640696,31,104.97267974020619,4.381921838794943,117.22863951536175,89.21172837677142,28.01691113859033,6.132781192594072,0.20298973687452262,2
11.806494943433254,0.8095133152194793,14.663159457305802,10.359932753357262,4.303226703948541,0.020499009303685693,32,80.05027441363808,2.9181387662806126,87.33218610538516,72.48159600398498,14.850590101400186,4.30554770314072,0.14748849872691125,1
2.608877457400344,0.35673325201639255,3.699218441148392,1.9914126240123131,1.707805817136079,0.007899378721027077,35,62.47650550111941,2.4949225285910717,67.84098178719918,56.5439959533105,11.296985833888684,2.107476062351987,0.04175773588354528,0
26.110620840710464,1.475155451923183,29.648005673947026,22.70862499634073,6.9393806776062945,0.007320317755879254,35,105.32928771825533,4.460891965539489,117.64515871426671,93.90476301589152,23.740395698375195,5.6575816689014715,0.24789515963174882,2
17.184669972054344,1.6605584438605365,21.03184206595679,13.701178477257706,7.330663588699085,-0.002603475661893105,29,105.68030214973403,4.325718736319146,115.48309138902069,93.14147291690263,22.341618472118057,6.175791402029993,0.1626099609849349,2
30.0,0.0,30.0,30.0,0.0,1.3526773354174875e-16,0,104.99933934266284,4.5023250133141755,116.28339037058856,94.71476943421636,21.5686209363722,6.350431353168718,0.28571608071151416,2
6.5001154921551905,0.44391554065638716,8.001257320200008,5.824986877446528,2.17627044275348,0.01164839925724964,29,61.556426124113585,2.449088617916585,66.9070922333058,53.871355799136076,13.035736434169728,2.4696886444430795,0.10559604895601375,0
12.129692372969558,0.6251111536628691,14.386440536385741,10.662016548719526,3.7244239876662153,0.001424824157023993,33,79.99630591738692,2.8283608574818557,86.13439614789309,74.01257987265957,12.121816275233513,3.7698410936843203,0.15162815435337568,1
7.54478180895902,0.6612196735657643,9.709239148827665,6.2154019772583755,3.4938371715692895,-0.005875197897760214,30,80.33798664447514,2.9141031502375268,85.86106719576416,73.07759068234445,12.783476513419714,3.599557059219426,0.09391300467155624,1
19.817345089419277,1.3897524063576554,23.66715187845768,16.587416316372934,7.079735562084746,-0.003703463460368483,36,104.6374549763379,4.808358641441601,119.73292467561832,93.60432972585143,26.128594949766892,6.768275204232616,0.18939054762474972,2
15.367911127095395,0.9059949674235115,18.662668100389087,13.715584937188305,4.947083163200782,-0.011634038409222731,35,80.2228984107929,2.930768234992558,87.5676040843037,72.6908746153627,14.876729468940994,3.9575840558449036,0.19156514212234835,1
5.148711677243723,0.29892549574255706,5.965307434867397,4.556362138369495,1.408945296497902,-0.0015786803691080799,33,61.648741125269005,2.391183320657067,69.01784163752285,57.427578156756695,11.590263480766154,2.1934279534683716,0.08351689750265535,0
5.564124839943714,0.3515228975220021,6.53458697890985,4.76026505464279,1.7743219242670598,0.007772827633158031,33,62.08614962403291,2.436198264425354,68.31290166849762,55.531592989244075,12.781308679253542,2.396061032010615,0.08961942049906857,0
4.345308571252335,0.40119213910758633,5.765409912006979,3.607873969056192,2.1575359429507874,-0.010584351980306158,32,62.25641081364135,2.452504018985664,67.33804481175135,56.230340795994344,11.107704015757001,2.068613346317694,0.06979696459634718,0
11.094295631766592,0.5933448289012733,12.817654305609418,9.84729096998629,2.9703633356231283,0.0003571634904846703,32,79.96407502846515,2.6163192947455567,85.64959955255433,74.85549836959679,10.794101182957547,3.7396562400870295,0.13874099699241582,1
12.858679296663054,0.583414363052444,15.371190750162176,11.680765742350717,3.6904250078114593,5.442756786277112e-06,28,80.45837887859393,2.8703779196819617,87.89250828511847,74.64015106979305,13.252357215325418,4.096416065226185,0.15981777555135837,1
5.835209905123401,0.3538710329857553,6.853258139510041,5.259964773556685,1.5932933659533566,-0.0016802199107709497,34,61.75560663617551,2.527248110048772,66.39756819067307,55.872946914208605,10.524621276464465,2.5038733168583085,0.0944887456941679,0
4.856726340291844,0.24299866367840667,5.421071346083952,4.2846992135823205,1.1363721325016316,0.0041101171238552585,30,62.524763440902625,2.763075580326434,68.40539789816054,55.47617908126469,12.929218816895855,2.268257938068306,0.07767684346707682,0
2.968703101125484,0.39937818099859895,4.8218540341015315,2.3398953787133254,2.481958655388206,-0.0038174571757903144,31,62.285024662121124,2.389833815971779,68.43293772488657,56.2997229160281,12.133214808858469,2.789476380729093,0.04766319142629674,0
4.134576669565761,0.2570858664796615,4.718902863705178,3.5143220227851737,1.2045808409200047,0.006618120977575892,30,61.757378550499105,2.244178841777671,67.9551666042115,56.723250869485916,11.231915734725582,2.0973946474659146,0.06694870636771288,0
12.35814017766446,0.9300897307038306,16.503820426537505,11.063771815126287,5.440048611411218,-0.009329435620737746,34,79.67488607881155,2.6837096393985935,85.9167888901271,73.78595180406485,12.130837086062243,3.307876381409413,0.15510709372503068,1
30.0,0.0,30.0,30.0,0.0,1.3526773354174875e-16,0,104.36225614592259,4.50143790019332,115.01759247671046,91.31685693723037,23.700735539480092,5.714326567218208,0.2874602449241114,2
3.0501101221666245,0.23272215781276043,3.5176672796183324,2.4293292923227994,1.088337987295533,0.0032452802042681646,35,61.837514170922326,2.7434211369181254,69.57752144283668,54.76340193862997,14.814119504206715,2.281194500408786,0.04932459064268593,0
15.682663571753679,1.4467043693221349,20.97296470910496,12.582941909785157,8.390022799319803,-0.01760383945902006,30,105.1844585175806,4.1439349290077665,117.4893187215627,92.31182352385215,25.17749519771054,5.664923162367734,0.14909677383599113,2
5.546405938011498,0.2816480070675806,6.150386088214476,4.956044381706508,1.1943417065079682,-0.006493271351419846,30,61.54146916822081,2.5813795776993262,68.7234888359096,55.92900618608405,12.794482649825554,2.0376857948787355,0.09012469027552722,0
12.999922940834164,1.021951129771726,16.86886559118498,11.285113354005123,5.5837522371798585,0.00991498021647054,29,80.22574841774673,2.8219168001625032,86.20134792480658,72.34147539539009,13.859872529416492,3.9364068210996326,0.16204177630229097,1
2.7683836572519294,0.24660578407951916,3.5700047999068625,2.2625056599081304,1.3074991399987321,-0.005546694004295261,32,62.08167295105831,2.5396246896899117,67.30797807751863,56.24284745232997,11.065130625188658,2.19373078187236,0.04459260649824563,0
23.70730335024705,1.147691126361622,27.83967224054878,21.477005755293284,6.362666485255495,-0.007330256984469281,36,104.85728399334884,4.023696221416091,115.05517372005949,92.81196770634666,22.243206013712822,6.026276308764229,0.22609114237270989,2
3.578316708906009,0.29121295627714255,4.689666465179904,2.9506071375318026,1.7390593276481017,-0.0019116216486313145,31,62.36471937495325,2.3678873807286718,68.60894703336034,57.45937123460697,11.149575798753368,2.4214880328565087,0.057377258927679295,0
7.064620427704768,0.7058293396299667,8.943180015351425,4.916818785639139,4.026361229712286,0.005312695740698991,30,79.88316841326235,3.0311485382962653,90.56438219042626,72.46247683218037,18.101905358245887,3.954380890568636,0.08843690704304838,1
8.591916795627872,0.9409684945849158,12.070419912652786,7.208900432675192,4.861519479977594,-0.009086873547344169,32,79.94444979609554,2.7711501224765884,88.55158371640654,72.70022234467586,15.851361371730675,3.919473114561087,0.10747358584703041,1
11.025613704461916,0.7008890905574773,13.535809433073995,9.637330310997063,3.8984791220769317,-0.0014046072644373774,30,79.92001649113932,3.030772629436172,85.89694429957319,73.5948887450315,12.302055554541695,3.9241096501358257,0.13795809924196173,1
30.0,0.0,30.0,30.0,0.0,1.3526773354174875e-16,0,104.87281822576752,4.368343401841358,115.96435396108521,90.7035802996103,25.260773661474914,6.581440585888188,0.28606077553247394,2
30.0,0.0,30.0,30.0,0.0,1.3526773354174875e-16,0,105.05213712787514,4.195011006048284,115.96435396108521,96.01176917787843,19.952584783206774,6.057606052330314,0.28557248366979815,2
29.786772303846284,0.40550888029479537,30.0,28.19991414178905,1.8000858582109487,-0.0017645005879511106,10,104.77941557008563,4.138894000574244,117.18644761786192,95.42566146335054,21.76078615451138,5.985164251021772,0.28428076123064006,2
11.812397645218846,0.6090199208498869,13.260096367154533,9.792402565092596,3.4676938020619374,0.009932643523642145,32,79.82323262671117,2.7656744513867912,87.18000021391674,72.42525363570672,14.754746578210018,4.1066526819356355,0.14798194846952523,1
24.276485656565242,2.028065064999974,30.0,20.489398337549638,9.510601662450362,0.004196124138688842,29,104.67625878143548,4.652731383537758,115.96950752381616,94.37986193063756,21.589645593178602,6.5445887704331795,0.23191968940478633,2
27.5316294336781,1.5405046796319763,30.0,23.873141662367864,6.126858337632136,-0.002692788099743486,27,104.43892420789871,4.607386938783934,116.32683921548336,89.87132871002086,26.4555105054625,6.724664366498076,0.26361463773083604,2
13.119631960886245,0.7175886862097898,15.341145509777116,11.704637786695214,3.636507723081902,0.007450667515019777,35,79.76157466977935,2.994068037852265,87.7088918655523,73.08695335334068,14.621938512211628,4.586794389308231,0.16448561667340666,1
6.111001660904245,0.20289861435356385,6.711873636922544,5.445664394462104,1.26620924246044,-0.002394056573311428,34,61.819692618654884,2.4595333054464423,68.65688502737171,55.45161089411704,13.205274133254676,2.4872358356419992,0.09885202114719269,0
18.900042700545033,1.883062839051396,26.89561367120878,15.491715910807729,11.40389776040105,-0.010074377441589847,28,104.79162852714386,4.473887334053933,114.14194540471823,93.19111536206061,20.950830042657614,6.674760135195466,0.1803583242843782,2
5.963912230560623,0.20619906273173605,6.57292555946326,5.542275365616449,1.0306501938468111,0.0003427676117233878,34,61.664366069886036,2.689568544463988,67.22025423433934,55.28268201363709,11.937572220702243,2.456531276421785,0.09671569682701107,0
4.418770008664435,0.3815779275114454,5.688319284188428,3.746525413483581,1.9417938707048474,0.00735039071792062,29,62.54099687444622,2.4672130053173946,67.8209606136103,56.54604562572035,11.274914987889943,2.2264321008310057,0.07065397353485323,0
21.135235971098528,1.9684722974857525,29.456435960073318,18.363900469902166,11.092535490171151,0.008555831042266824,30,105.72054247014744,4.004463670998041,115.15591315057443,94.96235904074891,20.193554109825527,5.390129950244767,0.19991607380514967,2
14.31984305999532,0.6997118728316186,17.0868234944726,13.03047499042079,4.05634850405181,-4.563715178959423e-05,30,80.63482669019795,2.949088503002553,86.03841462531972,71.737140503553,14.301274121766724,3.421576296385905,0.17758880957757728,1
3.739017824324552,0.2545858568107157,4.613679291717997,3.1728933714495655,1.4407859202684312,-6.126826698151588e-05,34,61.37117849142858,2.606788571762771,68.91750075475152,55.60003041760688,13.317470337144634,2.5371080629484153,0.06092465315656453,0
4.382639493122822,0.2056979316687982,4.908749828021932,3.781107769260868,1.1276420587610643,4.995728957586236e-05,33,61.834150324160746,2.770495802519117,69.56604203538247,56.21675133301766,13.349290702364804,2.626574471084919,0.0708773291016347,0
9.794337637290019,0.5783993833737202,11.35282482716576,8.459596302678717,2.893228524487043,0.0026362322895711644,34,80.30828884425681,2.6690868053500125,87.2216994649496,72.4184227864831,14.803276678466489,3.372197482753163,0.12195923554447916,1
6.260229876836284,0.7972833870517128,9.904179972641874,4.9377590565754375,4.966420916066436,0.008514819906295398,30,80.09921572014964,2.8674703951680502,87.03692267072985,71.07030248344923,15.966620187280625,4.020915204099546,0.07815594375545835,1
29.99658470188352,0.024264748332077382,30.0,29.79988444544124,0.20011555455876007,1.6235380889217023e-05,0,105.32124062846171,3.7671433050107197,113.18229417803842,95.18332879606608,17.99896538197234,5.654392925268724,0.28481039758058957,2
30.0,0.0,30.0,30.0,0.0,1.3526773354174875e-16,0,105.34066508339505,4.393385697344953,115.96435396108521,90.7035802996103,25.260773661474914,6.478747768789,0.2847903009864196,2
14.33325531450555,0.7032762385163915,17.0868234944726,13.03047499042079,4.05634850405181,0.0016800673575357921,29,80.40757655032402,2.865139176710721,86.9461741336705,71.737140503553,15.209033630117503,3.531075606623287,0.1782575193928074,1
14.000360161043897,0.5869359243939616,15.579042946117735,12.487605429715805,3.09143751640193,-0.0038210729276938415,32,80.07810386055456,2.963730817110523,85.96581298814327,71.737140503553,14.228672484590277,3.7523452847123204,0.17483380988378378,1
15.772181258637183,1.6238645342132643,21.487916505755305,13.232266117709216,8.255650388046089,-0.01006713898692016,35,104.92163501018864,4.201512080192176,113.83647914509912,94.94077122182622,18.895707923272894,6.123622248190837,0.1503234400300963,2
4.036895647288457,0.5590041519717689,6.391691745245265,3.304668445094825,3.0870233001504404,-0.004355957438182355,30,62.22702982390334,2.688871613257043,69.91052992958669,57.32576993959413,12.584759989992556,2.6296152827487274,0.06487366653749709,0
30.0,0.0,30.0,30.0,0.0,1.3526773354174875e-16,0,105.94379085686141,4.342436635684332,115.92747142321106,94.38024907622179,21.547222346989273,6.064059443193361,0.28316902268829885,2
9.474622979578498,0.6616134626749891,11.381852178085266,8.129159056446483,3.2526931216387833,-0.01217546390509719,36,80.38178025545308,2.9282170641140386,89.43930777083614,73.62803122413771,15.811276546698423,4.158348507619701,0.11787027895622483,1
12.561761129533735,0.7318310599561186,14.536428551240647,11.02072708554966,3.515701465690986,-0.006575718190388017,31,79.85670394880262,3.0026889276475632,89.3475954048507,72.7265508220229,16.621044582827793,3.888916010385274,0.1573037747749206,1
4.966434567954054,0.19296575800564367,5.421016569413109,4.587227877819984,0.8337886915931252,0.0004067511615396568,28,62.21662903117619,2.68306577589618,68.84875388772184,56.27421193177407,12.574541955947772,2.699225563287787,0.07982487263397935,0
22.852261967181914,1.5960803452787469,27.918115199821475,19.5992778703902,8.318837329431275,0.005005199643584993,32,104.71161516068828,4.065923296311733,114.74737860141784,95.74124867851398,19.006129922903853,5.987326962158076,0.21823998907736564,2
25.348457415816707,1.4388979372970196,29.518668761458795,21.93783574268622,7.580833018772573,0.01749754553380097,29,104.51204300141511,4.021836995377984,115.70429154151826,93.95382613966564,21.750465401852622,5.819292575062436,0.24254101676045572,2
25.830573931769376,1.2923932256937862,29.581489848431293,22.718248491209106,6.863241357222186,-0.00440302617992655,31,105.20902646565457,4.1628691480266395,114.15237870343549,96.04869461345262,18.103684089982863,5.351641230829659,0.2455167066362414,2
20.458287072631904,1.743036320285571,26.88787569891792,16.567618808031334,10.320256890886586,0.01345694193470026,32,105.02283639149624,4.819227738513537,114.31718899256555,94.2051292112445,20.11205978132105,7.057298204337049,0.19479846079923588,2
8.64665282411533,1.0786391452973783,12.497556466569124,6.689925417415771,5.807631049153353,0.015177103174622434,34,79.83173374956256,2.8355066847611154,87.87013203051453,73.02651043190721,14.843621598607314,3.8035772409860664,0.10831097246277377,1
29.99882394313681,0.011701618041992167,30.0,29.882394313680784,0.11760568631921586,7.057046884400506e-07,0,104.8777349128251,4.239539902936946,113.46201465121808,93.88236472930613,19.57964992191195,6.290160665191678,0.2860361513531526,2
6.612334846803192,0.40076975311949653,7.625810340685518,5.704978678756178,1.9208316619293404,0.0010905187530920533,35,61.748421423314106,2.4554669626137273,67.06248789770645,57.12127668575179,9.94121121195466,2.6244264832547084,0.1070850814855247,0
14.442188104023957,1.4008538430950035,20.189282177392446,12.393874488959437,7.795407688433009,-0.01930209541820288,31,79.98669499395623,2.8943534522011674,87.60223947805342,71.98246700210679,15.619772475946633,3.9130777861275075,0.18055737800590244,1
17.229520368046103,1.42346778602349,20.54451127430688,14.1113690762209,6.4331421980859815,0.010208177876612712,35,104.64346386363424,4.150082584789765,114.6034723630504,93.14147291690263,21.46199944614777,6.455373468160476,0.1646497503737925,2
6.480768096174326,0.8276831634698627,9.24717950518752,5.158434963216692,4.0887445419708275,0.009010247924474548,32,80.41422204209823,3.179928951509776,89.67026894927676,73.78692431973309,15.883344629543672,4.7446654782131725,0.08059231129773563,1
7.230054585041437,0.6635628560223797,9.492309541617503,6.016614573095444,3.4756949685220597,-0.014319891764486198,33,79.61860541182755,3.5016736843877134,88.53038905064365,70.95104525120053,17.579343799443123,4.254533022714258,0.0908086050595253,1
29.127098900357804,0.8959414248337834,30.0,26.971935905394233,3.0280640946057673,-0.009455219504189082,27,105.59786173023643,4.2804968656691775,116.72305105191239,97.23689564481231,19.486155407100085,5.804237544177848,0.27583038280582245,2
6.420894563354584,0.26958346831752245,7.338767191425283,5.603099245362525,1.7356679460627582,0.0020578790437528697,34,62.17047188091587,2.447159206690839,68.33586502166322,56.71207182434862,11.623793197314605,1.9941940981688167,0.10327884389191402,0
13.575762482327816,0.8385538775583842,16.64645146098703,12.152638707177356,4.493812753809674,-0.010148423563768369,33,79.72113663713303,2.897408705203673,87.44114832106317,72.70568977574035,14.735458545322814,3.767391945871748,0.17029062661048142,1
3.077705706661538,0.298792228398252,3.7224803659869816,2.223686323097622,1.4987940428893598,-0.008454469844839142,34,61.72667874084225,2.51151483091831,67.29514349283622,56.23803212413157,11.057111368704646,2.7185731201054404,0.049860217973544015,0
30.0,0.0,30.0,30.0,0.0,1.3526773354174875e-16,0,105.60374098868087,4.265209542288609,119.31148042145973,94.79500822561226,24.51647219584747,5.675917189764235,0.2840808425445336,2
5.217932328140294,0.4003417786143834,7.0189176838482625,4.5544617447849145,2.464455939063348,-0.0024844871740790026,34,62.34637896843423,2.678190414778102,67.7344706034689,55.47967766945648,12.254792934012428,2.673407169860794,0.0836926270744527,0
11.189779293496713,0.7207491028356394,13.571007154872166,10.052918727866931,3.5180884270052353,0.003525985763884119,36,80.72544386287686,2.7601917444725657,88.28118850940182,73.86853805496256,14.412650454439259,3.6197254371961445,0.13861526947920913,1
5.339666093417901,0.308791003492964,6.140751479532769,4.751550367860119,1.3892011116726497,-0.007048931259496418,29,61.79169500989332,2.6526400442085976,68.02349680213433,53.66192059635631,14.361576205778022,2.4054971087108314,0.08641397531090554,0
8.308497206340968,0.5227756814853141,10.04999248134011,6.588105592776835,3.461886888563275,-0.0011220764082350474,32,80.51040559224298,2.935649866179184,90.92596192506218,74.75168283002083,16.174279095041356,3.955467526811677,0.10319780458221504,1
5.980255575988166,0.21423335430791507,6.57292555946326,5.542275365616449,1.0306501938468111,0.002833812445785347,33,62.13957620632608,2.7512083730446673,67.48980269828733,55.28268201363709,12.207120684650242,2.4807896921136643,0.09623907732959841,0
4.422220290911266,0.27079772897359505,5.137230460327411,3.6515155956040237,1.4857148647233869,0.006126844470107149,29,61.91606613895467,2.5655562665461678,69.21922839394304,56.82598837840614,12.393240015536904,2.116399201339207,0.07142282278664004,0
4.901775475514077,0.24246124680626893,5.341094843626375,4.041553285156,1.2995415584703753,0.005134458502429446,33,61.71470947260815,2.6645685947595346,67.71291348879741,55.58759970034527,12.12531378845214,2.5169399813697897,0.0794263707627651,0
7.640112056567546,0.501034692487806,8.813919093964952,6.134564000827747,2.6793550931372048,-0.00350544388376542,34,80.50707291809528,2.775427493973222,87.21526009258065,73.55748255514534,13.657777537435308,3.5606218348646106,0.09489988500066833,1
7.575258040347073,0.6116848719948123,9.086061261169805,6.329950004561799,2.7561112566080057,0.007080673734040127,32,79.80215867978173,2.5721683232884796,85.59765691070513,73.07759068234445,12.520066228360676,3.3557294383234115,0.0949254765879012,1
4.639948831731343,0.24644178205748032,5.094086938922764,4.130167819740672,0.9639191191820924,-0.0065271490347745265,36,62.58769740682206,2.952781873363152,70.06963671117656,55.76227399570192,14.307362715474639,2.73748311869331,0.07413515674552411,0
5.089890324035294,0.30366918225582495,5.820603576204252,4.465350405447314,1.3552531707569377,-0.0037866107948504916,34,61.718487286774646,2.582344533435931,67.78519635015002,55.81452363046709,11.970672719682923,2.3432229733066015,0.08246945875254015,0
27.0905680113493,1.239092783681737,30.0,24.343874170651716,5.656125829348284,-0.0005306679979708754,32,105.13099371553483,3.992910043115213,114.07262641563601,95.04805247435407,19.024573941281943,5.538419343888983,0.2576839312198216,2
12.660888288794105,0.5448921658588088,13.76734246553109,11.346891529312044,2.420450936219046,-0.0016023480953338352,33,80.07309426068947,2.6930754979420257,86.02258352697092,74.84854893183386,11.174034595137059,3.7423713576229045,0.15811663390274552,1
6.246095827980421,0.5886305601878248,7.5482368969296605,4.9377590565754375,2.610477840354223,-0.008108105731894908,31,80.17538605709065,2.6010635004584217,88.73151182461035,74.10763127064665,14.623880553963701,3.639093233593058,0.07790540285802114,1
16.195503194318174,1.2211471509974794,20.256724996201687,14.231727989656141,6.024997006545545,0.005747935713269002,28,80.16220869225147,2.690916745487973,87.30076858169807,74.61332962826785,12.687438953430217,3.823976592724847,0.20203414123056096,1
7.886510509558545,0.7252757541549313,10.698532613945515,6.236853060202778,4.461679553742737,0.004728684541795431,31,80.20166042596259,3.0992408144291947,87.93766128641272,71.06747186761038,16.87018941880234,4.087902032590253,0.09833350543291305,1
29.997998844454415,0.01991124627555907,30.0,29.79988444544124,0.20011555455876007,-5.403660339120096e-05,0,105.13693778301848,4.346434431757323,114.48118378043267,90.7035802996103,23.77760348082238,6.5876177741368025,0.28532311470818317,2
2.9532243673854945,0.40204184265250437,4.8218540341015315,2.3398953787133254,2.481958655388206,-0.0013271144069560187,30,62.13274378738022,2.7203006117505604,67.05726620930123,55.21603606272994,11.841230146571291,2.7259818916324603,0.047530885324501615,0
5.692149010912102,0.2140949059982035,6.16228589062105,5.140459485002312,1.0218264056187376,0.0005980922268045096,33,62.434596369325845,2.7985453676203695,67.15249622561774,56.135393876132966,11.017102349484773,2.7238961548411247,0.0911697880782468,0
29.974194362899556,0.11483265932665009,30.0,29.042329669021175,0.957670330978825,-0.000575814049545273,2,104.46187549454163,4.460514107832568,114.88614588788795,93.4945059430333,21.391639944854646,5.693868806276432,0.2869390764243621,2
16.12524821142531,0.957557213078554,19.72867699139595,14.602254327854503,5.126422663541447,-4.882589373003342e-05,33,79.59973236698792,2.8621082725512164,86.3409590171202,73.7007321870406,12.640226830079598,3.9589773964636734,0.20257917368995695,1
7.191736828730264,0.640945688283966,9.32221046973494,5.9106067702328255,3.4116036995021153,-0.005219550435061751,33,79.96124527906895,2.7983314444416614,85.14352606140052,72.6271786354769,12.516347425923627,3.576799812898718,0.08994027936521555,1
14.434023379926046,0.5891299859350458,16.464309220836153,13.191308899213421,3.2730003216227317,-0.004857743617031192,35,80.46057251409535,2.882951342637953,86.64770873390621,74.52303099700912,12.124677736897098,4.21650115871768,0.17939249932636195,1
6.155275517456992,0.25641898585250217,6.877777589061733,5.729189095465255,1.1485884935964776,0.0024634367073726017,29,62.36171645692144,2.4267283184812127,67.63666283306638,54.78627565211511,12.850387180951273,2.276387297739119,0.09870279024481593,0
3.5103639836479332,0.6816873601653124,5.527755090611661,2.577245577730876,2.9505095128807852,0.0155055791055906,26,61.75465223631869,2.6275669030670468,68.31950137915246,55.21603606272994,13.103465316422515,2.5202772042629524,0.056843716217054946,0
5.064298773588314,0.4200895345973922,6.670934968785237,4.496615990937751,2.174318977847486,0.009354671749445362,36,62.454891647715314,2.770647335275748,68.25353020729206,54.343189099187505,13.910341108104554,2.7319595418335494,0.08108730251373786,0
29.954611998317453,0.20677797726755823,30.0,28.36208975947883,1.637910240521169,0.0006463523472905597,0,104.93509503972088,4.0286208947648205,113.24980721934462,93.35534673691807,19.894460482426553,5.442980018043806,0.2854584703193943,2
29.458163351019348,0.7434790840912989,30.0,27.117420029565164,2.8825799704348363,-0.0031394705049317207,18,105.12320989987,4.265264329514335,117.12100770416207,95.61949370348862,21.501514000673453,5.551819550536821,0.28022511012414075,2
30.0,0.0,30.0,30.0,0.0,1.3526773354174875e-16,0,106.1402302862868,4.152564141181687,116.21884359525961,94.23423410209472,21.984609493164896,5.5177092561859675,0.2826449465620862,2
5.037998077490713,0.3021534055466898,5.820603576204252,4.465350405447314,1.3552531707569377,0.00036924101660543043,32,61.736945057244974,2.607855811660771,67.78519635015002,55.34434238057642,12.440853969573595,2.6537258707597573,0.0816042645326071,0
4.209838764423896,0.24740746689818063,4.793946806467893,3.5290969189999615,1.264849887467932,0.0038727997532631243,36,61.768382805065315,2.390738275272383,66.209798212837,56.448669576588564,9.761128636248436,1.8940269330389408,0.06815523581950461,0
3.642940812346968,0.3052031160248213,4.37569028234992,2.996582366520743,1.3791079158291768,0.007887549144234332,31,62.38317081934715,2.418427766684749,67.30391488656267,57.233963501421385,10.06995138514128,2.722137464230125,0.05839621016540182,0
2.7661677987871855,0.45047261153788426,3.9048844274677683,2.006833791466122,1.8980506360016465,0.009305283178329578,29,62.13028913617404,2.655083272195828,67.73700934683009,55.7500449673066,11.986964379523492,2.6399472740591605,0.04452204862917006,0
6.809466310197857,0.383525220954993,7.921463846792112,6.026025621983643,1.8954382248084691,-0.0029696355036527428,34,61.88809976770761,2.5404789175555185,68.59203842890194,56.68903938083996,11.902999048061986,2.273221312057357,0.11002868444382684,0
6.1238324756393885,0.4605246475772897,7.899056762325829,5.415613094470955,2.483443667854874,0.002802781366934404,31,62.47721253037438,2.686550567271953,67.6179206780111,55.659177263951996,11.958743414059107,2.410961523347151,0.09801705501257961,0
5.567549376380304,0.2978457852775587,6.158343081180811,4.834253686789835,1.3240893943909757,-0.006903753526122876,34,61.90093338653036,2.7112999824547077,67.16974651909491,55.72601330015959,11.443733218935321,2.320179285999753,0.08994289717203045,0
8.584593408522277,0.6656220732969034,10.277303640997193,6.754712393451468,3.5225912475457246,0.006745090761450912,31,80.0386115598708,3.192189280035382,89.49290229664835,70.8395282629942,18.65337403365416,3.9372337912750655,0.10725564991647994,1
7.47010247465218,0.8473787131819788,10.579199999263535,5.822305519566808,4.756894479696727,0.009620699415870501,29,80.6011297313401,2.7721317957870073,87.74535596303528,70.97924122707066,16.76611473596462,3.6844063070151214,0.09267987194313124,1
2.470812182440866,0.2511510890416973,3.483587400064147,2.0828335829605775,1.4007538171035696,-0.0018502402081500237,33,62.160198031593865,2.3209259040206076,69.71979520405397,56.1933618933529,13.526433310701066,2.610357482500534,0.03974910346064108,0
11.9227595347175,0.7464523018333424,14.558830420815058,10.681672691164742,3.8771577296503157,0.005803813934295028,31,79.88264210421167,2.902334921281095,88.52228732196824,73.02775310271421,15.494534219254021,3.9830690234176513,0.14925344319370543,1
20.869743576966908,1.0794608463436695,23.55684270721502,17.72875669924643,5.82808600796859,-0.0003650421168267589,30,105.31343257168622,4.353518976579391,115.38036946259784,93.01285974314565,22.367509719452187,6.302286898426463,0.1981679152333496,2
25.465460046600636,1.2880882841191303,28.959301304389612,22.557641634447535,6.401659669942077,-0.01702508275760822,26,105.22774634357907,4.053704932341833,119.51170324251902,96.09471712355814,23.416986118960878,5.912395288704652,0.24200328040334623,2
6.829971388329584,0.47363075568259566,8.077465640314307,5.813877408631155,2.2635882316831513,0.006498719667070581,33,79.96821439242093,3.1094993722311375,86.12424423006276,71.4245013638492,14.699742866213555,4.007322523201436,0.08540857582995283,1
6.003731856846592,0.559925241523165,8.225575675169845,5.213125709130566,3.012449966039279,0.010518244544951413,29,61.612186813284914,2.5075282844321456,66.98310919217434,56.02227319620788,10.960835995966463,2.48238570317069,0.09744389981801715,0
5.642048447115539,0.5750210877157544,7.878837475379706,4.7081031069645025,3.1707343684152036,-0.011638829657092158,33,62.02146024157642,1.9701205142524145,66.3066909749805,56.73199807785731,9.574692897123185,2.1818813470908274,0.09096929247022258,0
13.06898534498303,0.5034909977466601,14.590504717467006,11.73782185716951,2.852682860297495,0.003368531604917398,33,79.44615643836246,2.8511107163996066,87.58481021343998,72.77947568500744,14.805334528432539,4.107660790546041,0.16450116363554118,1
22.687962387190684,2.2657514009222512,30.0,19.56190978647002,10.438090213529978,-0.019717809338557477,30,105.32133621004402,4.472729853141971,118.2273560201978,91.59579260643558,26.631563413762223,6.033145469447088,0.21541658118092177,2
22.03237065234386,1.1348769433288055,25.43830543866883,19.238933058345623,6.199372380323208,-0.00783588344498268,27,104.23768172960312,4.109131568371969,115.1310771571092,92.91800760563173,22.213069551477474,5.720569667862571,0.21136665815467853,2
18.528167552613176,1.9775966216280512,26.187412325047603,14.686263533183634,11.501148791863969,0.011194923595678379,29,105.6267947323748,3.9536288363185563,116.6889246741242,96.01806296515198,20.67086170897221,5.4436330107768285,0.1754116218725194,2
7.9936735906281235,0.8671441444566339,11.4913921790123,6.236853060202778,5.254539118809522,-0.009412524104767143,30,80.17360314713292,2.6397999722542087,86.43583824000099,71.51856126230109,14.917276977699899,3.6658661357464277,0.09970455582810399,1
4.683883733343561,0.23084670290134388,5.178115320594422,4.083899735834876,1.0942155847595458,-0.004815051615253956,36,62.04700348918924,2.7010639181904845,69.64666609426962,55.02862854050966,14.618037553759962,2.8194340193147394,0.07548928061724007,0
3.185584312166193,0.3929253877882494,4.460976547058739,2.2579374769592486,2.2030390700994906,-0.0038188867411406424,29,61.77454161887849,2.4984288175970857,67.55256048840876,54.90271244651387,12.649848041894892,2.5242672225525022,0.05156791417817262,0
6.016203129271162,0.33827767803739894,7.103220215803253,5.209808224541242,1.8934119912620107,-0.0028683986599144706,31,61.77243291415426,2.6946141051743395,67.47762781459502,55.45161089411704,12.026016920477986,2.117690564632431,0.09739300765826933,0
16.161566381913367,0.728573153114815,18.348665027682546,14.391551251461026,3.9571137762215205,0.0002549233019918905,30,80.03145591279161,3.16535072175923,88.85807834584887,73.43841647882618,15.419661867022683,4.4243753086625235,0.20194017459315083,1
14.365912355159093,0.7277627254885112,16.62190744599007,12.960704649708259,3.661202796281813,-0.010428100698694298,34,79.86880512727068,1.869833090531997,85.34856173339855,73.6726118962245,11.675949837174059,2.753732608289488,0.17986887561918805,1
5.955745804941497,0.4398699135654804,7.2750428915350795,5.213125709130566,2.061917182404514,-0.00796800958227138,30,61.80055319739205,2.743751605483486,68.27090228948586,54.78627565211511,13.484626637370752,2.628721901599286,0.09637042713110211,0
7.409491723380842,0.6367445949820042,9.338925976722656,5.912539341142732,3.4263866355799246,-0.004717921859237859,25,80.27487004576994,3.341084912452931,89.78609054990176,73.75547734161124,16.030613208290518,4.163911863662506,0.09230150888883032,1
7.865222388986214,1.0018500608712804,11.369998486593708,5.965538038685718,5.40446044790799,0.011516930516086392,31,80.2496493060765,2.814940615175717,87.47890077068728,73.43685008604176,14.042050684645517,3.461909937323991,0.09800942881355658,1
26.06041349445527,1.386295135193783,30.0,23.35230191824958,6.64769808175042,-0.008641983322448228,31,105.42467885254109,4.424933475411248,114.15237870343549,95.05311251390562,19.09926618952987,6.162225440287085,0.2471946182896293,2
15.090203984996437,0.6985067427550732,17.81371305633457,13.795488756417356,4.018224299917215,-0.006192854976810144,32,80.26103726958584,2.911750567546716,86.3764619064972,70.72312633338167,15.653335573115527,4.144029496015346,0.18801406398843867,1
6.639153854559908,0.33938103552003823,7.448356631697731,5.997579843328664,1.4507767883690672,-0.007817053788861713,28,61.75857708323183,2.487731547235268,67.05540466594857,56.89715349747475,10.158251168473825,2.398788709864349,0.10750172786705585,0
4.311504434022207,0.25464176645448877,5.031646753697048,3.776320007098403,1.2553267465986453,0.004026302693800185,30,61.77373984923409,2.3703621276556714,66.88722871353885,55.77455119283781,11.112677520701034,2.4570631699980257,0.06979510022786103,0
26.841152785216167,1.078166538136257,29.456357453656018,24.22047493644137,5.235882517214648,-0.0021540610587007774,31,104.88455993004551,4.25668012073903,116.20386980052426,94.85535951160195,21.348510288922313,5.390267627810058,0.25591138054263596,2
23.18488200481278,2.0010758844676544,30.0,20.14159994448145,9.858400055518551,-0.01955936301076196,32,105.35997345040563,4.418837215733267,116.77966491420285,93.52282240915913,23.25684250504372,5.904249722804838,0.22005398279330657,2
2.788176450073033,0.30638149060837,3.652115093534642,2.1233830373617932,1.5287320561728488,0.005502781518626639,33,61.84225690614246,2.5485357755533338,66.96483520789863,55.28242683405989,11.68240837383874,2.5768507950728643,0.045085295144052275,0
5.163989893564295,0.3886786920834955,6.697825391676071,4.483998900954557,2.213826490721514,-0.009021999961312855,35,62.42416830493861,2.387406305760388,67.67315589277781,56.07015205767655,11.603003835101262,2.1567675311522665,0.08272420684268125,0
2.561409151311015,0.30870413081067527,3.699218441148392,1.9914126240123131,1.707805817136079,-8.087693091554223e-05,36,61.87960935709171,2.451878322060204,67.84098178719918,56.5439959533105,11.296985833888684,2.232175519143944,0.04139342727806083,0
30.0,0.0,30.0,30.0,0.0,1.3526773354174875e-16,0,104.87516508152798,4.339890841651932,114.78039167696289,93.41075992171885,21.369631755244043,6.346452666772674,0.28605437417547036,2
4.43221656418899,0.23265367091975844,4.9827162966666405,3.728959720237527,1.2537565764291134,-0.004234480329315718,35,62.48345266395996,2.533466226143122,68.91148280662028,56.69248058952104,12.219002217099245,2.7746427761125383,0.07093424425649927,0
23.681663120729514,1.1092939018667038,26.6312784810557,20.894710423534313,5.736568057521385,-0.00525178420202312,35,105.22337208721235,4.175592117355868,114.32815440239993,93.93948696474381,20.388667437656125,5.873886112826433,0.2250608626764077,2
6.541800450607177,0.3421305259382657,7.742794851117893,5.92558165357912,1.8172131975387726,-0.0022088442551015104,27,62.285405956560915,2.569203222814805,69.59955278668723,54.21940755024876,15.380145236438466,2.726206505149149,0.10502942455155763,0
14.54350459482419,0.4972901255622935,15.518037662922776,13.378332258872422,2.1397054040503534,-0.005298449311251152,32,79.60809521210703,2.5659910579970706,86.47998098190244,73.60002197556317,12.879959006339277,3.5668127044370856,0.1826887626614587,1
15.40646071361049,0.822480330242746,18.662668100389087,14.186849686389017,4.47581841400007,0.007007314132033448,33,79.94342569908807,3.0057300631936426,87.71779620683358,73.52725657889421,14.190539627939373,4.080998345493415,0.19271704191016667,1
4.716912916249596,0.318358957769374,5.752576659097807,4.112449983371227,1.64012667572658,0.004876181855513775,33,61.663311789002506,2.508986872942433,67.50538353565801,56.04287815803356,11.462505377624453,2.5954656175454405,0.07649464005266428,0
13.122024615325156,0.732729670002676,15.97181899250535,11.690688859113191,4.281130133392159,-0.0006554362784558659,28,79.6941955420223,2.866035350426408,87.94800254233127,73.19165238297862,14.75635015935265,3.4523558140492097,0.16465470742786129,1
30.0,0.0,30.0,30.0,0.0,1.3526773354174875e-16,0,106.0735571352287,4.2061586500523145,116.21884359525961,94.71790094543621,21.5009426498234,5.8741965525263105,0.2828226046848949,2
3.339090201862575,0.21678754216562976,3.9937383438964393,2.6856340138495662,1.308104330046873,9.473411264639108e-05,32,61.65587557792938,2.599366806825297,67.60608440626426,55.104119114925936,12.501965291338323,2.7795866923171886,0.05415688474791471,0
5.566517440907623,0.25959546353380486,6.1796236097962405,4.93869815802841,1.24092545176783,-0.0028589009460511425,32,62.199404981474665,2.3298540335836235,69.10148686275909,57.33340692271571,11.768079940043378,2.5620892135948345,0.08949470421896862,0
10.659200902776625,0.9466771416932468,13.956423055929749,8.940144583897087,5.016278472032662,0.0052622415328223504,34,80.02932802299595,2.5476170124070365,85.31476118875347,74.21446457447149,11.100296614281973,3.364605761573149,0.13319118169432317,1
26.29185484065438,1.3149890754564457,30.0,23.264777989248582,6.735222010751418,0.015673700856206427,35,104.690149464385,4.962150883922589,120.54280748731692,90.56465591322336,29.97815157409356,6.424712186607481,0.25113971776742,2
2.956767968472953,0.2370228114447862,3.6809640940631327,2.223686323097622,1.457277770965511,-0.004777725352113487,33,62.30301697833674,2.1908869154679596,67.29514349283622,57.51063558280551,9.784507910030705,2.5304322441478226,0.047457861022094386,0
13.033627771924898,0.7227400013574031,15.341145509777116,11.336406298948146,4.004739210828969,0.010303787427490618,34,80.0213320468709,3.2999128175348016,87.899413524088,73.08695335334068,14.812460170747329,4.8428170048328445,0.16287691388858408,1
4.816477387003345,0.21859393636294344,5.4970525224961095,4.353039011213843,1.1440135112822665,0.0005037824518616994,31,61.72581838469227,2.481649420335814,67.49501946026275,56.12670295965032,11.36831650061243,2.340627587600956,0.07803018955464543,0
30.0,0.0,30.0,30.0,0.0,1.3526773354174875e-16,0,104.73151978049938,4.998861041225786,121.80687788397893,86.76215559505424,35.04472228892469,7.142397749471603,0.286446714192905,2
9.49579110639102,0.6090156463068748,11.35282482716576,8.222582428472638,3.130242398693122,0.004860474083756997,31,80.08590445992192,2.8616543378801635,87.2216994649496,72.4184227864831,14.803276678466489,3.6299349073530642,0.11857006612909034,1
4.927798229683878,0.22990544294447002,5.686610251039208,4.311009522585735,1.375600728453473,0.004691813390196358,32,61.74054353649483,2.4958157830911865,66.6589405097979,56.03327568079748,10.62566482900042,2.4869628428770016,0.07981462208793862,0
30.0,0.0,30.0,30.0,0.0,1.3526773354174875e-16,0,105.70547091733158,4.59533944782508,116.21884359525961,94.23423410209472,21.984609493164896,5.916900393747973,0.28380744587623535,2
14.060651954536013,0.841726532762733,16.5125035796061,12.474609738100005,4.037893841506095,0.010598256042290435,31,80.3797349921774,2.725526253771287,86.09242943896263,72.03638527278939,14.056044166173237,3.6831634047280923,0.1749278195676632,1
14.118411219797487,0.6559242592053559,16.745296022243373,12.985518853606932,3.7597771686364414,-0.002793977408530854,32,80.30510841696854,3.158714172031924,88.26707663176249,69.21159336032375,19.055483271438746,4.1434330910040496,0.1758096255929421,1
15.302175028575867,1.6382296167160775,20.080930767061826,11.372567027225102,8.708363739836724,0.008623984695661523,31,105.0060418314893,4.858453783475827,116.66777513490538,93.57473865956509,23.0930364753403,7.067132491108349,0.14572661359244213,2
3.214620003679601,0.4348734876487909,4.585365826172124,2.363560332056759,2.221805494115365,0.00584336557388973,29,61.77911272362192,2.382622017050549,67.70297238013423,56.6760992854328,11.026873094701429,2.2314173284972854,0.05203409064851081,0
30.0,0.0,30.0,30.0,0.0,1.3526773354174875e-16,0,104.57924087582161,3.970358792981391,113.14987129733748,94.8377145617574,18.31215673558009,5.933802413136265,0.2868638121858092,2
13.26682047956515,1.0436513012107995,15.785989708294725,10.64332884493684,5.142660863357884,5.149331872923496e-05,30,104.60200130302044,4.336911578193815,115.8482630344119,95.06140122064382,20.786861813768084,6.028177742985907,0.1268314199295405,2
6.795110436178674,0.3615463183817745,8.001257320200008,6.129785329444935,1.8714719907550723,-0.002448848761581922,30,62.444914649246456,2.2874550800790883,67.15691392358463,56.74694213694053,10.409971786644093,2.242031856378667,0.10881767339308869,0
30.0,0.0,30.0,30.0,0.0,1.3526773354174875e-16,0,104.85980194518581,4.178105447295418,115.04006839125962,92.03532790077166,23.00474049048796,6.587537918319836,0.28609628434722634,2
3.5094909233465916,0.19704176206672597,4.047109689916611,2.9931628957024805,1.0539467942141303,0.0011684544475296915,30,62.10207336513921,2.5972296169703553,67.42778525778144,56.17147812275066,11.256307135030774,2.551592930089958,0.056511653744639366,0
7.661581237186761,0.46029997555458596,8.813919093964952,6.31807739157323,2.495841702391722,0.006614295368099148,34,80.03914125685505,3.3504050857804297,88.03790131974839,70.7636907799123,17.27421053983609,4.15797151382501,0.09572293032076536,1
6.768711042757827,0.4273535555372736,7.921463846792112,5.947332616764553,1.9741312300275595,-0.008122304102332369,32,62.410500739282014,2.6469173000540573,68.59203842890194,56.68903938083996,11.902999048061986,2.121714075717843,0.10845468076885383,0
5.551087347737555,0.3008387231497204,6.387251638106595,4.8851839552559575,1.5020676828506376,0.005591932454973547,32,61.81863308226565,2.594151471943588,68.19930937177955,53.66192059635631,14.537388775423238,2.8652929995851353,0.08979634426005596,0
4.913594245509801,0.4646836446250779,6.647654015274356,4.150827383639752,2.4968266316346046,0.01079678848980994,26,62.54627457036602,2.5811731753064264,68.6799911170698,57.58765492386132,11.092336193208482,2.285805061765167,0.07855934187451166,0
3.6491934515567572,0.6043862209603091,6.483753780540865,3.028833492893282,3.454920287647583,0.002910741108231034,30,62.13932185548274,2.2809982070201356,66.73182241720379,54.95866850750308,11.77315390970071,2.2361527476887932,0.058725993201497816,0
3.890387948239604,0.23929954333441794,4.352742643414172,3.2333240443691094,1.1194185990450625,-0.004423052529973017,34,61.59541004379285,2.255673036383154,66.68655653003077,55.2118601003126,11.474696429718172,2.3179128534607902,0.06316035370676612,0
26.80684419476223,1.3548612101843622,30.0,23.2329191122315,6.7670808877685005,-0.018568755303507375,34,105.1182380174549,4.4783408837989125,116.7264502188275,95.24279386482937,21.48365635399813,6.480417833922694,0.25501610800682223,2
29.972587806722046,0.18227797378730912,30.0,28.27571298262212,1.724287017377879,0.00011333047338575848,1,104.85498020623854,4.38592183082717,117.72556153463466,94.00536243407329,23.720199100561373,6.676643648334417,0.28584801086148853,2
7.712430194401235,1.761572411140494,15.788201825498678,5.877656095152677,9.910545730346001,0.021502420229821705,29,80.307668481084,3.1566923544549383,87.77111044705684,73.44687985433198,14.32423059272486,4.332004027046245,0.09603603546505422,1
30.0,0.0,30.0,30.0,0.0,1.3526773354174875e-16,0,104.92851431170675,4.244010729368142,116.1396728227027,93.88236472930613,22.257308093396574,6.392540989343051,0.2859089343910019,2
30.0,0.0,30.0,30.0,0.0,1.3526773354174875e-16,0,105.1198681091029,4.75626708883593,121.80687788397893,86.76215559505424,35.04472228892469,6.82572105087669,0.28538848320733057,2
27.34924439723123,1.6153207892575068,30.0,24.391841442913314,5.608158557086686,-0.008265297807794454,26,105.31581200888944,4.091679863284127,113.95618518670413,96.58294502802815,17.373240158675983,5.442723701910929,0.25968791975164024,2
6.990656497779878,0.5120032193277505,8.397363429246711,5.761577672802301,2.6357857564444105,-0.004279658149659315,31,79.58268976610962,2.8348774154825267,86.17885218547214,70.63075812290556,15.548094062566577,4.12444188457318,0.08784141916393781,1
25.809184150819323,1.4277742068375114,29.648005673947026,22.70862499634073,6.9393806776062945,0.008759425857458385,35,105.61134368246128,4.1686144000014105,117.01698719066363,93.90476301589152,23.11222417477211,5.353614962586753,0.2443788991459117,2
18.70099840338363,1.8983085108356939,26.89561367120878,15.491715910807729,11.40389776040105,0.018482006189155162,28,104.31175667968006,4.284623699134261,114.14194540471823,92.13598111719942,22.005964287518808,6.408697017056214,0.17927987045152233,2
8.59135468744276,0.5680244287980613,10.093648575247144,7.446280678494956,2.647367896752188,-0.005138527056222242,33,80.14063902936631,3.1227772382500008,88.23509731116535,73.83056180215098,14.404535509014366,3.839372872327307,0.1072034698536796,1
2.427396384244895,0.23109198458134506,3.1125187404216814,2.0115015272763266,1.1010172131453548,0.004591535280597184,32,62.00470128868226,2.6954350263697733,68.97490596108076,55.28242683405989,13.692479127020874,2.5213052306234136,0.039148585424108526,0
30.0,0.0,30.0,30.0,0.0,1.3526773354174875e-16,0,104.95365761967852,4.130182796026207,113.90152719033985,94.8377145617574,19.063812628582454,6.095092650804929,0.2858404403862781,2
4.751950237710125,0.336498563202821,5.571453425508473,4.106952489137666,1.4645009363708068,0.003703291644578435,30,62.255228465591124,2.7562571820611264,68.84875388772184,55.722149837835936,13.126604049885906,2.8761253105368763,0.07633013770090687,0
5.316879383300152,0.42432998638798813,6.670934968785237,4.496615990937751,2.174318977847486,0.008466975160969076,33,62.174886357911674,2.5082618509166683,68.25353020729206,54.343189099187505,13.910341108104554,2.903507603632382,0.0855149017431004,0
29.812496730705178,0.48904533921847515,30.0,27.435178075298722,2.5648219247012776,0.0004007331028830256,7,104.41405614041746,4.677500205222327,115.23678258480497,94.24294231663713,20.993840268167844,6.74776482054562,0.2855218688668799,2
29.959195600704078,0.1775379231205838,30.0,28.645471431201344,1.3545285687986564,5.0764616925417046e-05,3,104.44509448323036,3.7426147463477695,113.24980721934462,96.28543954933792,16.964367670006695,4.863293104144858,0.28684157415045214,2
11.035208574770754,0.6665460071396059,13.819136187072388,9.676864102084833,4.142272084987555,0.0014068137922450643,27,80.42840158092348,3.099603163048821,87.64890078672433,72.85006734331904,14.798833443405286,4.793292522784067,0.1372053680124707,1
6.743189184540678,0.3707408908969043,7.946588068842482,5.926968865687408,2.0196192031550737,0.006499967951254649,34,61.835683225134964,2.6013094196602604,67.45347202225643,56.333766274799,11.119705747457438,2.37655583446187,0.10905012646079378,0
21.148412227078662,1.3665649820003456,25.272170833712217,18.072062953093766,7.20010788061845,0.007267945565560121,34,104.80695505887503,4.284379644963913,114.57239782174153,94.89606649399943,19.676331327742105,5.334986361727176,0.2017844332316893,2
5.712158945334125,0.2984731916606832,6.433342968947226,5.126894442231431,1.306448526715795,0.006941272254887503,36,61.76372887288269,2.35485880766827,66.33154703069843,56.84680690475572,9.484740125942714,2.3698243270883914,0.09248403483873865,0
3.432901761833132,0.5520754416726646,5.744580815549066,2.7746608632426315,2.969919952306434,0.009106286613254782,33,61.74306794796521,2.7188789361351793,67.6465563202521,56.16864103926945,11.47791528098265,2.4824210826821913,0.055599791528442744,0
15.233549048409403,1.3857016825187989,19.63339103653695,11.67861814210946,7.954772894427489,-0.007652759884379501,35,104.89498382115802,4.29255591415381,116.9501385238457,94.94077122182622,22.00936730201947,6.203616954560734,0.1452266671698559,2
14.282548620289797,0.5119832968126127,15.67395005320328,12.935190635906526,2.7387594172967535,0.004938487930652721,31,79.41826669402802,2.7671177672798275,85.07114841750158,73.20536289481261,11.865785522688967,3.7435238529925625,0.1798395889887157,1
25.29520946674963,1.442478189994479,29.001226629946242,22.519140477606346,6.482086152339896,-0.013008964086831755,29,105.05902797713387,4.030582953974882,112.72987536434592,93.41823461706124,19.31164074728467,5.367427884137435,0.24077139978378384,2
30.0,0.0,30.0,30.0,0.0,1.3526773354174875e-16,0,105.01823619678308,4.891018146998779,117.65220210057855,94.07800858227647,23.57419351830208,6.990322859832255,0.2856646693067798,2
20.04396643646167,1.2637535930242876,23.42397171580612,17.38350371225018,6.040468003555937,0.01148373796334246,32,104.65354453566604,4.663135711093719,116.74056534628563,93.97393509334867,22.766630252936963,6.088211686077378,0.19152687406687682,2
14.851727120503158,1.0718411670578243,17.20892693216855,12.31091906231883,4.898007869849719,0.00022066934344996942,32,104.87032567811656,3.710747187978071,113.99553038626766,94.38690188162963,19.608628504638034,5.77372865287282,0.14161991853127592,2
13.03522613180269,0.48693634043835626,14.197811003224606,11.903594299478156,2.29421670374645,-0.006964826885106613,30,80.12407141622566,2.6557715784236646,85.89189849465039,71.14576688875164,14.746131605898753,3.9100948843578482,0.1626880129617946,1
6.705812594406415,0.9254108488343589,9.838554070902264,5.117309556639197,4.721244514263067,0.005944432167619863,33,79.6975335938381,3.065270134668273,88.90356085816225,72.80204236308859,16.101518495073663,3.871849851812306,0.08414077836386273,1
4.615359943523808,0.33272218275356535,5.8910520115726115,4.006285777184836,1.8847662343877758,0.005400629730154697,37,61.337676100714006,2.774026930800265,67.75878810531631,55.93045490856144,11.828333196754876,2.4859594038279664,0.07524510483084601,0
6.444574794430083,0.4200683714742119,7.625810340685518,5.6897780832831,1.9360322574024185,0.000676856907081939,32,62.46278279271037,2.3753294549173942,68.37669040617973,57.12127668575179,11.255413720427946,2.4226267811048756,0.10317463300734585,0
30.0,0.0,30.0,30.0,0.0,1.3526773354174875e-16,0,104.91605939517757,4.100107322121252,115.04006839125962,92.03532790077166,23.00474049048796,6.13456718219485,0.2859428755426175,2
5.2802173245209385,0.23499145358812157,5.838896847224474,4.6193712784491785,1.2195255687752953,0.005127735882241821,32,61.53201382264822,2.535863426747584,66.97155408022772,55.34434238057642,11.627211699651298,2.5329318603210487,0.08581252116869474,0
29.983593990387746,0.08668118624398838,30.0,29.41374123362534,0.5862587663746588,0.00029186324357503943,1,105.41869790444001,4.6471563916444945,117.72556153463466,94.00536243407329,23.720199100561373,6.300669712557984,0.2844238669419292,2
8.479307164162064,0.6352824346925007,10.277303640997193,6.754712393451468,3.5225912475457246,0.00620401944660123,32,80.30526068432552,3.1014093977008517,89.49290229664835,70.8395282629942,18.65337403365416,3.965518593260745,0.10558843824572342,1
7.958321555608328,0.7486749884981088,11.070366642610566,6.779345961761827,4.291020680848739,0.0021496868788180652,31,80.20825001585519,2.5223058712624447,87.61759044033212,74.74008790033264,12.877502539999483,3.5526157774018055,0.09922073421143623,1
9.998013061361009,0.45969058939720064,11.177905843570667,8.84546844826318,2.332437395307487,-0.0019961817707091567,30,79.76197429336658,2.656689357478524,87.0690854083077,73.67068618931248,13.398399218995223,3.7248583878557118,0.1253481126136616,1
29.724470227991688,0.48122383518514095,30.0,28.135884532471646,1.8641154675283538,0.0012982925029499136,12,104.80923648628496,4.0607881365592355,117.18644761786192,95.42566146335054,21.76078615451138,5.886405065845336,0.28360544300192386,2
11.714754716175964,0.5931148026347954,13.765316364041329,10.567805290109373,3.197511073931956,-0.004617175331599833,29,80.09464500055945,2.815484785141487,86.55442212798722,73.434219438369,13.120202689618225,3.8185887295895435,0.14626139575039931,1
30.0,0.0,30.0,30.0,0.0,1.3526773354174875e-16,0,105.11313794052812,4.030943938709449,116.16127502512059,96.35544559146727,19.805829433653315,6.128116104524726,0.2854067560190898,2
9.379561954911868,0.4916266899643089,10.693746933880691,8.368149986565946,2.325596947314745,-0.0007581137150867439,34,79.90853335204946,3.030203990282733,85.99124259908638,71.56464000882663,14.426602590259748,4.538721503667589,0.11737872595170812,1
30.0,0.0,30.0,30.0,0.0,1.3526773354174875e-16,0,105.29551245895058,4.505990273547713,119.24856198701758,94.85600092570684,24.392561061310744,6.6888580274344,0.28491242422874447,2
12.17852474304944,0.7422104006579042,14.402224873604125,10.936676805649403,3.465548067954721,-0.011814174442721604,32,79.47046930595663,3.295307267858241,87.2070232580035,69.90151029385129,17.305512964152214,4.587146570998548,0.1532459125529626,1
3.6631458396475574,0.35086152808331833,4.714721362096565,3.029313862681022,1.6854074994155432,-0.0005920416453051113,33,62.593167138319224,2.5634380100491536,68.67409748039893,56.20311706085301,12.470980419545917,2.527246453151565,0.05852309363144375,0
13.238853690592844,0.8608211483691994,15.97181899250535,11.690688859113191,4.281130133392159,-0.009840972384982943,29,80.4077497491215,2.779746000223244,87.94800254233127,73.39002731919604,14.55797522313523,3.3003288592139195,0.16464648702709153,1
6.452527489607605,0.41403973354971557,7.625810340685518,5.6897780832831,1.9360322574024185,0.002522605044957662,33,62.49161161254365,2.702750560524845,68.37669040617973,57.12127668575179,11.255413720427946,2.6299753771091874,0.10325429637436528,0
30.0,0.0,30.0,30.0,0.0,1.3526773354174875e-16,0,104.91159898443819,4.378171222247532,115.44449186340813,92.40469150924089,23.03980035416724,5.736917432643337,0.2859550326603539,2
6.179880734197801,0.4557809905503863,7.899056762325829,5.415613094470955,2.483443667854874,0.0031464621768436435,29,61.73584367324234,2.3461422509754213,66.3411490439507,55.47674005704748,10.864408986903214,2.4623588549350446,0.10010198721515665,0
15.766202616153903,0.7975340491139818,18.702105716741144,14.200918802504422,4.5011869142367225,0.005073331281072838,32,79.39753320247267,2.8000892018947194,87.30180555190232,71.85786900813363,15.443936543768686,3.8396367459617995,0.19857295033808364,1
14.929106368181147,0.5975550690485637,16.467311585514455,13.636578762712478,2.830732822801977,-0.005561898148019906,35,80.25945298840128,3.020279708444348,87.71025113891918,72.10700775999241,15.603243378926763,4.218084832085573,0.18601056481568679,1
18.836285942431847,1.4881656260623606,22.626948092788236,15.753201790456336,6.8737463023319005,0.011880482182150641,30,105.28843792631935,3.7076760525990364,116.6889246741242,95.25608926411378,21.432835410010412,5.022627828299504,0.17890174965566205,2
2.9477233485997374,0.25946429113166264,3.5122738033213023,2.1618234421110962,1.3504503612102061,0.006726779584492549,32,62.17357257371005,2.5407385036777788,68.18666399847379,56.213921505329864,11.972742493143926,2.430773768104175,0.04741119384275148,0
30.0,0.0,30.0,30.0,0.0,1.3526773354174875e-16,0,104.60090642330418,4.472505634388669,113.75730056341256,90.0933796093859,23.66392095402665,6.27189707770984,0.2868043952868831,2
26.47142230424319,1.2051289490574255,29.456357453656018,23.22844460328102,6.227912850374999,0.01240815541990467,31,105.51690907608288,4.291414754724753,116.20386980052426,94.85535951160195,21.348510288922313,5.72953915759016,0.2508737441719625,2
3.5487365972990883,0.33109050221926045,4.336098536454095,2.954329429437056,1.381769107017039,-0.008824615448819049,34,61.547867687081606,2.4760346302662866,66.71879186195822,56.16775465079267,10.55103721116555,2.182261253245106,0.05765815572495915,0
2.883507972761596,0.26104822972724245,3.4238992834915316,2.217778806904969,1.2061204765865625,-0.006497160905970823,30,61.38440635873351,2.665468987330301,66.9901892430308,54.719447585869304,12.270741657161494,2.2400922116538093,0.0469745998509073,0
10.41460184424566,0.5180535369073637,11.68052818759157,9.090550525757122,2.589977661834448,-0.00027212371199918545,34,79.7187698681626,2.9779916760882896,87.1055123394076,72.20327430358226,14.902238035825334,4.403329980084359,0.13064177647030123,1
10.636834381941549,0.6781336013304698,12.988222064875169,9.090550525757122,3.897671539118047,-0.010000115097797047,33,79.73819791554416,2.8531332823182365,86.51050497196123,72.20327430358226,14.307230668378963,4.02435403428601,0.1333969731772811,1
12.875883947213959,0.6860277045815618,15.371190750162176,11.680765742350717,3.6904250078114593,0.0013428586240497831,28,80.77370567228445,2.793279379177645,87.89250828511847,74.64015106979305,13.252357215325418,4.031012784080036,0.15940687233104295,1
4.814703241056501,0.27589345308940166,5.528992424896483,4.215775721105125,1.3132167037913582,0.0023865594064275187,27,62.00388768488202,2.5343466519361812,68.1506011764691,57.53157228038385,10.619028896085247,2.451329686373486,0.07765163352134133,0
5.179225955257038,0.6989832666587972,7.899962750813651,4.353039011213843,3.5469237395998077,0.017792196344684565,31,61.66316870416853,2.4477736312320757,67.41990489870392,56.12670295965032,11.293201939053596,2.4680837276300904,0.08399221091138483,0
13.525444432625328,1.3061418815924029,18.32542069643634,12.024271104823004,6.301149591613335,0.01598255735785999,27,80.23643169010967,2.8750552611879656,87.33817716799939,70.78086174093785,16.55731542706154,3.7386894301682796,0.1685698625817962,1
15.939645074443362,1.3086880888139345,19.631500507738,13.555728946899897,6.075771560838103,-0.0063514356673389566,29,104.95453807245991,3.6682268945075216,113.50065038256771,97.04257192593448,16.45807845663323,5.642560400734785,0.1518718982076491,2
19.35584455012941,1.8848437467550154,26.187412325047603,15.753201790456336,10.434210534591267,0.0010118666588252222,30,105.16058745424579,3.859477872965401,116.6889246741242,95.25608926411378,21.432835410010412,5.606273635630168,0.18405987294898912,2
4.2407809609432014,0.3050471957417333,5.031645416350342,3.658427668968423,1.373217747381919,-0.005330895828122922,31,61.84155769204115,2.430380990003363,67.48639304956431,56.36251689491358,11.12387615465073,2.2274601304598782,0.06857493650930534,0
7.543792317543733,0.5056458655198286,9.276193417856962,6.608164620027099,2.668028797829863,-0.0017239291769758128,33,80.46994121819168,3.188668145982921,88.0617827517793,74.74008790033264,13.321694851446665,4.358144662928119,0.09374670976013605,1
20.581517584032103,2.2372744793705612,27.79250389069639,17.01365256680137,10.778851323895022,0.001730594991038393,28,104.6262181973746,4.261418884628955,115.94351374672407,93.8363155722581,22.107198174465964,5.689114923125593,0.1967147216244679,2
13.082297261808785,0.5054375122247662,14.220951387686592,11.336406298948146,2.884545088738445,-0.008920354695759735,32,79.93522847095319,3.035753770596029,87.899413524088,72.70568977574035,15.19372374834765,4.517186484759534,0.16366122107102504,1
15.685542227630801,1.834103063471469,21.637927953798076,12.210376232689713,9.427551721108363,-0.015521183453530834,27,105.85875464210386,3.713398559419764,113.46072123325666,95.82362412447364,17.637097108783024,5.688623533374965,0.14817425476511167,2
30.0,0.0,30.0,30.0,0.0,1.3526773354174875e-16,0,104.85620251114915,4.054929861376428,115.34808049166274,93.27722371601601,22.07085677564673,5.488393031429395,0.2861061052702539,2
4.423364030493675,0.2565602065564732,4.965734701319627,3.701550519860021,1.2641841814596058,-0.006330030017216393,30,62.18710826952377,2.4552351352924995,67.10793409265423,55.04282575297653,12.0651083396777,2.5796917622353375,0.07112991876375009,0
21.86663395811918,1.7549759538221186,25.973588480890395,17.913256198511867,8.060332282378528,-0.014752959387614775,30,104.28668845587384,4.186811554830161,116.24883101824567,93.94654819586202,22.302282822383646,5.800148544460258,0.20967809096453743,2
9.938034676587577,1.5204723513137706,15.880544157303925,7.962347125059905,7.91819703224402,-0.013173305482606234,31,79.69931233143664,2.6436627747824133,84.63033498115053,71.69438732425992,12.935947656890605,4.107615208902089,0.1246941066513256,1
14.758120814556108,1.3840864239699953,20.091697123536527,11.360085845335636,8.73161127820089,0.00879228710255483,31,104.02658870589124,3.6100752997671264,114.05092305207519,93.83912744340937,20.211795608665824,5.094905412974088,0.1418687362171628,2
6.301335104710323,0.26578431476457776,6.961680405033742,5.667289530132978,1.2943908749007642,0.0008186726535530899,31,62.244822986232684,2.7283563414583756,68.48309224877816,55.47674005704748,13.006352191730684,2.7657017571622236,0.10123468428642442,0
30.0,0.0,30.0,30.0,0.0,1.3526773354174875e-16,0,105.3006693516551,4.3199933601054346,116.16127502512059,93.31081999725696,22.85045502786363,6.457904334712413,0.2848984712045422,2
4.944869327307189,0.27608912071789604,5.644044264751803,4.42913060303196,1.2149136617198426,-0.00768737363218117,34,61.830198692076046,2.5157250129351625,67.49501946026275,56.20427789579892,11.290741564463836,2.3624067084774345,0.07997498555614252,0
24.019092981814858,2.6844429452657512,30.0,19.558909722190805,10.441090277809195,0.01939051129352083,29,103.9767943467957,4.428914022303094,114.28263730786749,94.58596392375392,19.696673384113566,5.63712645876681,0.2310043592101828,2
29.978373335498873,0.17446468874855198,30.0,28.27571298262212,1.724287017377879,-0.0008334341271066811,0,104.8550111778672,4.71305072128859,114.36397946334569,89.8538989937981,24.51008046954759,7.202650682870652,0.28590310289265036,2
14.206829762189402,0.957705880981438,18.237358461361122,12.487605429715805,5.749753031645318,0.015335105476460302,32,80.03846859056377,2.6203816141006095,85.14789831595694,72.47502809262238,12.672870223334556,3.4621518874383423,0.17750001761483372,1
3.632410658835027,0.24943494263213375,4.3175961480152845,2.9955121273079843,1.3220840207073001,-0.006576756847867996,31,62.39588815422677,2.4139049174001217,68.3294159818816,56.130758935281726,12.19865704659987,2.1298278656752556,0.058215544454485325,0
12.870053768318387,1.0860881575846129,16.86886559118498,11.378155497496559,5.490710093688422,-0.01256728168363105,29,80.08772195145492,2.9703017982941615,89.3475954048507,72.7265508220229,16.621044582827793,4.166115798430062,0.16069945921823192,1
10.981830381767159,0.9744406464972581,14.515302514643162,9.395041726019748,5.120260788623414,0.006542569258577554,30,79.70089038158412,2.992195021634206,85.89694429957319,73.5948887450315,12.302055554541695,3.933425220274044,0.13778804968678993,1
18.694106393693545,1.8945398801728899,26.187412325047603,15.170403407880984,11.017008917166619,0.00022890949980253807,29,105.60999424548106,4.0060604911357345,116.6889246741242,95.25608926411378,21.432835410010412,5.578837781777338,0.17701076825390205,2
15.935848018396088,0.5564470777992221,17.599011912611683,14.79000969973613,2.809002212875553,0.010893149278117678,33,79.87306665133313,3.1902927450585112,92.63081317055101,72.49592072749431,20.1348924430567,3.794602145831463,0.19951466103643647,1
25.784203950833767,1.2226858085320922,29.581489848431293,22.718248491209106,6.863241357222186,0.005202250263831322,33,105.39081887272152,4.2337310527855285,114.15237870343549,96.04869461345262,18.103684089982863,5.533518008432769,0.24465322484418336,2
14.306988857832948,0.650478660128519,16.302939470222068,12.915307119600083,3.3876323506219848,-0.00790069825738323,33,80.50959833111895,3.120537233997816,91.51514132222468,73.7256011182879,17.78954020393678,4.138494702167252,0.1777053789448303,1
5.351196682286831,0.22542367193385113,6.07379755053603,4.865579285118053,1.208218265417977,0.002323917431463883,31,62.03128186096721,2.405046871630756,66.97155408022772,55.96956076773824,11.001993312489482,2.3725834429267203,0.08626609728966347,0
22.444504844382653,1.1974439533616015,25.24249732397921,19.360333971394514,5.882163352584698,-0.002501844538421112,32,104.84721693515006,3.9776615694319255,116.07630513498877,96.94638904993745,19.12991608505132,5.689337772196449,0.21406867331725477,2
27.90710127677534,1.196284137245028,30.0,25.24204395328192,4.757956046718078,0.017906523229764156,32,105.15189348980019,4.961337754545002,121.77931911271858,90.95670454634933,30.822614566369253,7.127614535845508,0.26539798842599405,2
30.0,0.0,30.0,30.0,0.0,1.3526773354174875e-16,0,105.21114481760858,4.334542318491525,114.78039167696289,93.41075992171885,21.369631755244043,6.405842511605652,0.2851408923157937,2
15.896886252220243,0.5507367044598006,17.70609741754404,14.628227810634694,3.0778696069093456,0.007429072713326477,31,79.91719672468862,2.9051844223962124,86.53380276824444,73.9126079500791,12.621194818165336,3.701493656348629,0.19891696286679553,1
4.531563198199644,0.26676853389072125,5.137230460327411,3.6515155956040237,1.4857148647233869,0.006559129087214716,28,62.66231865929288,2.438346442837229,69.21922839394304,57.58388362018732,11.635344773755719,2.0964680803834335,0.07231719513159786,0
14.358843755612321,0.48174800172976456,15.465522022836739,12.86211134064971,2.603410682187029,-0.004734865839425373,32,79.88256260400195,2.5135848737068436,86.47841030016224,73.60002197556317,12.878388324599072,3.1716670854485223,0.17974941098276137,1
13.308799268282565,0.5200156457310257,14.482436653117627,11.958682071401872,2.523754581715755,-0.0023371171479156113,31,80.29222347458474,2.689221475611646,86.70006590267451,73.38540150397398,13.314664398700529,3.466510295469862,0.16575452175316502,1
2.99520246692241,0.21249430045031217,3.5945377797009748,2.551591787774564,1.0429459919264108,0.0023707807833732593,33,61.92560965684006,2.9848550970277055,67.51074245233393,54.65086662046778,12.859875831866148,2.2211102949829264,0.04836775019499258,0
11.65657084537793,0.8266931809026671,14.352871280374295,9.888405803459712,4.464465476914583,-0.00022979694324283946,29,80.13424496500775,3.0496198090599553,88.51714361940896,72.21373067770821,16.303412941700742,4.293036896954333,0.14546303774378821,1
16.090133406447805,0.6650407480858467,17.811327761912683,14.391551251461026,3.4197765104516566,-0.0011256878674188477,31,80.52415421050921,2.9416232526124855,88.85807834584887,73.02875762594576,15.829320719903109,4.243347915303404,0.19981747544428607,1
10.390541755796182,0.9312934361587739,13.69732634646188,8.834541086561208,4.862785259900672,0.002212504681845101,30,80.10285537961995,2.681592517080974,86.91004325477678,71.35882539869264,15.551217856084136,3.816080963949846,0.12971499676058718,1
24.143831541339974,1.2521394941495685,27.298820832039066,21.130068198326395,6.168752633712671,-0.004571405240091329,33,104.85907723490064,3.721474893934217,114.55010066046552,94.17123621008182,20.378864450383702,4.807445876414832,0.23025027444218077,2
30.0,0.0,30.0,30.0,0.0,1.3526773354174875e-16,0,104.27181839890787,4.33422485383572,115.01759247671046,91.31685693723037,23.700735539480092,5.492144086784289,0.2877095669082975,2
5.487096996169161,0.40749696952934666,6.670934968785237,4.822420439581851,1.8485145292033858,0.006538167268559213,29,61.50784446860589,2.6879323847424015,68.25353020729206,54.343189099187505,13.910341108104554,2.8457276563439144,0.08920970901134588,0
14.566482199974288,1.2463544197664886,19.480117047996135,12.551078924356078,6.929038123640057,0.011907483821273136,30,80.34170788451148,3.0236161898490894,87.25550644797221,72.7292970111407,14.526209436831508,4.321814937066357,0.18130660154258257,1
26.330566446441242,1.6978105588365309,30.0,23.269020793415528,6.730979206584472,-0.007511287781732131,28,104.38105180159575,4.286927120477641,113.1528850378233,93.50846379791233,19.64442123991097,6.701508383766211,0.25225427163002045,2
3.10936357647355,0.27171361540563216,3.9806526577317083,2.5745548248215324,1.4060978329101759,0.005536165253634119,32,62.015505185330106,2.406483151478982,68.20704596411151,55.378540031887724,12.828505932223791,2.3919930012383728,0.0501384858035566,0
8.003100606428731,0.8894580445057028,11.4913921790123,6.149669151989846,5.341723027022454,-0.00188239415507141,29,79.70730147134681,2.7752012767984287,86.43583824000099,71.51856126230109,14.917276977699899,3.718400381251238,0.10040611535317842,1
5.213776008598685,0.4806066721857122,6.647654015274356,4.2666192763484725,2.3810347389258837,0.00912372397551632,27,62.59731165465151,2.3825186796928213,68.29102914605069,57.688107339587695,10.602921806462994,2.579895943637533,0.08329073226135143,0
18.990911640936563,1.7831614020305664,24.341520904107696,15.210035608648756,9.13148529545894,-0.026169452648747243,29,105.14569876425449,3.753698047014675,113.69205904587665,93.98267566969058,19.709383376186068,5.1351204565118085,0.18061520046483864,2
16.06194420996153,1.2499964036750697,20.256724996201687,14.231727989656141,6.024997006545545,0.01797165097673405,27,80.25524080211771,2.762192143249931,87.42437221275289,74.61332962826785,12.811042584485037,3.8537025052726133,0.20013576495806784,1
3.2798317977849405,0.24552961223611786,3.763422742301832,2.595343654941014,1.1680790873608178,0.004738114529018967,33,61.66546987438661,2.352532983896342,68.85458908763519,56.337744253634426,12.516844834000764,2.2313468681155175,0.05318749295640671,0
21.412878534569355,1.4313065256669797,24.706204120079924,17.231546693069227,7.474657427010698,0.004459743034780356,32,104.67250347037843,4.4030335004989025,113.19482763089238,89.21172837677142,23.983099254120958,5.93054608971301,0.20457023210550052,2
3.759008009044982,0.3415622245447058,5.011274093757251,2.9239509036054505,2.0873231901518006,-0.003718517629778419,27,61.75696645404801,2.7455208947887186,69.04155843661694,56.14037692495396,12.901181511662976,2.5531116900924298,0.06086775572071242,0
5.476325890787569,0.2545988169843744,6.149348429981464,4.814378204044749,1.3349702259367149,0.003807408273251016,31,62.28442890695761,2.6346567868536543,69.20919542033468,57.05995964655236,12.149235773782323,2.4020369403924238,0.08792447645371841,0
4.399713785659777,0.2278000032229328,5.031646753697048,3.776320007098403,1.2553267465986453,0.0023608160944154,32,62.24987473884349,2.2546847013072693,66.98422758702836,56.36251689491358,10.621710692114775,2.4937056183686206,0.07067827418833524,0
3.372352807156193,0.6809174776995216,5.527755090611661,2.5877034469140714,2.94005164369759,-0.015891475155404167,28,62.47651462710078,2.3707131761740943,68.31950137915246,57.32944165240297,10.990059726749486,2.3834638226195217,0.053977927118799646,0
3.474495768963093,0.3622702180796784,4.888363288849102,2.85534835731556,2.033014931533542,-0.00928281987637381,32,62.02484248661531,2.3575814746173958,66.9457117019908,55.93473930612177,11.010972395869032,1.9276077795074806,0.056017807924221105,0
5.80418235972838,0.39383971099113957,7.2750428915350795,5.213125709130566,2.061917182404514,-0.003005059772035386,30,61.61685399356987,2.8437144817991693,68.27090228948586,56.02227319620788,12.248629093277984,2.6801842535593927,0.0941979651563535,0
20.100484842218396,1.3446978492051291,23.50208946992644,16.523327768723856,6.978761701202583,-0.0022906966298708144,38,104.63000270060306,3.910008412751341,113.28346438392902,94.21077564032718,19.07268874360183,5.450151501426017,0.1921101417499285,2
11.140419503331053,0.9895843230936936,14.515302514643162,9.395041726019748,5.120260788623414,0.0037955284284770263,30,79.5666202557011,3.0783397472694873,85.89694429957319,73.5948887450315,12.302055554541695,3.9094708837140577,0.14001373097808675,1
13.398459300810103,0.5067016190343671,14.483780970026608,12.000006628043709,2.4837743419828993,-0.0026887258927835805,29,79.9510573571448,2.952091163543731,86.70006590267451,72.76557055674753,13.934495345926976,3.5031181513419165,0.16758326376317137,1
13.496180354142721,1.313888863382635,18.32542069643634,11.903594299478156,6.421826396958183,0.021045233568000296,28,80.20243763403789,2.942368222055611,87.33817716799939,70.78086174093785,16.55731542706154,4.030187272789336,0.16827643378433316,1
30.0,0.0,30.0,30.0,0.0,1.3526773354174875e-16,0,105.30389468917741,4.386936987576811,115.65850162715518,91.17827988562078,24.480221741534393,6.340622419366338,0.28488974509119935,2
13.719465104394253,1.5265195159012117,20.035076110669344,11.690688859113191,8.344387251556153,0.02035894277013109,30,79.35409717554268,3.1216165452540983,87.34187631200034,73.19165238297862,14.15022392902172,4.257829736199295,0.1728891817791795,1
30.0,0.0,30.0,30.0,0.0,1.3526773354174875e-16,0,105.15629008689427,4.1732116711316225,115.42804136817603,92.40469150924089,23.023349858935134,5.376512052399896,0.2852896359306736,2
7.816520240991978,0.724651549790603,10.698532613945515,6.608164620027099,4.090367993918416,-0.008777621415582526,31,80.13838367173366,3.515663638169075,88.0617827517793,71.06747186761038,16.994310884168925,4.674880514856218,0.09753778133924645,1
12.831147160219475,0.4895890664483931,13.779485661773517,11.729540332386598,2.0499453293869188,-0.00204417950259454,38,80.34443500760665,2.6010095170264305,85.68449526806526,74.2406039429904,11.443891325074858,3.788629563338222,0.15970175158121316,1
24.98572780322816,2.222670285816492,30.0,20.71853014611376,9.28146985388624,-0.012614870667104148,28,105.8424952336733,4.476976377608322,118.06344676223979,94.15176558491468,23.911681177325107,6.510697232949769,0.23606517884901382,2
14.185931884295169,0.7478019004254621,16.5125035796061,12.845467753695688,3.6670358259104123,-0.004090168317144414,33,80.18553373557182,2.6888990906044636,85.34117735646116,72.03638527278939,13.30479208367177,3.789767885189029,0.17691385274259475,1
5.9177771799728225,0.35060383210278745,7.103220215803253,5.209808224541242,1.8934119912620107,-0.0035515011887188187,32,62.41004830740206,2.286779722795825,67.47762781459502,57.03716708855328,10.440460726041742,1.8641981627085966,0.09482090217273635,0
12.161655844318812,0.4336281638382606,13.104281369696572,11.087511843188084,2.0167695265084884,-0.00117451252742812,32,80.00482491376047,2.81207749997974,89.24151917899319,74.11984205784397,15.121677121149219,3.5448010491717667,0.1520115281224187,1
20.652920344326613,1.9064017890254499,26.88787569891792,16.567618808031334,10.320256890886586,0.020704564082048953,30,104.9624360734749,4.899200934715578,114.3857618963411,94.2051292112445,20.180632685096597,6.833582226855684,0.19676487055906805,2
5.331387793146016,0.2428010803491765,6.07379755053603,4.832689878456841,1.2411076720791892,-0.0031223834795702887,32,61.490884224638286,2.2903243995087363,66.97155408022772,55.96956076773824,11.001993312489482,2.4018947212627597,0.08670208232763944,0
2.658670037504403,0.198900340575314,3.05770896537439,2.1171750435040115,0.9405339218703785,-0.0032116315122720177,33,61.710974629370114,2.275497915562625,67.46501561961728,56.978515582911655,10.486500036705621,2.1514486569862985,0.04308261229691306,0
17.814339406177012,2.2281282026118743,27.04377705099991,14.449712101310606,12.594064949689304,-0.025277310358732118,32,105.46610789645152,3.9801533378350507,115.49647113460189,94.86497514417695,20.631495990424938,5.42654159558518,0.16891055897082013,2
5.440012797164412,0.3277711723959826,6.387251638106595,4.8851839552559575,1.5020676828506376,0.0082726432632924,32,62.45314765844089,2.3558237406722538,68.19930937177955,56.4056421307308,11.793667241048752,2.790865615137565,0.08710550090782596,0
12.49004098750621,0.6413523387986605,14.536428551240647,11.02072708554966,3.515701465690986,0.0014623551091273693,31,80.31877461788909,2.969208586492805,89.3475954048507,72.7265508220229,16.621044582827793,3.898151235522852,0.15550586885097328,1
9.552540213422647,0.7716036582758918,12.037584078126516,8.01143290271956,4.026151175406955,0.001260612594521649,30,79.96070713486344,2.8008873839211175,86.98933718592231,72.83039084214496,14.158946343777345,3.661155186687476,0.11946542791130775,1
30.0,0.0,30.0,30.0,0.0,1.3526773354174875e-16,0,105.35736458388996,4.4989042250280145,116.07200057154635,94.72931711980125,21.342683451745103,6.187198921639873,0.28474516075587275,2
25.41923349265655,1.3122006111925328,28.959301304389612,22.52936209053309,6.429939213856521,0.013615412630269216,26,105.45133199414862,4.156277107245254,119.51170324251902,93.41823461706124,26.093468625457774,5.976955061077089,0.2410517986915067,2
11.463140941302568,0.5127394754746147,12.583075883100685,9.92980532872325,2.6532705543774355,-0.0008992360333206616,33,80.01621949255018,3.0894500457457124,85.62429839870181,71.38916517353643,14.235133225165384,4.003073238272036,0.1432602148756805,1
14.656631483280568,0.7065756116279482,16.7898909781607,13.095908744611004,3.6939822335496952,-0.011309831632332066,35,79.94065722981765,2.963744286532239,89.07750357618055,72.58906265341685,16.4884409227637,4.086268151698367,0.18334389293048986,1
7.318544741138298,0.5088463353987541,8.427859235177594,5.526215018314249,2.901644216863345,0.004837692266378148,33,79.87475076247841,3.3930966888048255,88.03790131974839,70.7636907799123,17.27421053983609,4.380263337338512,0.09162525804025375,1
30.0,0.0,30.0,30.0,0.0,1.3526773354174875e-16,0,104.94482537540613,4.3924119710064495,117.01144856087195,94.89171219939871,22.119736361473244,5.976747979257857,0.2858644969565695,2
13.112988015230274,1.0264394803913506,16.86886559118498,11.738480767500167,5.130384823684814,0.0007609887494476451,28,79.93736534627128,2.7940288149985615,86.20134792480658,74.06576807051599,12.135579854290597,4.024860525667803,0.16404078110889547,1
16.891950866672396,2.2087810971191577,26.66674755190778,15.059471101647421,11.607276450260358,-0.0001588574268352363,30,79.63718796093269,2.6081986476915033,85.27394882026044,71.37635027703818,13.897598543222259,3.7526897915186272,0.21211134002932996,1
5.203843030808986,0.41725024189575105,6.473730035646185,4.514700362968079,1.9590296726781062,-0.01104296477460378,32,61.519405365394235,2.5316396699376655,67.01973030839697,56.725478826854825,10.294251481542148,2.6487564837324884,0.08458864183280287,0
5.28117271552273,0.3988646081519041,6.697825391676071,4.483998900954557,2.213826490721514,-0.009724820428776712,36,61.92323048377805,2.5102757018406505,67.67315589277781,56.07015205767655,11.603003835101262,2.1437549887515583,0.08528580613410384,0
8.855585498380284,0.8638646944020709,12.02871413822856,7.466933335801799,4.561780802426761,0.01865468913062326,30,79.83520379123415,2.629927806759691,86.0228928129994,72.79692913190566,13.225963681093745,3.199714350812975,0.1109233141135829,1
3.708071156552244,0.27096437516590205,4.468806903544629,3.0869657177325753,1.3818411858120538,0.00692993532632939,31,61.81565997367333,2.5930379958794223,67.70731347712587,55.95664075354515,11.750672723580713,2.58998060204799,0.059985950132143286,0
5.221655832757628,0.31440769887320336,6.01353182374401,4.589718305242167,1.4238135185018432,0.00755534891617683,29,62.1595319355457,2.2467838565464326,66.86863645727274,57.66288343964882,9.20575301762392,2.4690634301803525,0.0840041034119747,0
10.319603968040463,0.47760132059440236,12.205161916206706,9.303448250883076,2.90171366532363,0.00109296423586918,34,79.93654692467244,3.1561452586902035,87.40958775038186,72.13196553364446,15.277622216737399,4.0970712021302065,0.12909744335926363,1
11.08601086735036,0.6103462176689067,13.227704016368154,9.871306853183185,3.356397163184969,0.00947371151894534,34,79.87223872955379,3.012389942718416,87.59586960458871,74.1083839193606,13.487485685228108,3.534534811635606,0.13879679479237628,1
5.691963937755804,0.4532305153321521,7.262604106809612,5.004584773475819,2.2580193333337935,0.010991883730284136,29,61.70723301260296,2.7689005571186205,68.40872986520736,55.837546144712796,12.571183720494567,2.2734131400155304,0.09224143698603131,0
9.118262606160496,0.7978089718882624,12.248577013191873,7.568470954960663,4.68010605823121,-0.01156154714308067,29,80.21801003448286,3.030740098042537,86.75335431150614,73.10863930140658,13.64471501009956,4.270624999442215,0.113668520181096,1
14.053402321666958,0.7047282182793364,16.091429978767742,12.694386670992232,3.39704330777551,0.0025283866965527895,33,79.98514974773887,2.707768483301421,86.11546853316649,72.56170413983287,13.553764393333623,3.8912368862738216,0.17570014171742046,1
6.518278645260451,0.35852202859614024,7.448356631697731,5.762259303965129,1.6860973277326021,-0.009612223266805093,28,62.43846945337598,2.678099756740095,68.39012243970437,56.89715349747475,11.492968942229624,2.5003777187677585,0.1043952325854583,0
28.96725896811607,0.8834320415244752,30.0,26.971935905394233,3.0280640946057673,0.002741799920743426,32,105.02616198209465,4.446336418629925,116.00109990409703,94.59588549073736,21.405214413359673,6.112641413890061,0.27580993293123107,2
29.531151567447747,0.7457814469311278,30.0,26.752353816362056,3.2476461836379436,-0.002971569914694145,14,105.37381578413151,4.324150258954422,116.4456949174629,95.82229472103985,20.62340019642305,6.140280663195377,0.280251323039244,2
9.260223816624086,1.0122823236743523,13.398036484806896,7.700270405772473,5.697766079034423,-0.012744523292292805,28,80.23731431267309,2.976802647253822,86.36531460504668,70.71296186161972,15.65235274342696,3.9573576632419845,0.11541043940139756,1
10.714041288695347,1.2690178725208785,15.422196234024264,9.307401661098512,6.114794572925753,0.015252456160731225,30,79.96995184030834,2.768533242323915,87.71104936902923,72.3872722244811,15.323777144548131,3.431665961582238,0.13397583602544033,1
10.480286089912026,0.9529436247497557,13.956423055929749,8.753425012909997,5.202998043019752,0.008628109266682248,34,80.17182363474886,2.652971219589817,85.76315289513411,74.7146597971229,11.048493098011207,3.6621270367041103,0.13072280863830504,1
20.103250390001687,1.9959132195957319,26.9958858287805,16.265484472637855,10.730401356142647,-0.03195061453808495,34,104.11642995354634,4.713502990778574,119.73292467561832,93.86270813065289,25.87021654496543,6.927585528651335,0.19308432113823765,2
11.011727015307997,0.687536801691155,13.100141530721706,9.814521462162407,3.2856200685592984,0.011866322126681676,34,79.89610134621425,3.056198005625307,87.92162661549449,71.83759896546843,16.08402765002606,4.0070822419605365,0.13782558462728026,1
15.320385119300875,2.4025921818090916,25.217059549562954,11.75908544242082,13.457974107142133,0.025660571005287364,31,106.06337447041881,4.345320723328447,116.43520042981346,95.86152187528018,20.573678554533288,6.4428517146450615,0.1444455737086526,2
11.63862526129138,0.5136540984795362,12.947236509947416,10.567805290109373,2.379431219838043,0.003938418945655817,31,79.84568486981162,3.0076831037110017,86.55442212798722,72.33766987815702,14.216752249830208,3.9124884181729764,0.14576398379579528,1
12.78917929402221,0.5152401107154796,13.76734246553109,11.515634596210617,2.251707869320473,-0.002388538375376615,35,80.06373928116498,2.656053280248802,85.2726839507482,74.2406039429904,11.032080007757799,3.7714313220526754,0.15973746978481929,1
9.512832111120671,0.5184166712232707,10.673586990397544,8.220398870448882,2.4531881199486616,-0.006063201488085445,33,80.39193247551535,2.8027540520878413,86.96092598793116,73.10908663500001,13.851839352931151,3.8476153839773906,0.11833067945825632,1
30.0,0.0,30.0,30.0,0.0,1.3526773354174875e-16,0,105.38870052285698,4.265664793296588,117.15367466494071,96.03950808739462,21.114166577546087,5.723104196529742,0.28466049554176853,2
30.0,0.0,30.0,30.0,0.0,1.3526773354174875e-16,0,105.25665072045494,4.400988177421289,116.28339037058856,94.94320920627494,21.34018116431362,6.471307337795092,0.2850176165557239,2
12.59461798465109,0.5993911725387786,14.238733168262721,11.153985882015565,3.084747286247156,-0.003967044525132366,28,79.79618167532182,3.1868704491518485,86.83079321733092,72.35278632326644,14.478006894064478,3.844928580380053,0.1578348432517959,1
7.039174466236368,0.7134187627312444,9.431705834515617,5.561111269307212,3.870594565208405,-0.01034123777721326,31,79.16096423486863,2.565012371861422,85.27398358508461,71.85262471835392,13.421358866730685,3.4092853409481867,0.08892229200782623,1
5.576876281085373,0.2370465005494753,6.433342968947226,5.126894442231431,1.306448526715795,-0.0007224968490101826,33,62.08762484812106,2.603797101948022,68.62343006235812,56.84680690475572,11.776623157602408,2.361696239457468,0.08982266925019078,0
29.49628509793742,0.7527567599985991,30.0,27.117420029565164,2.8825799704348363,0.00200568415684446,17,105.27788186022431,4.552579513125659,117.12100770416207,95.61949370348862,21.501514000673453,6.24846963311915,0.2801755154698461,2
12.103746004385382,0.7261338075485172,14.558830420815058,10.681672691164742,3.8771577296503157,0.003999363642690403,30,80.15316085610878,2.9166277935928675,88.52228732196824,73.02775310271421,15.494534219254021,3.9572955326661576,0.15100771727650703,1
28.118583567794712,1.4076739267276497,30.0,24.678488135390722,5.321511864609278,0.002978801995372167,23,105.23508995048692,4.530375410057393,115.91259154766885,93.6797197649386,22.232871782730257,5.806107629734897,0.2671977884356512,2
29.940173805164886,0.22215828069255264,30.0,28.36208975947883,1.637910240521169,-0.00012593482384532742,0,105.31724006184055,3.9177294415697714,117.39414038075189,93.35534673691807,24.038793643833827,5.877116650675171,0.2842855880319207,2
28.053827177280752,0.9559643067800793,30.0,25.092294760752726,4.907705239247274,-0.006790894672274266,32,104.61501211543865,4.833180351678798,116.71801700681561,89.57775651543105,27.140260491384566,6.909182367093702,0.2681625355848728,2
14.645125844324145,0.699820411729612,16.796253277154953,13.274400870056096,3.521852407098857,0.011213126133169755,28,79.93421448353789,2.5510295976897632,88.02667723931316,73.06750496061028,14.95917227870288,3.4784484913016955,0.1832147317107309,1
13.767401004253607,0.85311554856419,16.41123573746157,12.194866352408544,4.216369385053026,0.004609748755669467,25,80.27646721824927,2.8347011970208094,88.42024256132314,73.94056588154099,14.479676679782145,4.031350924214317,0.1714998343826474,1
8.099758079095624,0.5747841138361189,9.648423678853959,6.749702288499506,2.898721390354453,-0.0008788432612374738,31,79.82724355009361,2.805486217924708,87.68671177876935,72.18631078496855,15.500400993800795,3.7663821159524926,0.10146608623090857,1
27.17908779509209,1.2195066528272938,30.0,23.588195366898344,6.4118046331016565,-0.0003852064686168043,30,105.62183441884724,4.6641934071957944,119.16178392548623,96.57841323102923,22.583370694457003,6.7169827352353755,0.2573245171068314,2
7.811072345673185,1.8842110877457903,15.788201825498678,5.877656095152677,9.910545730346001,0.016167823316965934,26,79.6920116058255,3.294889281402431,87.77111044705684,71.96648532358195,15.804625123474892,4.341160721057782,0.09801574951191777,1
4.923802614769329,0.22947048124043046,5.591928778419871,4.4069070322791175,1.1850217461407535,0.0019439827912789258,34,62.33903847080017,2.3786159667243143,67.78645927884882,56.361977848125704,11.42448143072312,2.566634359030408,0.07898425539706393,0
13.513726459545898,0.8801160119967546,16.64645146098703,11.662293188059008,4.984158272928022,0.003875947521901113,34,80.22439989242196,2.8552112669312346,87.44114832106317,72.70568977574035,14.735458545322814,3.8199279779658433,0.16844907919807742,1
30.0,0.0,30.0,30.0,0.0,1.3526773354174875e-16,0,105.92533629535207,4.50172482561995,116.44307720591016,97.59594775166606,18.847129454244097,6.606401695568835,0.2832183570617375,2
30.0,0.0,30.0,30.0,0.0,1.3526773354174875e-16,0,105.29223611449338,4.614711017069814,119.40628666491352,95.18992407877121,24.21636258614231,6.852777551863133,0.2849212897564177,2
26.39522129252309,1.5982772058371286,30.0,23.01867540347246,6.981324596527539,-0.013752843855734113,28,105.28504558807985,4.170254755438926,114.52061623114584,97.37172989704852,17.148886334097313,5.570441949446847,0.2507024705587346,2
14.0290626071448,0.8284755917055789,16.5125035796061,12.474609738100005,4.037893841506095,0.010666616715639433,31,80.36161937354575,2.676590469282522,86.09242943896263,72.03638527278939,14.056044166173237,3.5536307046566935,0.1745741629142539,1
15.844253213974453,1.0166393446667419,18.73509573703053,14.200918802504422,4.5341769345261085,-0.008921114740185214,31,80.10975005372966,2.519006037835737,86.73609383925915,73.63848130729919,13.097612531959967,3.558125528871913,0.19778183062069066,1
2.7303536293660553,0.21421154332658465,3.3941104133780553,2.050362051247297,1.3437483621307584,0.0006403269364100253,33,61.593998367893846,2.7362653843050917,70.35897654071653,56.213921505329864,14.145055035386662,2.494739841077834,0.04432824069529839,0
6.659211250011794,0.7149047221020257,9.419328401893003,5.369190686101928,4.050137715791075,0.003347042498371714,31,80.2597655511583,2.7732720161262034,86.88020663174436,72.88055929011344,13.999647341630919,3.671948436409758,0.08297072787730018,1
4.742652638793611,0.24401208492381227,5.331238134043324,4.281696572140241,1.0495415619030828,-0.005926272708780181,32,61.6130460672571,2.614296961661328,67.6611401537701,55.880774737116546,11.78036541665356,2.4895065769769316,0.07697481076721475,0
29.999749428533438,0.0024931546132645178,30.0,29.974942853343812,0.025057146656187967,-1.488543365730342e-05,0,105.31685573753971,4.447006349059851,115.49009323227968,95.1099612793985,20.38013195288117,6.579390415324987,0.28485230529900696,2
6.009503713866273,0.28538099245617904,6.660170937361548,5.3969127864781425,1.2632581508834058,-0.005617290618414465,31,61.875367444791564,2.8247279241823873,67.887885042871,55.96965212096848,11.918232921902522,2.569256324618692,0.09712271401225298,0
10.898588116585943,0.45862993646238814,12.290665572968992,9.821951001406534,2.468714571562458,-0.008200503565557099,36,80.45038641716947,2.7069232635768192,86.71784654985863,74.9095220643114,11.808324485547232,3.8049820708509516,0.13546967847491062,1
15.608346683736103,1.4627007007931518,21.20625303408021,13.75885694698685,7.4473960870933595,-0.012284314286681397,30,79.81396401291966,2.9090464357766566,87.71025113891918,72.10700775999241,15.603243378926763,4.455552639123451,0.19555909396569318,1
7.206608634664935,1.2023283083157872,12.49396217733367,5.453737057238936,7.040225120094734,0.016487968453526243,27,80.91347996147584,2.41788427958483,86.4920132076198,75.73951990066709,10.752493306952715,3.421569888488718,0.08906561118160412,1
3.1714614166045725,0.21351615031071622,3.7457148159455396,2.6740083898860756,1.071706426059464,0.0026241905893714715,32,62.30422422565036,2.669937975865106,66.9457117019908,56.60293408415549,10.34277761783531,2.253468279725305,0.05090283050817711,0
4.22908822603259,0.4000541867262067,5.848684467115945,3.395463426985975,2.4532210401299697,-0.009639681503796575,30,62.276682144367996,2.435518687632444,69.12390171511232,56.89652847030742,12.227373244804902,2.34165504565505,0.06790805181818757,0
30.0,0.0,30.0,30.0,0.0,1.3526773354174875e-16,0,105.61791434365074,3.888955101139394,114.15113578368708,97.33167459276308,16.819461190924002,5.444940468047835,0.2840427204266294,2
6.172672298461719,0.19296444484867056,6.789107697382205,5.501248215456686,1.2878594819255191,-3.6797546568569904e-05,34,62.06393855877263,2.632019891862134,68.75822674405512,55.34084775089771,13.417378993157413,2.602036226010837,0.09945666263444959,0
4.089392855710937,0.3087931158312184,5.031646753697048,3.2486081930703135,1.7830385606267347,0.007769428840940648,32,61.409091396057065,2.191163292702519,66.61202296434274,55.77455119283781,10.83747177150493,2.442888643906066,0.06659262816223462,0
29.995960028459077,0.032063651158191174,30.0,29.691153261277545,0.3088467387224547,1.6108432241895785e-05,0,105.13866579573875,4.163917072675845,116.03867229922106,93.7206887357276,22.317983563493456,5.783625254570676,0.28529903357757636,2
30.0,0.0,30.0,30.0,0.0,1.3526773354174875e-16,0,105.32151803703916,4.3270218374955505,115.29290257563045,94.49941900167605,20.793483573954404,5.8322707311108,0.2848420747658386,2
6.547564193397893,0.5677541906591798,7.886990325262543,4.986863374282621,2.9001269509799217,0.0033448825534756845,33,80.09060507205675,2.6440047878185076,87.42844389555883,73.366889379577,14.061554515981825,3.8495044867029833,0.08175196211534612,1
29.676839403475057,0.5146214070944043,30.0,27.117420029565164,2.8825799704348363,-0.0022921282499193097,15,104.81722621035689,3.8735076397944668,117.12100770416207,96.27749219315666,20.843515511005407,5.285549849408632,0.2831294071910225,2
10.869830257971284,0.4624472046335391,11.999460689110789,9.821951001406534,2.177509687704255,-0.0012629552745885126,36,80.02981407884107,2.917628030701897,86.71784654985863,72.60714121219698,14.110705337661656,3.9913232344860847,0.1358222588326977,1
29.128911496007834,0.9394732556608388,30.0,26.530842680202724,3.469157319797276,-0.0021216702266955143,22,104.87192814555789,4.154082564367022,113.71201125909813,95.49922702998705,18.21278422911108,5.73118263600576,0.27775699115421165,2
6.716344498699175,0.3682097029126185,7.946588068842482,6.168272418948193,1.7783156498942896,0.0016472785876681221,36,62.463925919405995,2.3532677343267543,67.45347202225643,56.333766274799,11.119705747457438,2.252821118090014,0.10752357128242881,0
12.142959393464368,0.6422636127194526,14.386440536385741,10.662016548719526,3.7244239876662153,0.007643314785591605,33,80.15170276987133,2.751873672632684,86.13439614789309,73.48063178422528,12.653764363667804,3.840802446207032,0.15149970396548018,1
29.978373335498873,0.17446468874855195,30.0,28.27571298262212,1.724287017377879,-0.0003143422698938739,0,105.13155734713189,4.39728438875932,113.38468246276557,89.8538989937981,23.53078346896747,6.71503527448766,0.2851510412935558,2
14.850321087869483,0.5922648643216485,17.003462253779652,13.473907099609066,3.529555154170586,-0.002436490250682841,35,80.01469063886204,3.014942335588224,87.63717699085551,72.6908746153627,14.946302375492806,3.9718520070166443,0.18559492992730459,1
29.94539313663889,0.2142392628930854,30.0,28.36208975947883,1.637910240521169,0.0008715905070371333,0,104.91754170371338,4.093549292860359,113.24980721934462,93.35534673691807,19.894460482426553,5.595441207790124,0.2854183615527913,2
16.877120710588443,1.5379137675503378,21.03184206595679,13.612022469917477,7.419819596039314,0.006423259357773655,29,106.35711572100314,3.9656435482913297,117.41292399108835,97.58370621008166,19.82921778100669,5.797972277085956,0.1586835110889725,2
5.601809288648664,0.23429430413946833,6.1224913215923245,5.104629733981615,1.0178615876107093,-0.0039907100904346595,32,62.21652166290991,2.3161399321970193,68.41343051234996,56.41543065629988,11.997999856050079,2.0680597173034356,0.09003732527771367,0
13.716311719930639,0.47566012925716256,14.953705372375413,12.678558098226667,2.275147274148747,-0.0037398757358436535,35,79.82072015026128,3.069539255925656,86.45985413179605,71.80045136096035,14.659402770835698,4.172310853652986,0.17183898519420657,1
23.775627841566365,1.089325244798818,26.6312784810557,21.17663563824349,5.454642842812209,0.00027152518668645075,31,105.33330918930578,4.081536820476483,114.32815440239993,93.93948696474381,20.388667437656125,5.633785443982601,0.225718035432824,2
4.659294401814393,0.39118431870044956,5.893818643461178,3.817367813596108,2.07645082986507,-0.010749913364891667,33,62.70021443455771,2.6642977577266413,68.66418906026298,56.376744194860116,12.287444865402868,2.556973939401158,0.07431066017113536,0
5.780149864866385,0.22747425343595798,6.211284166611045,5.187443393588438,1.0238407730226067,0.0036626532817436836,33,61.560363951310165,2.7963436884378847,67.12242588302271,55.683159404263044,11.43926647875967,3.007657942801738,0.09389401556404141,0
14.806887806462456,0.7981790393392552,18.25185644524706,13.206512071449128,5.045344373797933,-0.009927582749032514,33,79.5841178453315,2.9007633323898263,85.91793781302766,71.96794124668682,13.949996566340843,4.01998230301648,0.18605329833756204,1
3.5614909803656865,0.31107715226001376,4.888363288849102,2.844547519553229,2.043815769295873,0.001374736434342454,29,62.07874982578971,2.4436338950703793,68.85458908763519,55.93473930612177,12.91984978151342,2.210072087559301,0.05737053231564249,0
17.821958634589382,1.333919432645583,22.595286528064705,14.612812649319054,7.982473878745651,-0.015997416381631446,33,105.93885873583933,4.137855839542082,116.64080439298883,94.0724600464824,22.56834434650642,5.569682247489777,0.16822871870651424,2
15.351702752473532,1.2651213377795458,18.30705999453517,12.31091906231883,5.99614093221634,0.011099199519899546,36,105.60985918887081,4.024127574383856,114.89409897271987,95.88579893197638,19.008300040743492,5.877211955794571,0.14536240011130416,2
20.146921708833077,1.1789052819970973,23.42397171580612,17.578087778074188,5.84588393773193,0.010380198286945577,32,104.6937790821721,4.314308889321609,116.95188489440392,93.97393509334867,22.977949801055246,5.571092492040343,0.19243666331486123,2
14.58943833756974,1.204394093717616,19.480117047996135,12.551078924356078,6.929038123640057,-0.009882996179609463,32,80.00352786350804,3.117502371339149,87.09246327267684,72.7292970111407,14.363166261536136,4.112379359345761,0.18235993517811452,1
4.145940481887876,0.3213490308076554,5.063758234829191,3.5285814824384154,1.5351767523907753,0.006926451604608874,29,62.53940805003,2.5337947273411783,68.12932790182097,56.53776919137681,11.591558710444161,2.591580217540577,0.06629324684809901,0
21.135493614575704,1.4821543258908683,25.295519959606114,18.107959144173474,7.18756081543264,0.02270960428570928,34,105.25119049466046,4.412461966016076,116.59814511443811,91.30351144177276,25.294633672665356,6.4090790907267206,0.20081001758206166,2
4.28708324569859,0.3256993319620597,5.417286933094733,3.5732836993997465,1.8440032336949863,0.00907215443286139,32,62.532326565029415,2.4523115410356953,67.9551666042115,56.723250869485916,11.231915734725582,2.2688078466717956,0.06855787098665586,0
14.052658088902428,1.2356448898562715,18.32542069643634,12.279705899034747,6.045714797401592,-0.0006334398461287632,25,80.38025180769418,3.1007359044330425,87.57298963354702,70.78086174093785,16.792127892609173,3.9442436042010547,0.17482724423028034,1
4.319373264072719,0.3500436416508487,5.848684467115945,3.716507505596143,2.1321769615198014,-0.005346856845331947,28,61.73980386239827,2.0028078235375935,65.81138277213626,56.89652847030742,8.914854301828832,2.1207525751292073,0.06996091538836999,0
29.20909458185381,0.9321319493776722,30.0,26.542713780272784,3.457286219727216,-0.006200322421365561,21,105.22865748895757,4.648206770467355,116.03416687681958,94.3453621568758,21.68880471994379,6.67203307457705,0.2775773729446427,2
11.454845273919698,0.5203732011212406,12.583075883100685,9.92777965022487,2.6552962328758145,-0.0005704391072822136,33,79.9901551283301,3.1679545937628886,88.07094521390421,71.38916517353643,16.681780040367784,4.0681101729778515,0.1432031868464217,1
7.707367734156022,0.5658542379997936,8.95032460784772,5.965538038685718,2.9847865691620026,-0.009670406117440498,35,79.99928604572085,2.709732465045372,87.47890077068728,74.42392314400166,13.054977626685613,3.4842377090812517,0.09634295527847817,1
10.799265654732476,0.5232397047730892,11.951997203945828,9.75437798203458,2.197619221911248,0.003796872681457135,34,79.70415725855966,2.9352763687599253,87.92162661549449,71.83759896546843,16.08402765002606,3.759815555659259,0.1354918725783383,1
29.570682023896904,0.7145404829123985,30.0,27.141666248010882,2.858333751989118,0.007943850597555523,10,105.40941963481484,4.417925653058685,117.09216496710854,95.61949370348862,21.47267126361993,6.397900444243505,0.2805316815689834,2
15.671817662155833,2.2949635714827465,22.214164655134077,11.698257059030333,10.515907596103744,-0.040972728353728886,29,104.20819941290836,4.428437374827756,114.8977254075561,93.36454771431447,21.533177693241626,6.415020818214357,0.15038948566483978,2
7.777909852712534,0.6957342760519664,10.698532613945515,6.658813576778138,4.0397190371673775,-0.007981017425821342,33,80.21312568365292,3.3855871577113383,88.0617827517793,71.06747186761038,16.994310884168925,4.423934670693525,0.0969655488357573,1
9.966318029717394,0.775006541007082,12.388427967506116,8.617618763190844,3.770809204315272,0.004813608939567555,31,80.04892621117173,2.6937794657943597,86.91004325477678,72.9807488199163,13.92929443486048,3.6918894880101116,0.12450283066787286,1
27.366737664834446,1.2764484380687826,30.0,24.413043193365027,5.586956806634973,0.011726866188790208,30,105.7650074619073,4.355352860578698,118.92141897127848,97.36310250284998,21.5583164684285,6.007071732152244,0.25875039450964493,2
2.6265027974450397,0.25956343886423894,3.266144534651836,2.0686196540370725,1.1975248806147634,-0.005028369244008371,28,62.30791135939318,2.2279486666592514,67.76972029912585,58.21043129722075,9.5592890019051,2.524393210488126,0.04215359972735603,0
14.975156122851265,1.5446265470434164,20.080930767061826,11.372567027225102,8.708363739836724,0.004198993877715549,34,105.5445315082545,4.690217461318258,119.60145460548779,95.78124343671874,23.82021116876905,7.130176994481102,0.1418847169717681,2
8.027090528686129,0.47609135257416346,9.620316147015503,7.127772169905851,2.4925439771096514,0.001166747254858671,30,80.19637031002098,3.230592304705578,89.01808723963498,71.06429071526976,17.953796524365217,4.5698195809626005,0.1000929393383052,1
4.584052660961288,0.27725600138337075,5.191150116693144,3.764513255248521,1.4266368614446234,-0.00672217985812157,33,62.375773120061076,2.6180452146634523,67.9207733350626,55.32225862490941,12.598514710153196,2.2420687181531562,0.07349091415102744,0
4.298608434313482,0.291581459273114,5.090061347616232,3.6967962841665893,1.3932650634496428,0.004063467170639033,29,61.889655302276616,2.9036511721391713,68.12932790182097,56.31541950514732,11.813908396673654,2.7618794588772944,0.06945600753247934,0
20.391603696922648,2.2414616876449895,26.9958858287805,16.265484472637855,10.730401356142647,0.0029816876146466055,34,104.18052282194087,4.408042833914066,117.2369644030929,93.86270813065289,23.374256272440007,5.939564351313424,0.19573335733821765,2
5.624550820478578,0.47589536708252544,7.653277123109781,4.814378204044749,2.8388989190650324,-0.010010871695149992,29,61.618254613010805,2.6148786793635406,69.20919542033468,55.73845191042866,13.470743509906022,2.4272415896741957,0.09128059151500784,0
20.38093220455274,1.9037764527797136,28.931283354773733,16.567618808031334,12.363664546742399,-0.031040157423273748,31,105.6708394388188,4.819695355579049,115.77979798085846,93.77649061236752,22.003307368490937,6.501532592471163,0.19287186625862857,2
5.957258262878843,0.3595801117726661,7.339109692526439,5.326806871259542,2.012302821266897,-0.004278909360644455,29,61.88344921170661,2.4459504313551967,66.93740584669587,56.565917977722854,10.371487868973013,2.5119409028412942,0.09626577449219043,0
6.7282963542556375,0.4627406603564043,8.077465640314307,5.673323823756088,2.4041418165582185,0.004601960359425403,32,80.39057000564397,3.0413252682670557,86.12424423006276,71.4245013638492,14.699742866213555,3.7013827107685526,0.08369509346790516,1
6.308675043115034,0.4438734067779877,7.899056762325829,5.472710491296098,2.4263462710297308,0.002846149997544537,30,62.29950245687546,2.2778703830864226,66.3411490439507,55.47674005704748,10.864408986903214,2.346583547154497,0.1012636488745369,0
3.8012313200888803,0.25294649534464525,4.450595189098682,3.2528607266035836,1.1977344624950987,0.004942566681755758,33,61.66429089932795,2.527219726739671,67.0242145142978,55.60003041760688,11.424184096690915,2.2670388930742225,0.06164396286743557,0
29.97221639256312,0.1258748000799574,30.0,29.042329669021175,0.957670330978825,0.0008679940138548194,0,104.53956603602052,4.796632793540289,115.61448160163886,91.12204401575491,24.49243758588395,7.061572696957655,0.2867069114820017,2
21.54743756122916,1.388344461605933,25.765353788800486,18.64247596433847,7.122877824462016,-0.014262015584998858,31,104.94684610284813,4.447443051968925,114.31860604604863,93.2809086314845,21.037697414564136,6.400176158845995,0.20531762655158783,2
6.315356250907948,0.8313499078800959,9.904179972641874,4.9377590565754375,4.966420916066436,0.011615477105522666,32,80.33911223676583,2.8774032137803682,87.03692267072985,71.07030248344923,15.966620187280625,3.9262181019736597,0.07860873734436283,1
9.824622058187646,1.5222960934223746,15.667485420694101,7.408538186896983,8.258947233797118,0.0084646306721914,26,79.63553432657548,3.268297027320479,87.03470233580728,70.99744684893558,16.0372554868717,4.667441819226718,0.12336982501465064,1
4.234383551120987,0.22307480253946127,4.842031777810278,3.701550519860021,1.140481257950257,-0.00029759942556398933,31,61.56563894304814,2.471455982540379,67.41761325775877,55.81121287859274,11.606400379166033,2.4874766297729005,0.0687783568080839,0
5.581188780237934,0.19259351649182285,6.204947745258197,5.10982218481923,1.0951255604389676,-0.0003450026421197558,31,61.78033460337283,2.5278653280479584,67.42459399383746,56.036261868436306,11.388332125401156,2.2557667944328603,0.09033924347819884,0
21.999799090202814,2.01906263129271,27.27734530142452,18.163447950321213,9.113897351103308,-0.003157336110864248,28,105.2888077836434,4.475977330901245,116.35547403288732,95.68453163061591,20.670942402271407,6.628504589113541,0.20894717438972943,2
6.418878105992831,0.29481770374528166,7.512079229779468,5.603099245362525,1.908979984416943,-0.0017266261867893845,35,61.67583136633179,2.3489741406215656,67.8239318714815,56.68903938083996,11.134892490641548,1.9638353327814282,0.10407444633851154,0
16.15043039504323,0.6350566661886399,18.348665027682546,14.547503424815197,3.8011616028673494,-0.00020436608170971177,31,79.74899915788752,2.875783706456759,86.20284272960897,73.43841647882618,12.76442625078279,3.9628626225894523,0.2025157727754394,1
3.5422550225847633,0.32857293402506704,4.888363288849102,2.879731813567923,2.008631475281179,-0.005335645241467536,31,61.47368546938949,2.080357329337948,66.3071875954287,55.93473930612177,10.37244828930693,2.0292038465441777,0.05762229705141584,0
3.5488299803689136,0.38841959974635176,4.714721362096565,2.829097903229228,1.8856234588673373,-0.005560035741585406,32,61.78102320520794,2.2245372835843256,66.28669800888406,56.20311706085301,10.083580948031049,2.4964654641052872,0.0574420710246134,0
12.25669296785243,0.6986014250727287,14.628461165838303,11.08960731677184,3.538853849066463,0.011039289150571268,31,79.73876409746272,3.08943451311654,87.42767794137833,71.31458629122523,16.11309165015311,4.321080517095701,0.15371059424950184,1
29.983593990387746,0.08668118624398838,30.0,29.41374123362534,0.5862587663746588,-0.00010192036548002924,1,105.04566662596227,4.459389608743687,117.72556153463466,94.00536243407329,23.720199100561373,6.238677085889172,0.2854338943053872,2
24.08729236661189,1.3163722795204837,27.298820832039066,21.130068198326395,6.168752633712671,0.008697435521248848,34,104.79779952755254,3.671891574736795,114.99210188026477,98.07745159861979,16.91465028164498,4.627629410179527,0.22984539985912267,2
5.437059760673581,0.3164486468731476,6.140751479532769,4.751550367860119,1.3892011116726497,-0.007810338084225972,29,62.31674772362599,2.692662120170629,68.19930937177955,53.66192059635631,14.537388775423238,2.7808297771772312,0.08724877135016902,0
11.59110282816652,0.8119679835820112,14.377466161273476,10.160942249884634,4.216523911388842,-0.000614297928415894,26,79.98479333313969,3.0110931418016027,87.514260865057,72.90334100905203,14.61091985600497,4.160353748163975,0.14491632971998575,1
8.263939984343395,1.2727870157131147,14.275791742396928,6.5850271744225735,7.690764567974354,0.0009147325583696083,26,80.29839344626049,2.8053507672008187,87.74535596303528,70.97924122707066,16.76611473596462,3.596042579743371,0.10291538257186471,1
28.466235476528986,1.1668136981189057,30.0,25.809334878321692,4.1906651216783075,0.011345804254385918,28,104.54409302943128,4.1862798983466245,114.82963953349156,96.26699438405112,18.562645149440442,5.855011537383514,0.27228927411734194,2
6.810985828635965,0.8429196196721892,9.419328401893003,5.460278091511801,3.959050310381201,0.007930107403473646,29,79.94115367637548,2.733537328089281,86.88020663174436,72.88055929011344,13.999647341630919,3.4278258215670303,0.08519999312255086,1
12.369417525248798,1.3718284335624797,18.175306151717688,10.906500534294644,7.268805617423045,0.00046345585331673795,25,80.15053694016035,2.8218244838242565,88.81917387410978,74.47704834164357,14.342125532466213,3.6233998174864146,0.15432731760931773,1
15.474419787412044,0.46001265696919696,16.847708682053636,13.964445417217503,2.883263264836133,0.004011057079874633,34,79.71953723656324,2.5485968616623578,86.44956587316665,73.44515025617032,13.004415616996326,3.203989246490564,0.19411075540217726,1
20.733422522228825,2.453722566125735,27.79250389069639,17.01365256680137,10.778851323895022,-0.009399054053956014,25,104.83540714889666,4.407420195400698,116.26738645703269,95.70797877031285,20.559407686719837,5.904582521384843,0.19777118140067101,2
2.56625621443937,0.26441316359728545,3.400986000296899,1.9914126240123131,1.409573376284586,-0.005556288943418283,36,62.54946640361452,2.3972804067807933,67.84098178719918,57.00182937419223,10.83915241300695,2.3391850304699626,0.0410276269481245,0
5.586054419398357,0.45500429301509376,7.162018673100082,4.834253686789835,2.327764986310247,0.0024774615784410735,34,61.9150459126237,2.683694896015796,67.16974651909491,55.683159404263044,11.48658711483187,2.959891599198192,0.09022127411583097,0
26.395224697516866,1.2502043834925864,29.456357453656018,23.22844460328102,6.227912850374999,0.016488351912996083,31,105.40461456342378,4.295790789874306,116.20386980052426,94.85535951160195,21.348510288922313,5.907827509644945,0.2504181107859969,2
11.344725953157631,1.234315535240587,16.545800836410766,9.871306853183185,6.674493983227581,-0.017595231479046267,30,80.3912880056765,3.0229193942221575,88.74480953636126,74.1083839193606,14.636425617000654,3.942770204664133,0.1411188462515705,1
10.247347498345649,0.5870754045057748,11.362065540583302,8.654506019428945,2.707559521154357,-0.0030254375259057124,30,79.97804839892747,2.5747562096290935,86.26594951335385,71.49094011026963,14.775009403084212,3.5753905191541855,0.12812699953748896,1
16.839832496184066,1.325512016934209,20.34917705862522,13.063896445960298,7.285280612664922,0.007875296537695479,37,105.22289242734334,4.243770394995072,116.27853920347683,94.72291328153139,21.555625921945435,5.88591330120816,0.16003962586157175,2
9.816272782340658,0.6718455882005486,11.767784278875531,8.359040381789661,3.40874389708587,-0.010281857636653612,32,79.96495452928522,2.9039452526877376,88.88929740660012,72.9807488199163,15.908548586683821,3.75983146876101,0.12275718428613003,1
28.458934906992617,1.1196031840073617,30.0,25.809334878321692,4.1906651216783075,0.01885000933645228,28,104.99182298888765,4.274271313619698,114.82963953349156,96.26699438405112,18.562645149440442,5.773595054086555,0.2710585817616114,2
29.99882394313681,0.011701618041992169,30.0,29.882394313680784,0.11760568631921586,5.7162079759110516e-05,0,105.00594186100741,4.318320535404175,113.38101507369326,90.0933796093859,23.287635464307357,6.233127235767771,0.2856869156714794,2
15.191262307747769,2.401902705368938,25.217059549562954,10.652745438546013,14.564314111016941,-0.02033951104206444,35,106.21320105679496,3.7864862926012277,115.82658128927625,96.32995111381648,19.49663017545977,5.500024035803879,0.14302612117488564,2
3.708474535950107,0.3145024891443186,4.555687624504472,3.0499240733215607,1.5057635511829113,-0.005962003116311711,31,61.706865519413384,2.446722259450315,67.38295890154473,55.24706960212456,12.135889299420164,2.8115722046880776,0.0600982474905511,0
14.84101669057725,1.1739057197965148,17.43704241512962,12.710123215159069,4.726919199970553,-0.0030975952638426876,34,105.27341130349238,4.5304517605475505,119.60145460548779,97.63741415604997,21.964040449437817,6.912462622647292,0.14097592512525509,2
22.060950532286455,1.111648408178008,25.1066705788302,19.35322181131301,5.753448767517192,0.005579761486277884,30,104.05194874614575,4.598523526177589,115.1310771571092,92.91800760563173,22.213069551477474,6.375762790746088,0.21201861748970857,2
5.167183870748798,0.2479495099426948,5.870295822133859,4.560833301948947,1.309462520184912,-0.000603375957452025,34,62.303378974748654,2.6661977674504738,68.94806828061932,55.32591711676167,13.622151163857652,2.3523126499536295,0.08293585151950086,0
24.3805188001955,1.629292814705401,29.243527377352418,20.323165553322706,8.920361824029712,-0.0106947032231152,32,104.9951341739773,4.76548999567184,118.30186752514493,92.98384269969998,25.31802482544495,7.164512700495171,0.2322061756461087,2
9.133566226497681,0.5641728247671955,10.49991337637428,8.00981896303131,2.4900944133429697,0.010082901870735309,32,79.83150769360581,2.6725214149055545,86.9833638084746,73.51717587991502,13.466187928559592,3.924622759295431,0.11441054260357782,1
18.66043551271772,1.4662592109557275,24.058907703666943,14.971604264293976,9.087303439372967,0.00625133560829751,35,104.97693495775462,4.577223189747353,116.52373401053205,94.0853375158341,22.438396494697955,6.283194128657227,0.17775747922598115,2
30.0,0.0,30.0,30.0,0.0,1.3526773354174875e-16,0,104.84327369367097,4.625583142136992,113.99804133693257,93.28562179076705,20.71241954616552,6.670315347466615,0.2861413866330808,2
15.688624822701497,1.6380190486311492,21.487916505755305,12.893216499141626,8.594700006613678,0.016425758041439243,31,105.43318649382452,4.580432352473898,116.66777513490538,94.537407465346,22.130367669559377,6.7071868119439,0.1488015794231813,2
4.98449714162661,0.29388695166216344,6.01353182374401,4.467665425651243,1.545866398092767,0.004420739820960863,32,62.39849277284417,2.479321702597866,68.13565730189072,57.598974975502706,10.53668232638801,2.56362206205688,0.07988169008970315,0
11.742928602580232,0.5991433137294799,13.765316364041329,10.567805290109373,3.197511073931956,-0.0008318049418358973,30,80.32979679129254,2.8921418707632243,86.55442212798722,73.58114020850688,12.973281919480343,3.930469204591595,0.1461839681594857,1
30.0,0.0,30.0,30.0,0.0,1.3526773354174875e-16,0,104.81671507008267,4.336721679664763,121.80687788397893,94.49941900167605,27.307458882302882,5.892145980086405,0.28621388958552535,2
9.067161481168243,0.8779551959471484,11.754401018474672,7.5188481230837905,4.235552895390882,0.015973269674281216,26,80.13707934623473,3.0319424277631466,88.08183781904414,72.23215449851713,15.849683320527006,4.412481887671267,0.11314564296569445,1
15.255894541295472,0.6002709797593565,16.89504309499392,13.473907099609066,3.4211359953848532,0.005281020166536734,38,79.89766723737922,2.9880430381325542,88.30308055269124,73.0262637141919,15.276816838499343,3.820129817978156,0.1909429258432122,1
4.836516688373047,0.2557006500162837,5.335580655837419,4.281696572140241,1.0538840836971781,-0.006493945921018695,36,62.200359545465574,2.5337858780037816,67.6611401537701,55.880774737116546,11.78036541665356,2.3754867924382608,0.07775705230579456,0
29.95325450734093,0.1928265865125712,30.0,28.645471431201344,1.3545285687986564,6.293505349397386e-05,3,104.70194551024683,3.9503397122156065,113.24980721934462,93.77868128647378,19.471125932870834,5.103702873650462,0.2860811618665514,2
3.4252557691577796,0.22069382735669024,3.9806526577317083,2.8958455907233693,1.084807067008339,0.004358562263208243,32,61.28408703953837,2.519506833144346,66.33624787209601,55.378540031887724,10.957707840208286,2.4093226197170208,0.05589143738172172,0
14.034828881341427,0.6389941236141428,16.464309220836153,12.814433433159094,3.6498757876770593,0.009676980122289909,35,79.91960162531733,3.455965950073092,91.51514132222468,71.72754694846577,19.787594373758907,5.076062471593013,0.1756118451581916,1
6.247628285255948,0.22010838488912138,6.997235446133576,5.762259303965129,1.2349761421684473,0.0019441923365457869,31,61.657627418547094,2.651370751854761,68.39012243970437,53.871355799136076,14.518766640568295,2.6317898985898602,0.10132774233296027,0
29.8800062810809,0.32214309716873124,30.0,28.536330496345926,1.4636695036540743,0.0015707450694953011,3,105.05469618653154,4.6351970447694475,116.98868304518305,93.82290915983238,23.165773885350674,6.85989933730345,0.2844233250039927,2
14.345460095841464,1.4045171900162614,20.091697123536527,11.360085845335636,8.73161127820089,0.014460420487582695,29,104.19043430483849,3.9694637614390227,113.75359095067341,94.96420764690063,18.78938330377278,6.112701599824811,0.137685000104566,2
26.69574158509929,1.1517349084861357,29.456357453656018,23.22844460328102,6.227912850374999,0.006951373078037191,32,105.24148358312999,4.212088564006078,116.20386980052426,94.85535951160195,21.348510288922313,5.476139546387656,0.25366177311963317,2
7.135378217836444,0.6825169320600902,9.32221046973494,5.592733481439751,3.7294769882951897,-0.00950936978179457,34,80.15314562583582,2.9525844927499887,91.82352874254846,72.6271786354769,19.196350107071567,3.9379924771784864,0.08902181034944538,1
4.478104356744906,0.4234470944176324,5.781959887425276,3.659840992012896,2.12211889541238,-0.009619414228928619,32,62.26454858267584,2.284985569529645,66.95098471552836,56.46832876101471,10.482655954513653,2.6926055151965858,0.07192060950828542,0
30.0,0.0,30.0,30.0,0.0,1.3526773354174875e-16,0,105.18136829535922,4.641793504484986,116.56200515788939,93.8702609048133,22.69174425307608,6.589257162979644,0.28522161482569375,2
5.7598348568558695,0.5860346908426524,7.651430934381399,4.874409191717876,2.777021742663523,0.011049355276705055,30,61.6489482934126,2.722017617023244,67.85377550523253,55.985884697583195,11.867890807649339,2.1974659111069186,0.09342957054211024,0
21.875345289812117,1.7775263752738686,25.973588480890395,17.913256198511867,8.060332282378528,0.018662306438291688,31,104.39137784798606,4.185893330773385,116.24883101824567,93.94654819586202,22.302282822383646,5.763354320612395,0.20955126305656743,2
2.9179173115373067,0.3899496231605978,4.394917784969549,2.3339313229195118,2.0609864620500375,-0.002852134854667226,30,61.67976609901688,2.2697730603985273,66.77148820303455,57.01483499868886,9.756653204345689,2.4266631491291255,0.04730752803999832,0
4.491108559288774,0.23028428183911853,5.175279000163635,3.904560747563041,1.2707182526005942,0.004006225117669749,34,61.67074767560687,2.4528066133219917,67.6842991653491,55.81121287859274,11.873086286756362,2.3521727977528433,0.07282396688440364,0
8.0344252355928,0.6035906321220708,9.648423678853959,6.647759839838147,3.000663839015812,-0.004785132445621766,32,80.18114399073391,2.6624230167707426,87.68671177876935,74.81126774473864,12.875444034030707,3.6754426874048933,0.10020342359193415,1
20.879207908611292,1.1769214813671758,23.948344905785586,17.231546693069227,6.716798212716359,0.010541301560991223,30,105.07818453480063,4.063070268503394,117.22863951536175,96.03662710378467,21.192012411577082,6.121664621988862,0.19870164109082708,2
6.444660986278434,0.4202288302103669,7.625810340685518,5.6897780832831,1.9360322574024185,0.004476390371455611,32,61.88566642539158,2.5610039239147695,68.37669040617973,57.12127668575179,11.255413720427946,2.4422787589287087,0.1041381834339594,0
8.176591954951629,0.568959414363035,10.04999248134011,6.588105592776835,3.461886888563275,-0.003301471938771903,33,79.9042739812931,2.818197365215403,86.24041293402381,74.10003882524126,12.140374108782552,3.5576381063978304,0.10232984351420375,1
25.02110596020953,2.2089418631171163,30.0,20.323165553322706,9.676834446677294,-0.04325073873098083,29,105.97307759689518,4.567541466127359,118.06344676223979,94.15176558491468,23.911681177325107,7.0390169979941035,0.23610813511784307,2
30.0,0.0,30.0,30.0,0.0,1.3526773354174875e-16,0,105.72742187440917,4.339379376388728,115.92747142321106,94.38024907622179,21.547222346989273,6.238592001441389,0.28374852223189256,2
11.033883037754112,0.545261442128515,12.817654305609418,9.84729096998629,2.9703633356231283,-0.0027971748547045436,30,79.96819560251612,2.7009025824214086,85.64959955255433,74.85549836959679,10.794101182957547,3.755793238377573,0.13797839024178948,1
23.361010918066302,2.0694305426113866,30.0,19.558909722190805,10.441090277809195,0.03450896064432477,35,104.79719880740609,4.315047875339435,114.74737860141784,95.86709499453531,18.88028360688253,5.837838857628428,0.22291636571395645,2
5.77108588119715,0.22640086031989376,6.158343081180811,5.046255833066831,1.1120872481139799,0.004249964952129873,33,61.79932241211378,2.6816770705813004,67.98291726071653,56.87991907254477,11.10299818817176,2.6429373029781615,0.09338428905948044,0
12.998498515674058,0.7133496766170547,15.341145509777116,11.336406298948146,4.004739210828969,0.010756432889203844,35,79.71871848053095,3.2122422446230305,87.899413524088,73.08695335334068,14.812460170747329,4.734612373233491,0.16305453224005403,1
3.3577965234935845,0.33774056821064147,4.585365826172124,2.6245598621476947,1.9608059640244293,-0.003280023948375148,30,62.41459841081016,2.459258784978885,68.43430599336773,57.42500116524918,11.009304828118552,2.1904453439266103,0.05379825481843943,0
30.0,0.0,30.0,30.0,0.0,1.3526773354174875e-16,0,104.99867116516329,4.102137594229252,116.16127502512059,96.37281783364429,19.788457191476297,6.208631440348401,0.2857178989159967,2
17.823990722515386,3.016435590758605,29.02350286374708,13.063896445960298,15.959606417786782,0.029643887205703972,29,104.81345173383619,4.133425572226073,117.5562892261242,94.83011992025196,22.726169305872247,6.185292038241666,0.17005441818406383,2
11.163296677155632,0.5559924049563094,13.227704016368154,10.06669610278473,3.1610079135834237,-0.004830958356162666,37,80.12531660704705,3.141097285757421,87.59586960458871,74.70542540947264,12.890444195116075,3.9495683326481554,0.13932296320999313,1
4.097399229971674,0.26316362764841444,4.944374258618398,3.6076400893461145,1.3367341692722832,0.0013984156973213715,34,62.29476982357441,2.7936792652314604,69.06525280911521,54.260226816507746,14.805025992607462,2.5038334684212655,0.06577436879214077,0
8.726424557367142,0.550608923817086,9.905697824999919,7.166410391845184,2.739287433154735,0.009679291709514998,38,80.30022936542693,2.6207438753960495,88.63024380292526,73.76338602023837,14.866857782686893,3.8153363639871225,0.10867247226633467,1
4.228366775973434,0.22288272807810086,4.887424949694136,3.72773229205814,1.159692657635996,0.004373883027935079,32,62.3700501742719,2.8336303182541127,68.59671155815398,55.93045490856144,12.666256649592547,2.513114042628338,0.06779482614434132,0
17.36254735654878,1.1808755104324506,20.597260227051365,14.027943211787532,6.569317015263833,0.006776478784683979,34,104.94727313472409,4.25443068258838,116.54725914871844,95.3989394225656,21.148319726152835,6.489053185058326,0.16544067008600852,2
12.547337928248503,0.5607726491492718,13.793845732169691,11.02072708554966,2.7731186466200306,0.004828974596050227,33,80.2746779778768,2.847304786557563,88.04190983032578,72.18831171990252,15.853598110423263,4.176329757459703,0.15630505270169276,1
7.0631427702953316,0.6263751014535727,9.499467663351307,6.014851178560253,3.4846164847910543,0.0038687571070634146,30,79.80570978699673,2.8203170980787338,86.74585070565917,73.60645050314199,13.13940020251718,3.7689906424152793,0.08850422733715162,1
8.09117522037321,1.2624259491368166,14.275791742396928,6.5505589614163675,7.72523278098056,-0.005338598945984904,27,80.49884798192211,2.6124027163142287,87.74535596303528,74.05365649779404,13.691699465241243,3.1519714906730303,0.10051293059097369,1
9.170598970894662,0.7870486432475551,12.037584078126516,7.9654820477478285,4.072102030378687,-0.014147761137928068,32,79.95268297531852,2.719972808163448,86.9833638084746,72.32339980796164,14.659964000512971,3.9124893108347156,0.1147003266797852,1
6.191611974470033,0.18279617044270013,6.568052726903033,5.729280524971941,0.8387722019310919,-0.0011936903713581,32,62.36849519180728,2.4199898922303973,67.77059375476131,56.08090974864579,11.68968400611552,2.223821650719373,0.09927467154937372,0
